ISO-10303-21;
HEADER;
FILE_DESCRIPTION(('CoCreate Modeling STEP Export'),'2;1');
FILE_NAME('DF1EC-6P-2.5DSA.stp','2012-07-17T11:41:06',(''),(''),
'CoCreate Modeling STEP processor for AP214 (Solid Model)',
'CoCreate Modeling 17.0  01-Apr-2010 (C) Parametric Technology GmbH','')
;
FILE_SCHEMA(('AUTOMOTIVE_DESIGN { 1 0 10303 214 1 1 1 1 }'));
ENDSEC;
DATA;
#10=CARTESIAN_POINT('',(10.75,0.0499999999999996,9.58));
#20=DIRECTION('',(0.,0.,-1.));
#30=DIRECTION('',(1.,0.,0.));
#40=AXIS2_PLACEMENT_3D('',#10,#20,#30);
#50=PLANE('',#40);
#60=CARTESIAN_POINT('',(8.75,-0.400000000000001,9.58));
#70=DIRECTION('',(-1.,0.,0.));
#80=VECTOR('',#70,1.);
#90=LINE('',#60,#80);
#100=CARTESIAN_POINT('',(11.05,-0.400000000000001,9.58));
#110=VERTEX_POINT('',#100);
#120=CARTESIAN_POINT('',(9.95,-0.400000000000001,9.58));
#130=VERTEX_POINT('',#120);
#140=EDGE_CURVE('',#110,#130,#90,.T.);
#150=ORIENTED_EDGE('',*,*,#140,.T.);
#160=CARTESIAN_POINT('',(11.05,0.,9.58));
#170=DIRECTION('',(0.,-1.,0.));
#180=VECTOR('',#170,1.);
#190=LINE('',#160,#180);
#200=CARTESIAN_POINT('',(11.05,-0.200000000000001,9.58));
#210=VERTEX_POINT('',#200);
#220=EDGE_CURVE('',#210,#110,#190,.T.);
#230=ORIENTED_EDGE('',*,*,#220,.T.);
#240=CARTESIAN_POINT('',(8.75,-0.200000000000001,9.58));
#250=DIRECTION('',(-1.,0.,0.));
#260=VECTOR('',#250,1.);
#270=LINE('',#240,#260);
#280=CARTESIAN_POINT('',(11.55,-0.200000000000001,9.58));
#290=VERTEX_POINT('',#280);
#300=EDGE_CURVE('',#290,#210,#270,.T.);
#310=ORIENTED_EDGE('',*,*,#300,.T.);
#320=CARTESIAN_POINT('',(11.55,0.0999999999999991,9.58));
#330=DIRECTION('',(0.,0.,-1.));
#340=DIRECTION('',(1.,0.,0.));
#350=AXIS2_PLACEMENT_3D('',#320,#330,#340);
#360=CIRCLE('',#350,0.3);
#370=CARTESIAN_POINT('',(11.25,0.0999999999999991,9.58));
#380=VERTEX_POINT('',#370);
#390=EDGE_CURVE('',#290,#380,#360,.T.);
#400=ORIENTED_EDGE('',*,*,#390,.F.);
#410=CARTESIAN_POINT('',(9.95,0.0999999999999991,9.58));
#420=DIRECTION('',(1.,0.,0.));
#430=VECTOR('',#420,1.);
#440=LINE('',#410,#430);
#450=CARTESIAN_POINT('',(9.95,0.0999999999999991,9.58));
#460=VERTEX_POINT('',#450);
#470=EDGE_CURVE('',#460,#380,#440,.T.);
#480=ORIENTED_EDGE('',*,*,#470,.T.);
#490=CARTESIAN_POINT('',(9.95,-0.740000000000001,9.58));
#500=DIRECTION('',(0.,1.,0.));
#510=VECTOR('',#500,1.);
#520=LINE('',#490,#510);
#530=EDGE_CURVE('',#130,#460,#520,.T.);
#540=ORIENTED_EDGE('',*,*,#530,.T.);
#550=EDGE_LOOP('',(#540,#480,#400,#310,#230,#150));
#560=FACE_OUTER_BOUND('',#550,.T.);
#570=ADVANCED_FACE('',(#560),#50,.T.);
#580=CARTESIAN_POINT('',(4.725,-5.45,0.));
#590=DIRECTION('',(0.,0.,-1.));
#600=DIRECTION('',(1.,0.,0.));
#610=AXIS2_PLACEMENT_3D('',#580,#590,#600);
#620=PLANE('',#610);
#630=CARTESIAN_POINT('',(5.75,0.,0.));
#640=DIRECTION('',(0.,1.,0.));
#650=VECTOR('',#640,1.);
#660=LINE('',#630,#650);
#670=CARTESIAN_POINT('',(5.75,-7.4,-5.5511151231258E-17));
#680=VERTEX_POINT('',#670);
#690=CARTESIAN_POINT('',(5.75,-5.9,0.));
#700=VERTEX_POINT('',#690);
#710=EDGE_CURVE('',#680,#700,#660,.T.);
#720=ORIENTED_EDGE('',*,*,#710,.T.);
#730=CARTESIAN_POINT('',(0.,-7.4,0.));
#740=DIRECTION('',(-1.,0.,0.));
#750=VECTOR('',#740,1.);
#760=LINE('',#730,#750);
#770=CARTESIAN_POINT('',(7.35,-7.4,5.5511151231258E-17));
#780=VERTEX_POINT('',#770);
#790=EDGE_CURVE('',#780,#680,#760,.T.);
#800=ORIENTED_EDGE('',*,*,#790,.T.);
#810=CARTESIAN_POINT('',(7.35,0.,0.));
#820=DIRECTION('',(0.,1.,0.));
#830=VECTOR('',#820,1.);
#840=LINE('',#810,#830);
#850=CARTESIAN_POINT('',(7.35,-5.9,2.22044604925032E-16));
#860=VERTEX_POINT('',#850);
#870=EDGE_CURVE('',#780,#860,#840,.T.);
#880=ORIENTED_EDGE('',*,*,#870,.F.);
#890=CARTESIAN_POINT('',(0.,-5.9,0.));
#900=DIRECTION('',(-1.,0.,0.));
#910=VECTOR('',#900,1.);
#920=LINE('',#890,#910);
#930=EDGE_CURVE('',#860,#700,#920,.T.);
#940=ORIENTED_EDGE('',*,*,#930,.F.);
#950=EDGE_LOOP('',(#940,#880,#800,#720));
#960=FACE_OUTER_BOUND('',#950,.T.);
#970=ADVANCED_FACE('',(#960),#620,.T.);
#980=CARTESIAN_POINT('',(12.35,0.0499999999999996,9.58));
#990=DIRECTION('',(0.,0.,1.));
#1000=DIRECTION('',(-1.,0.,0.));
#1010=AXIS2_PLACEMENT_3D('',#980,#990,#1000);
#1020=PLANE('',#1010);
#1030=CARTESIAN_POINT('',(13.15,-0.740000000000001,9.58));
#1040=DIRECTION('',(0.,1.,0.));
#1050=VECTOR('',#1040,1.);
#1060=LINE('',#1030,#1050);
#1070=CARTESIAN_POINT('',(13.15,-0.400000000000001,9.58));
#1080=VERTEX_POINT('',#1070);
#1090=CARTESIAN_POINT('',(13.15,0.0999999999999991,9.58));
#1100=VERTEX_POINT('',#1090);
#1110=EDGE_CURVE('',#1080,#1100,#1060,.T.);
#1120=ORIENTED_EDGE('',*,*,#1110,.F.);
#1130=CARTESIAN_POINT('',(13.15,0.0999999999999991,9.58));
#1140=DIRECTION('',(-1.,0.,0.));
#1150=VECTOR('',#1140,1.);
#1160=LINE('',#1130,#1150);
#1170=CARTESIAN_POINT('',(11.85,0.0999999999999991,9.58));
#1180=VERTEX_POINT('',#1170);
#1190=EDGE_CURVE('',#1100,#1180,#1160,.T.);
#1200=ORIENTED_EDGE('',*,*,#1190,.F.);
#1210=CARTESIAN_POINT('',(11.55,0.0999999999999991,9.58));
#1220=DIRECTION('',(0.,0.,1.));
#1230=DIRECTION('',(-1.,0.,0.));
#1240=AXIS2_PLACEMENT_3D('',#1210,#1220,#1230);
#1250=CIRCLE('',#1240,0.3);
#1260=EDGE_CURVE('',#290,#1180,#1250,.T.);
#1270=ORIENTED_EDGE('',*,*,#1260,.T.);
#1280=CARTESIAN_POINT('',(14.35,-0.200000000000001,9.58));
#1290=DIRECTION('',(1.,0.,0.));
#1300=VECTOR('',#1290,1.);
#1310=LINE('',#1280,#1300);
#1320=CARTESIAN_POINT('',(12.05,-0.200000000000001,9.58));
#1330=VERTEX_POINT('',#1320);
#1340=EDGE_CURVE('',#290,#1330,#1310,.T.);
#1350=ORIENTED_EDGE('',*,*,#1340,.F.);
#1360=CARTESIAN_POINT('',(12.05,0.,9.58));
#1370=DIRECTION('',(0.,-1.,0.));
#1380=VECTOR('',#1370,1.);
#1390=LINE('',#1360,#1380);
#1400=CARTESIAN_POINT('',(12.05,-0.400000000000001,9.58));
#1410=VERTEX_POINT('',#1400);
#1420=EDGE_CURVE('',#1330,#1410,#1390,.T.);
#1430=ORIENTED_EDGE('',*,*,#1420,.F.);
#1440=CARTESIAN_POINT('',(14.35,-0.400000000000001,9.58));
#1450=DIRECTION('',(1.,0.,0.));
#1460=VECTOR('',#1450,1.);
#1470=LINE('',#1440,#1460);
#1480=EDGE_CURVE('',#1410,#1080,#1470,.T.);
#1490=ORIENTED_EDGE('',*,*,#1480,.F.);
#1500=EDGE_LOOP('',(#1490,#1430,#1350,#1270,#1200,#1120));
#1510=FACE_OUTER_BOUND('',#1500,.T.);
#1520=ADVANCED_FACE('',(#1510),#1020,.F.);
#1530=CARTESIAN_POINT('',(12.05,-0.660000000000001,-1.0800024));
#1540=DIRECTION('',(-1.,0.,0.));
#1550=DIRECTION('',(0.,1.,0.));
#1560=AXIS2_PLACEMENT_3D('',#1530,#1540,#1550);
#1570=PLANE('',#1560);
#1580=ORIENTED_EDGE('',*,*,#1420,.T.);
#1590=CARTESIAN_POINT('',(12.05,-0.200000000000001,-1.0800024));
#1600=DIRECTION('',(0.,0.,1.));
#1610=VECTOR('',#1600,1.);
#1620=LINE('',#1590,#1610);
#1630=CARTESIAN_POINT('',(12.05,-0.200000000000001,10.7));
#1640=VERTEX_POINT('',#1630);
#1650=EDGE_CURVE('',#1330,#1640,#1620,.T.);
#1660=ORIENTED_EDGE('',*,*,#1650,.F.);
#1670=CARTESIAN_POINT('',(12.05,-10.9,0.));
#1680=DIRECTION('',(0.,0.707106781186547,0.707106781186548));
#1690=VECTOR('',#1680,1.);
#1700=LINE('',#1670,#1690);
#1710=CARTESIAN_POINT('',(12.05,-0.400000000000001,10.5));
#1720=VERTEX_POINT('',#1710);
#1730=EDGE_CURVE('',#1720,#1640,#1700,.T.);
#1740=ORIENTED_EDGE('',*,*,#1730,.T.);
#1750=CARTESIAN_POINT('',(12.05,-0.400000000000001,0.));
#1760=DIRECTION('',(0.,0.,1.));
#1770=VECTOR('',#1760,1.);
#1780=LINE('',#1750,#1770);
#1790=EDGE_CURVE('',#1410,#1720,#1780,.T.);
#1800=ORIENTED_EDGE('',*,*,#1790,.T.);
#1810=EDGE_LOOP('',(#1800,#1740,#1660,#1580));
#1820=FACE_OUTER_BOUND('',#1810,.T.);
#1830=ADVANCED_FACE('',(#1820),#1570,.T.);
#1840=CARTESIAN_POINT('',(12.05,-0.200000000000001,-1.0800024));
#1850=DIRECTION('',(-0.,-1.,-0.));
#1860=DIRECTION('',(-1.,0.,0.));
#1870=AXIS2_PLACEMENT_3D('',#1840,#1850,#1860);
#1880=PLANE('',#1870);
#1890=ORIENTED_EDGE('',*,*,#1340,.T.);
#1900=ORIENTED_EDGE('',*,*,#300,.F.);
#1910=CARTESIAN_POINT('',(11.05,-0.200000000000001,-1.0800024));
#1920=DIRECTION('',(0.,0.,1.));
#1930=VECTOR('',#1920,1.);
#1940=LINE('',#1910,#1930);
#1950=CARTESIAN_POINT('',(11.05,-0.200000000000001,10.7));
#1960=VERTEX_POINT('',#1950);
#1970=EDGE_CURVE('',#210,#1960,#1940,.T.);
#1980=ORIENTED_EDGE('',*,*,#1970,.F.);
#1990=CARTESIAN_POINT('',(14.35,-0.200000000000001,10.7));
#2000=DIRECTION('',(-1.,0.,0.));
#2010=VECTOR('',#2000,1.);
#2020=LINE('',#1990,#2010);
#2030=EDGE_CURVE('',#1640,#1960,#2020,.T.);
#2040=ORIENTED_EDGE('',*,*,#2030,.T.);
#2050=ORIENTED_EDGE('',*,*,#1650,.T.);
#2060=EDGE_LOOP('',(#2050,#2040,#1980,#1900,#1890));
#2070=FACE_OUTER_BOUND('',#2060,.T.);
#2080=ADVANCED_FACE('',(#2070),#1880,.T.);
#2090=CARTESIAN_POINT('',(11.05,-0.660000000000001,-1.0800024));
#2100=DIRECTION('',(-1.,0.,0.));
#2110=DIRECTION('',(0.,1.,0.));
#2120=AXIS2_PLACEMENT_3D('',#2090,#2100,#2110);
#2130=PLANE('',#2120);
#2140=CARTESIAN_POINT('',(11.05,-0.400000000000001,0.));
#2150=DIRECTION('',(0.,0.,1.));
#2160=VECTOR('',#2150,1.);
#2170=LINE('',#2140,#2160);
#2180=CARTESIAN_POINT('',(11.05,-0.400000000000001,10.5));
#2190=VERTEX_POINT('',#2180);
#2200=EDGE_CURVE('',#110,#2190,#2170,.T.);
#2210=ORIENTED_EDGE('',*,*,#2200,.F.);
#2220=CARTESIAN_POINT('',(11.05,-10.9,0.));
#2230=DIRECTION('',(0.,0.707106781186547,0.707106781186548));
#2240=VECTOR('',#2230,1.);
#2250=LINE('',#2220,#2240);
#2260=EDGE_CURVE('',#2190,#1960,#2250,.T.);
#2270=ORIENTED_EDGE('',*,*,#2260,.F.);
#2280=ORIENTED_EDGE('',*,*,#1970,.T.);
#2290=ORIENTED_EDGE('',*,*,#220,.F.);
#2300=EDGE_LOOP('',(#2290,#2280,#2270,#2210));
#2310=FACE_OUTER_BOUND('',#2300,.T.);
#2320=ADVANCED_FACE('',(#2310),#2130,.F.);
#2330=CARTESIAN_POINT('',(9.55,-0.400000000000001,-1.0800024));
#2340=DIRECTION('',(-0.,1.,0.));
#2350=DIRECTION('',(1.,0.,0.));
#2360=AXIS2_PLACEMENT_3D('',#2330,#2340,#2350);
#2370=PLANE('',#2360);
#2380=ORIENTED_EDGE('',*,*,#140,.F.);
#2390=CARTESIAN_POINT('',(9.95,-0.400000000000001,0.));
#2400=DIRECTION('',(0.,0.,1.));
#2410=VECTOR('',#2400,1.);
#2420=LINE('',#2390,#2410);
#2430=CARTESIAN_POINT('',(9.95,-0.400000000000001,1.5));
#2440=VERTEX_POINT('',#2430);
#2450=EDGE_CURVE('',#2440,#130,#2420,.T.);
#2460=ORIENTED_EDGE('',*,*,#2450,.T.);
#2470=CARTESIAN_POINT('',(8.75,-0.400000000000001,1.5));
#2480=DIRECTION('',(-1.,0.,0.));
#2490=VECTOR('',#2480,1.);
#2500=LINE('',#2470,#2490);
#2510=CARTESIAN_POINT('',(9.55,-0.400000000000001,1.5));
#2520=VERTEX_POINT('',#2510);
#2530=EDGE_CURVE('',#2440,#2520,#2500,.T.);
#2540=ORIENTED_EDGE('',*,*,#2530,.F.);
#2550=CARTESIAN_POINT('',(9.55,-0.400000000000001,0.));
#2560=DIRECTION('',(0.,0.,-1.));
#2570=VECTOR('',#2560,1.);
#2580=LINE('',#2550,#2570);
#2590=CARTESIAN_POINT('',(9.55,-0.400000000000002,10.5));
#2600=VERTEX_POINT('',#2590);
#2610=EDGE_CURVE('',#2600,#2520,#2580,.T.);
#2620=ORIENTED_EDGE('',*,*,#2610,.T.);
#2630=CARTESIAN_POINT('',(10.3,-0.400000000000001,10.5));
#2640=DIRECTION('',(-1.,0.,0.));
#2650=VECTOR('',#2640,1.);
#2660=LINE('',#2630,#2650);
#2670=EDGE_CURVE('',#2190,#2600,#2660,.T.);
#2680=ORIENTED_EDGE('',*,*,#2670,.T.);
#2690=ORIENTED_EDGE('',*,*,#2200,.T.);
#2700=EDGE_LOOP('',(#2690,#2680,#2620,#2540,#2460,#2380));
#2710=FACE_OUTER_BOUND('',#2700,.T.);
#2720=ADVANCED_FACE('',(#2710),#2370,.F.);
#2730=CARTESIAN_POINT('',(13.15,0.0999999999999991,2.));
#2740=DIRECTION('',(0.,-1.,0.));
#2750=DIRECTION('',(1.,0.,0.));
#2760=AXIS2_PLACEMENT_3D('',#2730,#2740,#2750);
#2770=PLANE('',#2760);
#2780=CARTESIAN_POINT('',(11.85,0.0999999999999991,2.));
#2790=DIRECTION('',(0.,0.,-1.));
#2800=VECTOR('',#2790,1.);
#2810=LINE('',#2780,#2800);
#2820=CARTESIAN_POINT('',(11.85,0.0999999999999991,2.));
#2830=VERTEX_POINT('',#2820);
#2840=EDGE_CURVE('',#1180,#2830,#2810,.T.);
#2850=ORIENTED_EDGE('',*,*,#2840,.T.);
#2860=ORIENTED_EDGE('',*,*,#1190,.T.);
#2870=CARTESIAN_POINT('',(13.15,0.0999999999999991,2.));
#2880=DIRECTION('',(0.,0.,1.));
#2890=VECTOR('',#2880,1.);
#2900=LINE('',#2870,#2890);
#2910=CARTESIAN_POINT('',(13.15,0.0999999999999991,2.));
#2920=VERTEX_POINT('',#2910);
#2930=EDGE_CURVE('',#2920,#1100,#2900,.T.);
#2940=ORIENTED_EDGE('',*,*,#2930,.T.);
#2950=CARTESIAN_POINT('',(14.35,0.0999999999999991,2.));
#2960=DIRECTION('',(1.,0.,0.));
#2970=VECTOR('',#2960,1.);
#2980=LINE('',#2950,#2970);
#2990=EDGE_CURVE('',#2830,#2920,#2980,.T.);
#3000=ORIENTED_EDGE('',*,*,#2990,.T.);
#3010=EDGE_LOOP('',(#3000,#2940,#2860,#2850));
#3020=FACE_OUTER_BOUND('',#3010,.T.);
#3030=ADVANCED_FACE('',(#3020),#2770,.T.);
#3040=CARTESIAN_POINT('',(9.55,-1.,-1.0800024));
#3050=DIRECTION('',(-1.,0.,0.));
#3060=DIRECTION('',(0.,1.,0.));
#3070=AXIS2_PLACEMENT_3D('',#3040,#3050,#3060);
#3080=PLANE('',#3070);
#3090=CARTESIAN_POINT('',(9.55,-13.,0.));
#3100=DIRECTION('',(0.,-0.707106781186546,-0.707106781186549));
#3110=VECTOR('',#3100,1.);
#3120=LINE('',#3090,#3110);
#3130=CARTESIAN_POINT('',(9.55,-2.2,10.8));
#3140=VERTEX_POINT('',#3130);
#3150=CARTESIAN_POINT('',(9.55,-2.5,10.5));
#3160=VERTEX_POINT('',#3150);
#3170=EDGE_CURVE('',#3140,#3160,#3120,.T.);
#3180=ORIENTED_EDGE('',*,*,#3170,.T.);
#3190=CARTESIAN_POINT('',(9.55,0.,10.8));
#3200=DIRECTION('',(0.,-1.,0.));
#3210=VECTOR('',#3200,1.);
#3220=LINE('',#3190,#3210);
#3230=CARTESIAN_POINT('',(9.55,-0.100000000000001,10.8));
#3240=VERTEX_POINT('',#3230);
#3250=EDGE_CURVE('',#3240,#3140,#3220,.T.);
#3260=ORIENTED_EDGE('',*,*,#3250,.T.);
#3270=CARTESIAN_POINT('',(9.55,-10.9,0.));
#3280=DIRECTION('',(0.,0.707106781186547,0.707106781186548));
#3290=VECTOR('',#3280,1.);
#3300=LINE('',#3270,#3290);
#3310=EDGE_CURVE('',#2600,#3240,#3300,.T.);
#3320=ORIENTED_EDGE('',*,*,#3310,.T.);
#3330=ORIENTED_EDGE('',*,*,#2610,.F.);
#3340=CARTESIAN_POINT('',(9.55,0.,1.5));
#3350=DIRECTION('',(0.,-1.,0.));
#3360=VECTOR('',#3350,1.);
#3370=LINE('',#3340,#3360);
#3380=CARTESIAN_POINT('',(9.55,-0.9,1.5));
#3390=VERTEX_POINT('',#3380);
#3400=EDGE_CURVE('',#2520,#3390,#3370,.T.);
#3410=ORIENTED_EDGE('',*,*,#3400,.F.);
#3420=CARTESIAN_POINT('',(9.55,-0.9,-1.0800024));
#3430=DIRECTION('',(0.,0.,1.));
#3440=VECTOR('',#3430,1.);
#3450=LINE('',#3420,#3440);
#3460=CARTESIAN_POINT('',(9.55,-0.9,2.5));
#3470=VERTEX_POINT('',#3460);
#3480=EDGE_CURVE('',#3390,#3470,#3450,.T.);
#3490=ORIENTED_EDGE('',*,*,#3480,.F.);
#3500=CARTESIAN_POINT('',(9.55,-0.500000000000001,2.5));
#3510=DIRECTION('',(0.,-1.,0.));
#3520=VECTOR('',#3510,1.);
#3530=LINE('',#3500,#3520);
#3540=CARTESIAN_POINT('',(9.55,-2.5,2.5));
#3550=VERTEX_POINT('',#3540);
#3560=EDGE_CURVE('',#3470,#3550,#3530,.T.);
#3570=ORIENTED_EDGE('',*,*,#3560,.F.);
#3580=CARTESIAN_POINT('',(9.55,-2.5,0.));
#3590=DIRECTION('',(0.,0.,-1.));
#3600=VECTOR('',#3590,1.);
#3610=LINE('',#3580,#3600);
#3620=EDGE_CURVE('',#3160,#3550,#3610,.T.);
#3630=ORIENTED_EDGE('',*,*,#3620,.T.);
#3640=EDGE_LOOP('',(#3630,#3570,#3490,#3410,#3330,#3320,#3260,#3180));
#3650=FACE_OUTER_BOUND('',#3640,.T.);
#3660=ADVANCED_FACE('',(#3650),#3080,.F.);
#3670=CARTESIAN_POINT('',(12.36,-0.9,-1.0800024));
#3680=DIRECTION('',(-0.,-1.,-0.));
#3690=DIRECTION('',(-1.,0.,0.));
#3700=AXIS2_PLACEMENT_3D('',#3670,#3680,#3690);
#3710=PLANE('',#3700);
#3720=ORIENTED_EDGE('',*,*,#3480,.T.);
#3730=CARTESIAN_POINT('',(8.75,-0.9,1.5));
#3740=DIRECTION('',(1.,0.,0.));
#3750=VECTOR('',#3740,1.);
#3760=LINE('',#3730,#3750);
#3770=CARTESIAN_POINT('',(13.55,-0.9,1.5));
#3780=VERTEX_POINT('',#3770);
#3790=EDGE_CURVE('',#3390,#3780,#3760,.T.);
#3800=ORIENTED_EDGE('',*,*,#3790,.F.);
#3810=CARTESIAN_POINT('',(13.55,-0.9,-1.0800024));
#3820=DIRECTION('',(0.,0.,1.));
#3830=VECTOR('',#3820,1.);
#3840=LINE('',#3810,#3830);
#3850=CARTESIAN_POINT('',(13.55,-0.9,2.5));
#3860=VERTEX_POINT('',#3850);
#3870=EDGE_CURVE('',#3780,#3860,#3840,.T.);
#3880=ORIENTED_EDGE('',*,*,#3870,.F.);
#3890=CARTESIAN_POINT('',(14.35,-0.9,2.5));
#3900=DIRECTION('',(-1.,0.,0.));
#3910=VECTOR('',#3900,1.);
#3920=LINE('',#3890,#3910);
#3930=EDGE_CURVE('',#3860,#3470,#3920,.T.);
#3940=ORIENTED_EDGE('',*,*,#3930,.F.);
#3950=EDGE_LOOP('',(#3940,#3880,#3800,#3720));
#3960=FACE_OUTER_BOUND('',#3950,.T.);
#3970=ADVANCED_FACE('',(#3960),#3710,.F.);
#3980=CARTESIAN_POINT('',(0.,-1.,1.));
#3990=DIRECTION('',(-1.,0.,0.));
#4000=DIRECTION('',(0.,1.,0.));
#4010=AXIS2_PLACEMENT_3D('',#3980,#3990,#4000);
#4020=CYLINDRICAL_SURFACE('',#4010,0.5);
#4030=CARTESIAN_POINT('',(9.15,-1.,1.));
#4040=DIRECTION('',(-1.,0.,0.));
#4050=DIRECTION('',(0.,1.,0.));
#4060=AXIS2_PLACEMENT_3D('',#4030,#4040,#4050);
#4070=CIRCLE('',#4060,0.5);
#4080=CARTESIAN_POINT('',(9.15,-1.5,1.));
#4090=VERTEX_POINT('',#4080);
#4100=CARTESIAN_POINT('',(9.15,-1.,1.5));
#4110=VERTEX_POINT('',#4100);
#4120=EDGE_CURVE('',#4090,#4110,#4070,.T.);
#4130=ORIENTED_EDGE('',*,*,#4120,.T.);
#4140=CARTESIAN_POINT('',(0.,-1.5,1.));
#4150=DIRECTION('',(-1.,0.,0.));
#4160=VECTOR('',#4150,1.);
#4170=LINE('',#4140,#4160);
#4180=CARTESIAN_POINT('',(13.95,-1.5,1.));
#4190=VERTEX_POINT('',#4180);
#4200=EDGE_CURVE('',#4190,#4090,#4170,.T.);
#4210=ORIENTED_EDGE('',*,*,#4200,.T.);
#4220=CARTESIAN_POINT('',(13.95,-1.,0.999999999999999));
#4230=DIRECTION('',(1.,0.,0.));
#4240=DIRECTION('',(0.,-1.,0.));
#4250=AXIS2_PLACEMENT_3D('',#4220,#4230,#4240);
#4260=CIRCLE('',#4250,0.5);
#4270=CARTESIAN_POINT('',(13.95,-1.,1.5));
#4280=VERTEX_POINT('',#4270);
#4290=EDGE_CURVE('',#4280,#4190,#4260,.T.);
#4300=ORIENTED_EDGE('',*,*,#4290,.T.);
#4310=CARTESIAN_POINT('',(0.,-1.,1.5));
#4320=DIRECTION('',(-1.,0.,0.));
#4330=VECTOR('',#4320,1.);
#4340=LINE('',#4310,#4330);
#4350=EDGE_CURVE('',#4280,#4110,#4340,.T.);
#4360=ORIENTED_EDGE('',*,*,#4350,.F.);
#4370=EDGE_LOOP('',(#4360,#4300,#4210,#4130));
#4380=FACE_OUTER_BOUND('',#4370,.T.);
#4390=ADVANCED_FACE('',(#4380),#4020,.F.);
#4400=CARTESIAN_POINT('',(10.98,-4.52,2.));
#4410=DIRECTION('',(0.,-1.,5.55111512312578E-17));
#4420=DIRECTION('',(-1.,0.,0.));
#4430=AXIS2_PLACEMENT_3D('',#4400,#4410,#4420);
#4440=PLANE('',#4430);
#4450=CARTESIAN_POINT('',(10.3,-4.52,-3.25));
#4460=DIRECTION('',(1.,0.,0.));
#4470=VECTOR('',#4460,1.);
#4480=LINE('',#4450,#4470);
#4490=CARTESIAN_POINT('',(9.98,-4.52,-3.25));
#4500=VERTEX_POINT('',#4490);
#4510=CARTESIAN_POINT('',(10.62,-4.52,-3.25));
#4520=VERTEX_POINT('',#4510);
#4530=EDGE_CURVE('',#4500,#4520,#4480,.T.);
#4540=ORIENTED_EDGE('',*,*,#4530,.T.);
#4550=CARTESIAN_POINT('',(9.98,-4.52,7.));
#4560=DIRECTION('',(0.,-5.55111512312578E-17,-1.));
#4570=VECTOR('',#4560,1.);
#4580=LINE('',#4550,#4570);
#4590=CARTESIAN_POINT('',(9.98,-4.52,0.5));
#4600=VERTEX_POINT('',#4590);
#4610=EDGE_CURVE('',#4600,#4500,#4580,.T.);
#4620=ORIENTED_EDGE('',*,*,#4610,.T.);
#4630=CARTESIAN_POINT('',(7.5,-4.52,0.5));
#4640=DIRECTION('',(1.,0.,0.));
#4650=VECTOR('',#4640,1.);
#4660=LINE('',#4630,#4650);
#4670=CARTESIAN_POINT('',(10.,-4.52,0.5));
#4680=VERTEX_POINT('',#4670);
#4690=EDGE_CURVE('',#4600,#4680,#4660,.T.);
#4700=ORIENTED_EDGE('',*,*,#4690,.F.);
#4710=CARTESIAN_POINT('',(10.,-4.52,0.));
#4720=DIRECTION('',(0.,-5.55111512312578E-17,-1.));
#4730=VECTOR('',#4720,1.);
#4740=LINE('',#4710,#4730);
#4750=CARTESIAN_POINT('',(10.,-4.52,1.));
#4760=VERTEX_POINT('',#4750);
#4770=EDGE_CURVE('',#4760,#4680,#4740,.T.);
#4780=ORIENTED_EDGE('',*,*,#4770,.T.);
#4790=CARTESIAN_POINT('',(7.5,-4.52,1.));
#4800=DIRECTION('',(1.,0.,0.));
#4810=VECTOR('',#4800,1.);
#4820=LINE('',#4790,#4810);
#4830=CARTESIAN_POINT('',(10.6,-4.52,1.));
#4840=VERTEX_POINT('',#4830);
#4850=EDGE_CURVE('',#4760,#4840,#4820,.T.);
#4860=ORIENTED_EDGE('',*,*,#4850,.F.);
#4870=CARTESIAN_POINT('',(10.6,-4.52,0.));
#4880=DIRECTION('',(0.,-5.55111512312578E-17,-1.));
#4890=VECTOR('',#4880,1.);
#4900=LINE('',#4870,#4890);
#4910=CARTESIAN_POINT('',(10.6,-4.52,0.5));
#4920=VERTEX_POINT('',#4910);
#4930=EDGE_CURVE('',#4840,#4920,#4900,.T.);
#4940=ORIENTED_EDGE('',*,*,#4930,.F.);
#4950=CARTESIAN_POINT('',(7.5,-4.52,0.5));
#4960=DIRECTION('',(1.,0.,0.));
#4970=VECTOR('',#4960,1.);
#4980=LINE('',#4950,#4970);
#4990=CARTESIAN_POINT('',(10.62,-4.52,0.5));
#5000=VERTEX_POINT('',#4990);
#5010=EDGE_CURVE('',#4920,#5000,#4980,.T.);
#5020=ORIENTED_EDGE('',*,*,#5010,.F.);
#5030=CARTESIAN_POINT('',(10.62,-4.52,7.));
#5040=DIRECTION('',(0.,-5.55111512312578E-17,-1.));
#5050=VECTOR('',#5040,1.);
#5060=LINE('',#5030,#5050);
#5070=EDGE_CURVE('',#5000,#4520,#5060,.T.);
#5080=ORIENTED_EDGE('',*,*,#5070,.F.);
#5090=EDGE_LOOP('',(#5080,#5020,#4940,#4860,#4780,#4700,#4620,#4540));
#5100=FACE_OUTER_BOUND('',#5090,.T.);
#5110=ADVANCED_FACE('',(#5100),#4440,.T.);
#5120=CARTESIAN_POINT('',(8.1,-4.5,0.5));
#5130=DIRECTION('',(1.,0.,0.));
#5140=DIRECTION('',(0.,1.,0.));
#5150=AXIS2_PLACEMENT_3D('',#5120,#5130,#5140);
#5160=PLANE('',#5150);
#5170=CARTESIAN_POINT('',(8.1,-5.05,0.5));
#5180=DIRECTION('',(0.,1.,0.));
#5190=VECTOR('',#5180,1.);
#5200=LINE('',#5170,#5190);
#5210=CARTESIAN_POINT('',(8.1,-5.04753115459079,0.50000020222733));
#5220=VERTEX_POINT('',#5210);
#5230=CARTESIAN_POINT('',(8.1,-4.52,0.5));
#5240=VERTEX_POINT('',#5230);
#5250=EDGE_CURVE('',#5220,#5240,#5200,.T.);
#5260=ORIENTED_EDGE('',*,*,#5250,.F.);
#5270=CARTESIAN_POINT('',(8.1,-4.52,0.));
#5280=DIRECTION('',(0.,-5.55111512312578E-17,-1.));
#5290=VECTOR('',#5280,1.);
#5300=LINE('',#5270,#5290);
#5310=CARTESIAN_POINT('',(8.1,-4.52,1.));
#5320=VERTEX_POINT('',#5310);
#5330=EDGE_CURVE('',#5320,#5240,#5300,.T.);
#5340=ORIENTED_EDGE('',*,*,#5330,.T.);
#5350=CARTESIAN_POINT('',(8.1,-4.55,1.));
#5360=DIRECTION('',(0.,1.,0.));
#5370=VECTOR('',#5360,1.);
#5380=LINE('',#5350,#5370);
#5390=CARTESIAN_POINT('',(8.1,-4.55,1.));
#5400=VERTEX_POINT('',#5390);
#5410=EDGE_CURVE('',#5400,#5320,#5380,.T.);
#5420=ORIENTED_EDGE('',*,*,#5410,.T.);
#5430=CARTESIAN_POINT('',(8.1,-4.55,0.5));
#5440=DIRECTION('',(0.,0.,1.));
#5450=VECTOR('',#5440,1.);
#5460=LINE('',#5430,#5450);
#5470=CARTESIAN_POINT('',(8.1,-4.55,0.999994106992523));
#5480=VERTEX_POINT('',#5470);
#5490=EDGE_CURVE('',#5480,#5400,#5460,.T.);
#5500=ORIENTED_EDGE('',*,*,#5490,.T.);
#5510=CARTESIAN_POINT('',(8.1,-5.05,0.999993904760263));
#5520=DIRECTION('',(-1.,0.,0.));
#5530=DIRECTION('',(0.,1.,0.));
#5540=AXIS2_PLACEMENT_3D('',#5510,#5520,#5530);
#5550=CIRCLE('',#5540,0.5);
#5560=EDGE_CURVE('',#5480,#5220,#5550,.T.);
#5570=ORIENTED_EDGE('',*,*,#5560,.F.);
#5580=EDGE_LOOP('',(#5570,#5500,#5420,#5340,#5260));
#5590=FACE_OUTER_BOUND('',#5580,.T.);
#5600=ADVANCED_FACE('',(#5590),#5160,.F.);
#5610=CARTESIAN_POINT('',(11.55,-5.41,10.8));
#5620=DIRECTION('',(0.,0.,1.));
#5630=DIRECTION('',(1.,0.,0.));
#5640=AXIS2_PLACEMENT_3D('',#5610,#5620,#5630);
#5650=PLANE('',#5640);
#5660=CARTESIAN_POINT('',(19.2499995380496,-6.15,10.8));
#5670=DIRECTION('',(0.,0.,-1.));
#5680=DIRECTION('',(-1.,0.,0.));
#5690=AXIS2_PLACEMENT_3D('',#5660,#5670,#5680);
#5700=CIRCLE('',#5690,0.45);
#5710=CARTESIAN_POINT('',(19.6999995380496,-6.15,10.8));
#5720=VERTEX_POINT('',#5710);
#5730=CARTESIAN_POINT('',(19.2499995380496,-6.6,10.8));
#5740=VERTEX_POINT('',#5730);
#5750=EDGE_CURVE('',#5720,#5740,#5700,.T.);
#5760=ORIENTED_EDGE('',*,*,#5750,.T.);
#5770=CARTESIAN_POINT('',(19.6999995380496,0.,10.8));
#5780=DIRECTION('',(0.,-1.,0.));
#5790=VECTOR('',#5780,1.);
#5800=LINE('',#5770,#5790);
#5810=CARTESIAN_POINT('',(19.6999995380496,-2.2,10.8));
#5820=VERTEX_POINT('',#5810);
#5830=EDGE_CURVE('',#5820,#5720,#5800,.T.);
#5840=ORIENTED_EDGE('',*,*,#5830,.T.);
#5850=CARTESIAN_POINT('',(24.3499995380496,-2.2,10.8));
#5860=DIRECTION('',(1.,0.,0.));
#5870=VECTOR('',#5860,1.);
#5880=LINE('',#5850,#5870);
#5890=CARTESIAN_POINT('',(19.2999995380496,-2.2,10.8));
#5900=VERTEX_POINT('',#5890);
#5910=EDGE_CURVE('',#5900,#5820,#5880,.T.);
#5920=ORIENTED_EDGE('',*,*,#5910,.T.);
#5930=CARTESIAN_POINT('',(19.2999995380496,0.,10.8));
#5940=DIRECTION('',(0.,-1.,0.));
#5950=VECTOR('',#5940,1.);
#5960=LINE('',#5930,#5950);
#5970=CARTESIAN_POINT('',(19.2999995380496,-1.05,10.8));
#5980=VERTEX_POINT('',#5970);
#5990=EDGE_CURVE('',#5980,#5900,#5960,.T.);
#6000=ORIENTED_EDGE('',*,*,#5990,.T.);
#6010=CARTESIAN_POINT('',(24.3499995380496,-1.05,10.8));
#6020=DIRECTION('',(-1.,0.,0.));
#6030=VECTOR('',#6020,1.);
#6040=LINE('',#6010,#6030);
#6050=CARTESIAN_POINT('',(17.2999995380496,-1.05,10.8));
#6060=VERTEX_POINT('',#6050);
#6070=EDGE_CURVE('',#5980,#6060,#6040,.T.);
#6080=ORIENTED_EDGE('',*,*,#6070,.F.);
#6090=CARTESIAN_POINT('',(17.2999995380496,0.,10.8));
#6100=DIRECTION('',(0.,1.,0.));
#6110=VECTOR('',#6100,1.);
#6120=LINE('',#6090,#6110);
#6130=CARTESIAN_POINT('',(17.2999995380496,-2.2,10.8));
#6140=VERTEX_POINT('',#6130);
#6150=EDGE_CURVE('',#6140,#6060,#6120,.T.);
#6160=ORIENTED_EDGE('',*,*,#6150,.T.);
#6170=CARTESIAN_POINT('',(14.8,-2.2,10.8));
#6180=DIRECTION('',(1.,0.,0.));
#6190=VECTOR('',#6180,1.);
#6200=LINE('',#6170,#6190);
#6210=CARTESIAN_POINT('',(13.55,-2.2,10.8));
#6220=VERTEX_POINT('',#6210);
#6230=EDGE_CURVE('',#6220,#6140,#6200,.T.);
#6240=ORIENTED_EDGE('',*,*,#6230,.T.);
#6250=CARTESIAN_POINT('',(13.55,0.,10.8));
#6260=DIRECTION('',(0.,-1.,0.));
#6270=VECTOR('',#6260,1.);
#6280=LINE('',#6250,#6270);
#6290=CARTESIAN_POINT('',(13.55,-0.100000000000001,10.8));
#6300=VERTEX_POINT('',#6290);
#6310=EDGE_CURVE('',#6300,#6220,#6280,.T.);
#6320=ORIENTED_EDGE('',*,*,#6310,.T.);
#6330=CARTESIAN_POINT('',(10.3,-0.100000000000001,10.8));
#6340=DIRECTION('',(-1.,0.,0.));
#6350=VECTOR('',#6340,1.);
#6360=LINE('',#6330,#6350);
#6370=EDGE_CURVE('',#6300,#3240,#6360,.T.);
#6380=ORIENTED_EDGE('',*,*,#6370,.F.);
#6390=ORIENTED_EDGE('',*,*,#3250,.F.);
#6400=CARTESIAN_POINT('',(7.05,-2.2,10.8));
#6410=DIRECTION('',(1.,0.,0.));
#6420=VECTOR('',#6410,1.);
#6430=LINE('',#6400,#6420);
#6440=CARTESIAN_POINT('',(5.8,-2.2,10.8));
#6450=VERTEX_POINT('',#6440);
#6460=EDGE_CURVE('',#6450,#3140,#6430,.T.);
#6470=ORIENTED_EDGE('',*,*,#6460,.T.);
#6480=CARTESIAN_POINT('',(5.8,0.,10.8));
#6490=DIRECTION('',(0.,-1.,0.));
#6500=VECTOR('',#6490,1.);
#6510=LINE('',#6480,#6500);
#6520=CARTESIAN_POINT('',(5.8,-1.05,10.8));
#6530=VERTEX_POINT('',#6520);
#6540=EDGE_CURVE('',#6530,#6450,#6510,.T.);
#6550=ORIENTED_EDGE('',*,*,#6540,.T.);
#6560=CARTESIAN_POINT('',(-1.25,-1.05,10.8));
#6570=DIRECTION('',(-1.,0.,0.));
#6580=VECTOR('',#6570,1.);
#6590=LINE('',#6560,#6580);
#6600=CARTESIAN_POINT('',(3.8,-1.05,10.8));
#6610=VERTEX_POINT('',#6600);
#6620=EDGE_CURVE('',#6530,#6610,#6590,.T.);
#6630=ORIENTED_EDGE('',*,*,#6620,.F.);
#6640=CARTESIAN_POINT('',(3.8,0.,10.8));
#6650=DIRECTION('',(0.,1.,0.));
#6660=VECTOR('',#6650,1.);
#6670=LINE('',#6640,#6660);
#6680=CARTESIAN_POINT('',(3.8,-2.2,10.8));
#6690=VERTEX_POINT('',#6680);
#6700=EDGE_CURVE('',#6690,#6610,#6670,.T.);
#6710=ORIENTED_EDGE('',*,*,#6700,.T.);
#6720=CARTESIAN_POINT('',(-1.25,-2.2,10.8));
#6730=DIRECTION('',(1.,0.,0.));
#6740=VECTOR('',#6730,1.);
#6750=LINE('',#6720,#6740);
#6760=CARTESIAN_POINT('',(3.4,-2.2,10.8));
#6770=VERTEX_POINT('',#6760);
#6780=EDGE_CURVE('',#6770,#6690,#6750,.T.);
#6790=ORIENTED_EDGE('',*,*,#6780,.T.);
#6800=CARTESIAN_POINT('',(3.4,0.,10.8));
#6810=DIRECTION('',(0.,1.,0.));
#6820=VECTOR('',#6810,1.);
#6830=LINE('',#6800,#6820);
#6840=CARTESIAN_POINT('',(3.4,-6.15,10.8));
#6850=VERTEX_POINT('',#6840);
#6860=EDGE_CURVE('',#6850,#6770,#6830,.T.);
#6870=ORIENTED_EDGE('',*,*,#6860,.T.);
#6880=CARTESIAN_POINT('',(3.85,-6.15,10.8));
#6890=DIRECTION('',(0.,0.,1.));
#6900=DIRECTION('',(1.,0.,0.));
#6910=AXIS2_PLACEMENT_3D('',#6880,#6890,#6900);
#6920=CIRCLE('',#6910,0.45);
#6930=CARTESIAN_POINT('',(3.85,-6.6,10.8));
#6940=VERTEX_POINT('',#6930);
#6950=EDGE_CURVE('',#6850,#6940,#6920,.T.);
#6960=ORIENTED_EDGE('',*,*,#6950,.F.);
#6970=CARTESIAN_POINT('',(12.275,-6.6,10.8));
#6980=DIRECTION('',(-1.,0.,0.));
#6990=VECTOR('',#6980,1.);
#7000=LINE('',#6970,#6990);
#7010=EDGE_CURVE('',#5740,#6940,#7000,.T.);
#7020=ORIENTED_EDGE('',*,*,#7010,.T.);
#7030=EDGE_LOOP('',(#7020,#6960,#6870,#6790,#6710,#6630,#6550,#6470,
#6390,#6380,#6320,#6240,#6160,#6080,#6000,#5920,#5840,#5760));
#7040=FACE_BOUND('',#7030,.T.);
#7050=CARTESIAN_POINT('',(18.9999995380496,-7.4,10.8));
#7060=DIRECTION('',(-7.105427357601E-15,1.,0.));
#7070=VECTOR('',#7060,1.);
#7080=LINE('',#7050,#7070);
#7090=CARTESIAN_POINT('',(18.9999995380496,-7.4,10.8));
#7100=VERTEX_POINT('',#7090);
#7110=CARTESIAN_POINT('',(18.9999995380496,-6.9,10.8));
#7120=VERTEX_POINT('',#7110);
#7130=EDGE_CURVE('',#7100,#7120,#7080,.T.);
#7140=ORIENTED_EDGE('',*,*,#7130,.F.);
#7150=CARTESIAN_POINT('',(0.,-6.9,10.8));
#7160=DIRECTION('',(-1.,0.,0.));
#7170=VECTOR('',#7160,1.);
#7180=LINE('',#7150,#7170);
#7190=CARTESIAN_POINT('',(4.1,-6.9,10.8));
#7200=VERTEX_POINT('',#7190);
#7210=EDGE_CURVE('',#7120,#7200,#7180,.T.);
#7220=ORIENTED_EDGE('',*,*,#7210,.F.);
#7230=CARTESIAN_POINT('',(4.1,-6.9,10.8));
#7240=DIRECTION('',(0.,-1.,0.));
#7250=VECTOR('',#7240,1.);
#7260=LINE('',#7230,#7250);
#7270=CARTESIAN_POINT('',(4.1,-7.4,10.8));
#7280=VERTEX_POINT('',#7270);
#7290=EDGE_CURVE('',#7200,#7280,#7260,.T.);
#7300=ORIENTED_EDGE('',*,*,#7290,.F.);
#7310=CARTESIAN_POINT('',(0.,-7.4,10.8));
#7320=DIRECTION('',(-1.,0.,0.));
#7330=VECTOR('',#7320,1.);
#7340=LINE('',#7310,#7330);
#7350=CARTESIAN_POINT('',(3.3,-7.4,10.8));
#7360=VERTEX_POINT('',#7350);
#7370=EDGE_CURVE('',#7280,#7360,#7340,.T.);
#7380=ORIENTED_EDGE('',*,*,#7370,.F.);
#7390=CARTESIAN_POINT('',(3.3,0.,10.8));
#7400=DIRECTION('',(0.,1.,0.));
#7410=VECTOR('',#7400,1.);
#7420=LINE('',#7390,#7410);
#7430=CARTESIAN_POINT('',(3.3,-0.95,10.8));
#7440=VERTEX_POINT('',#7430);
#7450=EDGE_CURVE('',#7360,#7440,#7420,.T.);
#7460=ORIENTED_EDGE('',*,*,#7450,.F.);
#7470=CARTESIAN_POINT('',(0.,-0.95,10.8));
#7480=DIRECTION('',(-1.,0.,0.));
#7490=VECTOR('',#7480,1.);
#7500=LINE('',#7470,#7490);
#7510=CARTESIAN_POINT('',(6.45000026902482,-0.95,10.8));
#7520=VERTEX_POINT('',#7510);
#7530=EDGE_CURVE('',#7520,#7440,#7500,.T.);
#7540=ORIENTED_EDGE('',*,*,#7530,.T.);
#7550=CARTESIAN_POINT('',(6.45000026902482,0.,10.8));
#7560=DIRECTION('',(0.,1.,0.));
#7570=VECTOR('',#7560,1.);
#7580=LINE('',#7550,#7570);
#7590=CARTESIAN_POINT('',(6.45000026902482,-2.,10.8));
#7600=VERTEX_POINT('',#7590);
#7610=EDGE_CURVE('',#7600,#7520,#7580,.T.);
#7620=ORIENTED_EDGE('',*,*,#7610,.T.);
#7630=CARTESIAN_POINT('',(7.46698743262019,-2.,10.8));
#7640=DIRECTION('',(1.,0.,0.));
#7650=VECTOR('',#7640,1.);
#7660=LINE('',#7630,#7650);
#7670=CARTESIAN_POINT('',(8.35,-2.,10.8));
#7680=VERTEX_POINT('',#7670);
#7690=EDGE_CURVE('',#7600,#7680,#7660,.T.);
#7700=ORIENTED_EDGE('',*,*,#7690,.F.);
#7710=CARTESIAN_POINT('',(8.35,-1.,10.8));
#7720=DIRECTION('',(0.,0.,-1.));
#7730=DIRECTION('',(-1.,0.,0.));
#7740=AXIS2_PLACEMENT_3D('',#7710,#7720,#7730);
#7750=CIRCLE('',#7740,1.);
#7760=CARTESIAN_POINT('',(9.35,-1.,10.8));
#7770=VERTEX_POINT('',#7760);
#7780=EDGE_CURVE('',#7770,#7680,#7750,.T.);
#7790=ORIENTED_EDGE('',*,*,#7780,.T.);
#7800=CARTESIAN_POINT('',(9.35,0.,10.8));
#7810=DIRECTION('',(0.,-1.,0.));
#7820=VECTOR('',#7810,1.);
#7830=LINE('',#7800,#7820);
#7840=CARTESIAN_POINT('',(9.35,0.0999999999999999,10.8));
#7850=VERTEX_POINT('',#7840);
#7860=EDGE_CURVE('',#7850,#7770,#7830,.T.);
#7870=ORIENTED_EDGE('',*,*,#7860,.T.);
#7880=CARTESIAN_POINT('',(0.,0.1,10.8));
#7890=DIRECTION('',(-1.,0.,0.));
#7900=VECTOR('',#7890,1.);
#7910=LINE('',#7880,#7900);
#7920=CARTESIAN_POINT('',(13.75,0.1,10.8));
#7930=VERTEX_POINT('',#7920);
#7940=EDGE_CURVE('',#7930,#7850,#7910,.T.);
#7950=ORIENTED_EDGE('',*,*,#7940,.T.);
#7960=CARTESIAN_POINT('',(13.75,0.,10.8));
#7970=DIRECTION('',(0.,1.,0.));
#7980=VECTOR('',#7970,1.);
#7990=LINE('',#7960,#7980);
#8000=CARTESIAN_POINT('',(13.75,-1.,10.8));
#8010=VERTEX_POINT('',#8000);
#8020=EDGE_CURVE('',#8010,#7930,#7990,.T.);
#8030=ORIENTED_EDGE('',*,*,#8020,.T.);
#8040=CARTESIAN_POINT('',(14.75,-1.,10.8));
#8050=DIRECTION('',(0.,0.,-1.));
#8060=DIRECTION('',(-1.,0.,0.));
#8070=AXIS2_PLACEMENT_3D('',#8040,#8050,#8060);
#8080=CIRCLE('',#8070,1.);
#8090=CARTESIAN_POINT('',(14.75,-2.,10.8));
#8100=VERTEX_POINT('',#8090);
#8110=EDGE_CURVE('',#8100,#8010,#8080,.T.);
#8120=ORIENTED_EDGE('',*,*,#8110,.T.);
#8130=CARTESIAN_POINT('',(15.6330128364046,-2.,10.8));
#8140=DIRECTION('',(-1.,0.,0.));
#8150=VECTOR('',#8140,1.);
#8160=LINE('',#8130,#8150);
#8170=CARTESIAN_POINT('',(16.6500002690248,-2.,10.8));
#8180=VERTEX_POINT('',#8170);
#8190=EDGE_CURVE('',#8180,#8100,#8160,.T.);
#8200=ORIENTED_EDGE('',*,*,#8190,.T.);
#8210=CARTESIAN_POINT('',(16.6500002690248,0.,10.8));
#8220=DIRECTION('',(0.,1.,0.));
#8230=VECTOR('',#8220,1.);
#8240=LINE('',#8210,#8230);
#8250=CARTESIAN_POINT('',(16.6500002690248,-0.95,10.8));
#8260=VERTEX_POINT('',#8250);
#8270=EDGE_CURVE('',#8180,#8260,#8240,.T.);
#8280=ORIENTED_EDGE('',*,*,#8270,.F.);
#8290=CARTESIAN_POINT('',(0.,-0.95,10.8));
#8300=DIRECTION('',(1.,0.,0.));
#8310=VECTOR('',#8300,1.);
#8320=LINE('',#8290,#8310);
#8330=CARTESIAN_POINT('',(19.7999995380496,-0.95,10.8));
#8340=VERTEX_POINT('',#8330);
#8350=EDGE_CURVE('',#8260,#8340,#8320,.T.);
#8360=ORIENTED_EDGE('',*,*,#8350,.F.);
#8370=CARTESIAN_POINT('',(19.7999995380496,0.,10.8));
#8380=DIRECTION('',(0.,1.,0.));
#8390=VECTOR('',#8380,1.);
#8400=LINE('',#8370,#8390);
#8410=CARTESIAN_POINT('',(19.7999995380496,-7.4,10.8));
#8420=VERTEX_POINT('',#8410);
#8430=EDGE_CURVE('',#8420,#8340,#8400,.T.);
#8440=ORIENTED_EDGE('',*,*,#8430,.T.);
#8450=CARTESIAN_POINT('',(0.,-7.4,10.8));
#8460=DIRECTION('',(1.,0.,0.));
#8470=VECTOR('',#8460,1.);
#8480=LINE('',#8450,#8470);
#8490=EDGE_CURVE('',#7100,#8420,#8480,.T.);
#8500=ORIENTED_EDGE('',*,*,#8490,.T.);
#8510=EDGE_LOOP('',(#8500,#8440,#8360,#8280,#8200,#8120,#8030,#7950,
#7870,#7790,#7700,#7620,#7540,#7460,#7380,#7300,#7220,#7140));
#8520=FACE_OUTER_BOUND('',#8510,.T.);
#8530=ADVANCED_FACE('',(#7040,#8520),#5650,.T.);
#8540=CARTESIAN_POINT('',(13.15,0.6,2.));
#8550=DIRECTION('',(0.,0.,-1.));
#8560=DIRECTION('',(1.,0.,0.));
#8570=AXIS2_PLACEMENT_3D('',#8540,#8550,#8560);
#8580=PLANE('',#8570);
#8590=CARTESIAN_POINT('',(9.95,0.6,2.));
#8600=DIRECTION('',(0.,-1.,0.));
#8610=VECTOR('',#8600,1.);
#8620=LINE('',#8590,#8610);
#8630=CARTESIAN_POINT('',(9.95,0.5,2.));
#8640=VERTEX_POINT('',#8630);
#8650=CARTESIAN_POINT('',(9.95,0.0999999999999991,2.));
#8660=VERTEX_POINT('',#8650);
#8670=EDGE_CURVE('',#8640,#8660,#8620,.T.);
#8680=ORIENTED_EDGE('',*,*,#8670,.F.);
#8690=CARTESIAN_POINT('',(8.75,0.0999999999999991,2.));
#8700=DIRECTION('',(-1.,0.,0.));
#8710=VECTOR('',#8700,1.);
#8720=LINE('',#8690,#8710);
#8730=CARTESIAN_POINT('',(11.25,0.0999999999999991,2.));
#8740=VERTEX_POINT('',#8730);
#8750=EDGE_CURVE('',#8740,#8660,#8720,.T.);
#8760=ORIENTED_EDGE('',*,*,#8750,.T.);
#8770=CARTESIAN_POINT('',(11.55,0.0999999999999991,2.));
#8780=DIRECTION('',(0.,0.,1.));
#8790=DIRECTION('',(-1.,0.,0.));
#8800=AXIS2_PLACEMENT_3D('',#8770,#8780,#8790);
#8810=CIRCLE('',#8800,0.3);
#8820=EDGE_CURVE('',#8740,#2830,#8810,.T.);
#8830=ORIENTED_EDGE('',*,*,#8820,.F.);
#8840=ORIENTED_EDGE('',*,*,#2990,.F.);
#8850=CARTESIAN_POINT('',(13.15,0.6,2.));
#8860=DIRECTION('',(0.,-1.,0.));
#8870=VECTOR('',#8860,1.);
#8880=LINE('',#8850,#8870);
#8890=CARTESIAN_POINT('',(13.15,0.5,2.));
#8900=VERTEX_POINT('',#8890);
#8910=EDGE_CURVE('',#8900,#2920,#8880,.T.);
#8920=ORIENTED_EDGE('',*,*,#8910,.T.);
#8930=CARTESIAN_POINT('',(14.35,0.5,2.));
#8940=DIRECTION('',(-1.,0.,0.));
#8950=VECTOR('',#8940,1.);
#8960=LINE('',#8930,#8950);
#8970=EDGE_CURVE('',#8900,#8640,#8960,.T.);
#8980=ORIENTED_EDGE('',*,*,#8970,.F.);
#8990=EDGE_LOOP('',(#8980,#8920,#8840,#8830,#8760,#8680));
#9000=FACE_OUTER_BOUND('',#8990,.T.);
#9010=ADVANCED_FACE('',(#9000),#8580,.T.);
#9020=CARTESIAN_POINT('',(8.75,0.5,2.1));
#9030=DIRECTION('',(1.,0.,0.));
#9040=DIRECTION('',(0.,-1.,0.));
#9050=AXIS2_PLACEMENT_3D('',#9020,#9030,#9040);
#9060=CYLINDRICAL_SURFACE('',#9050,0.1);
#9070=CARTESIAN_POINT('',(9.95,0.5,2.1));
#9080=DIRECTION('',(1.,0.,0.));
#9090=DIRECTION('',(0.,-1.,0.));
#9100=AXIS2_PLACEMENT_3D('',#9070,#9080,#9090);
#9110=CIRCLE('',#9100,0.1);
#9120=CARTESIAN_POINT('',(9.95,0.6,2.1));
#9130=VERTEX_POINT('',#9120);
#9140=EDGE_CURVE('',#8640,#9130,#9110,.T.);
#9150=ORIENTED_EDGE('',*,*,#9140,.T.);
#9160=ORIENTED_EDGE('',*,*,#8970,.T.);
#9170=CARTESIAN_POINT('',(13.15,0.5,2.1));
#9180=DIRECTION('',(1.,0.,0.));
#9190=DIRECTION('',(0.,-1.,0.));
#9200=AXIS2_PLACEMENT_3D('',#9170,#9180,#9190);
#9210=CIRCLE('',#9200,0.1);
#9220=CARTESIAN_POINT('',(13.15,0.6,2.1));
#9230=VERTEX_POINT('',#9220);
#9240=EDGE_CURVE('',#8900,#9230,#9210,.T.);
#9250=ORIENTED_EDGE('',*,*,#9240,.F.);
#9260=CARTESIAN_POINT('',(8.75,0.6,2.1));
#9270=DIRECTION('',(1.,0.,0.));
#9280=VECTOR('',#9270,1.);
#9290=LINE('',#9260,#9280);
#9300=EDGE_CURVE('',#9130,#9230,#9290,.T.);
#9310=ORIENTED_EDGE('',*,*,#9300,.T.);
#9320=EDGE_LOOP('',(#9310,#9250,#9160,#9150));
#9330=FACE_OUTER_BOUND('',#9320,.T.);
#9340=ADVANCED_FACE('',(#9330),#9060,.T.);
#9350=CARTESIAN_POINT('',(16.55,0.6,0.));
#9360=DIRECTION('',(-0.,-1.,-0.));
#9370=DIRECTION('',(-1.,0.,0.));
#9380=AXIS2_PLACEMENT_3D('',#9350,#9360,#9370);
#9390=PLANE('',#9380);
#9400=CARTESIAN_POINT('',(9.35,0.6,0.));
#9410=DIRECTION('',(0.,0.,-1.));
#9420=VECTOR('',#9410,1.);
#9430=LINE('',#9400,#9420);
#9440=CARTESIAN_POINT('',(9.35,0.6,10.3));
#9450=VERTEX_POINT('',#9440);
#9460=CARTESIAN_POINT('',(9.35,0.6,1.8));
#9470=VERTEX_POINT('',#9460);
#9480=EDGE_CURVE('',#9450,#9470,#9430,.T.);
#9490=ORIENTED_EDGE('',*,*,#9480,.F.);
#9500=CARTESIAN_POINT('',(0.,0.6,1.8));
#9510=DIRECTION('',(-1.,0.,0.));
#9520=VECTOR('',#9510,1.);
#9530=LINE('',#9500,#9520);
#9540=CARTESIAN_POINT('',(9.95,0.6,1.8));
#9550=VERTEX_POINT('',#9540);
#9560=EDGE_CURVE('',#9550,#9470,#9530,.T.);
#9570=ORIENTED_EDGE('',*,*,#9560,.T.);
#9580=CARTESIAN_POINT('',(9.95,0.6,0.));
#9590=DIRECTION('',(0.,0.,1.));
#9600=VECTOR('',#9590,1.);
#9610=LINE('',#9580,#9600);
#9620=EDGE_CURVE('',#9550,#9130,#9610,.T.);
#9630=ORIENTED_EDGE('',*,*,#9620,.F.);
#9640=ORIENTED_EDGE('',*,*,#9300,.F.);
#9650=CARTESIAN_POINT('',(13.15,0.6,0.));
#9660=DIRECTION('',(0.,0.,1.));
#9670=VECTOR('',#9660,1.);
#9680=LINE('',#9650,#9670);
#9690=CARTESIAN_POINT('',(13.15,0.6,1.8));
#9700=VERTEX_POINT('',#9690);
#9710=EDGE_CURVE('',#9700,#9230,#9680,.T.);
#9720=ORIENTED_EDGE('',*,*,#9710,.T.);
#9730=CARTESIAN_POINT('',(0.,0.6,1.8));
#9740=DIRECTION('',(1.,0.,0.));
#9750=VECTOR('',#9740,1.);
#9760=LINE('',#9730,#9750);
#9770=CARTESIAN_POINT('',(13.75,0.6,1.8));
#9780=VERTEX_POINT('',#9770);
#9790=EDGE_CURVE('',#9700,#9780,#9760,.T.);
#9800=ORIENTED_EDGE('',*,*,#9790,.F.);
#9810=CARTESIAN_POINT('',(13.75,0.6,0.));
#9820=DIRECTION('',(0.,0.,-1.));
#9830=VECTOR('',#9820,1.);
#9840=LINE('',#9810,#9830);
#9850=CARTESIAN_POINT('',(13.75,0.6,10.3));
#9860=VERTEX_POINT('',#9850);
#9870=EDGE_CURVE('',#9860,#9780,#9840,.T.);
#9880=ORIENTED_EDGE('',*,*,#9870,.T.);
#9890=CARTESIAN_POINT('',(0.,0.6,10.3));
#9900=DIRECTION('',(-1.,0.,0.));
#9910=VECTOR('',#9900,1.);
#9920=LINE('',#9890,#9910);
#9930=EDGE_CURVE('',#9860,#9450,#9920,.T.);
#9940=ORIENTED_EDGE('',*,*,#9930,.F.);
#9950=EDGE_LOOP('',(#9940,#9880,#9800,#9720,#9640,#9630,#9570,#9490));
#9960=FACE_OUTER_BOUND('',#9950,.T.);
#9970=ADVANCED_FACE('',(#9960),#9390,.F.);
#9980=CARTESIAN_POINT('',(13.15,-0.740000000000001,2.));
#9990=DIRECTION('',(-1.,0.,0.));
#10000=DIRECTION('',(0.,-1.,0.));
#10010=AXIS2_PLACEMENT_3D('',#9980,#9990,#10000);
#10020=PLANE('',#10010);
#10030=CARTESIAN_POINT('',(13.15,0.3,1.8));
#10040=DIRECTION('',(1.,0.,0.));
#10050=DIRECTION('',(0.,-1.,0.));
#10060=AXIS2_PLACEMENT_3D('',#10030,#10040,#10050);
#10070=CIRCLE('',#10060,0.3);
#10080=CARTESIAN_POINT('',(13.15,0.3,1.5));
#10090=VERTEX_POINT('',#10080);
#10100=EDGE_CURVE('',#10090,#9700,#10070,.T.);
#10110=ORIENTED_EDGE('',*,*,#10100,.F.);
#10120=ORIENTED_EDGE('',*,*,#9710,.F.);
#10130=ORIENTED_EDGE('',*,*,#9240,.T.);
#10140=ORIENTED_EDGE('',*,*,#8910,.F.);
#10150=ORIENTED_EDGE('',*,*,#2930,.F.);
#10160=ORIENTED_EDGE('',*,*,#1110,.T.);
#10170=CARTESIAN_POINT('',(13.15,-0.400000000000001,0.));
#10180=DIRECTION('',(0.,0.,1.));
#10190=VECTOR('',#10180,1.);
#10200=LINE('',#10170,#10190);
#10210=CARTESIAN_POINT('',(13.15,-0.400000000000001,1.5));
#10220=VERTEX_POINT('',#10210);
#10230=EDGE_CURVE('',#10220,#1080,#10200,.T.);
#10240=ORIENTED_EDGE('',*,*,#10230,.T.);
#10250=CARTESIAN_POINT('',(13.15,0.,1.5));
#10260=DIRECTION('',(0.,-1.,0.));
#10270=VECTOR('',#10260,1.);
#10280=LINE('',#10250,#10270);
#10290=EDGE_CURVE('',#10090,#10220,#10280,.T.);
#10300=ORIENTED_EDGE('',*,*,#10290,.T.);
#10310=EDGE_LOOP('',(#10300,#10240,#10160,#10150,#10140,#10130,#10120,
#10110));
#10320=FACE_OUTER_BOUND('',#10310,.T.);
#10330=ADVANCED_FACE('',(#10320),#10020,.T.);
#10340=CARTESIAN_POINT('',(21.3000019380496,-1.55,1.5));
#10350=DIRECTION('',(0.,0.,-1.));
#10360=DIRECTION('',(0.,1.,0.));
#10370=AXIS2_PLACEMENT_3D('',#10340,#10350,#10360);
#10380=PLANE('',#10370);
#10390=CARTESIAN_POINT('',(24.3499995380496,-1.5,1.5));
#10400=DIRECTION('',(1.,0.,0.));
#10410=VECTOR('',#10400,1.);
#10420=LINE('',#10390,#10410);
#10430=CARTESIAN_POINT('',(16.4500002690248,-1.5,1.5));
#10440=VERTEX_POINT('',#10430);
#10450=CARTESIAN_POINT('',(19.9999995380496,-1.5,1.5));
#10460=VERTEX_POINT('',#10450);
#10470=EDGE_CURVE('',#10440,#10460,#10420,.T.);
#10480=ORIENTED_EDGE('',*,*,#10470,.F.);
#10490=CARTESIAN_POINT('',(19.9999995380496,0.,1.5));
#10500=DIRECTION('',(0.,-1.,0.));
#10510=VECTOR('',#10500,1.);
#10520=LINE('',#10490,#10510);
#10530=CARTESIAN_POINT('',(19.9999995380496,-0.95,1.5));
#10540=VERTEX_POINT('',#10530);
#10550=EDGE_CURVE('',#10540,#10460,#10520,.T.);
#10560=ORIENTED_EDGE('',*,*,#10550,.T.);
#10570=CARTESIAN_POINT('',(19.7999995380496,-0.95,1.5));
#10580=DIRECTION('',(0.,0.,-1.));
#10590=DIRECTION('',(-1.,0.,0.));
#10600=AXIS2_PLACEMENT_3D('',#10570,#10580,#10590);
#10610=CIRCLE('',#10600,0.199999999999999);
#10620=CARTESIAN_POINT('',(19.7999995380496,-0.750000000000001,1.5));
#10630=VERTEX_POINT('',#10620);
#10640=EDGE_CURVE('',#10630,#10540,#10610,.T.);
#10650=ORIENTED_EDGE('',*,*,#10640,.T.);
#10660=CARTESIAN_POINT('',(0.,-0.75,1.5));
#10670=DIRECTION('',(-1.,0.,0.));
#10680=VECTOR('',#10670,1.);
#10690=LINE('',#10660,#10680);
#10700=CARTESIAN_POINT('',(16.4500002690248,-0.75,1.5));
#10710=VERTEX_POINT('',#10700);
#10720=EDGE_CURVE('',#10630,#10710,#10690,.T.);
#10730=ORIENTED_EDGE('',*,*,#10720,.F.);
#10740=CARTESIAN_POINT('',(16.4500002690248,0.,1.5));
#10750=DIRECTION('',(0.,-1.,0.));
#10760=VECTOR('',#10750,1.);
#10770=LINE('',#10740,#10760);
#10780=EDGE_CURVE('',#10710,#10440,#10770,.T.);
#10790=ORIENTED_EDGE('',*,*,#10780,.F.);
#10800=EDGE_LOOP('',(#10790,#10730,#10650,#10560,#10480));
#10810=FACE_OUTER_BOUND('',#10800,.T.);
#10820=ADVANCED_FACE('',(#10810),#10380,.T.);
#10830=CARTESIAN_POINT('',(13.55,-1.,-1.0800024));
#10840=DIRECTION('',(-1.,0.,0.));
#10850=DIRECTION('',(0.,1.,0.));
#10860=AXIS2_PLACEMENT_3D('',#10830,#10840,#10850);
#10870=PLANE('',#10860);
#10880=CARTESIAN_POINT('',(13.55,-10.9,0.));
#10890=DIRECTION('',(0.,0.707106781186547,0.707106781186548));
#10900=VECTOR('',#10890,1.);
#10910=LINE('',#10880,#10900);
#10920=CARTESIAN_POINT('',(13.55,-0.400000000000002,10.5));
#10930=VERTEX_POINT('',#10920);
#10940=EDGE_CURVE('',#10930,#6300,#10910,.T.);
#10950=ORIENTED_EDGE('',*,*,#10940,.F.);
#10960=ORIENTED_EDGE('',*,*,#6310,.F.);
#10970=CARTESIAN_POINT('',(13.55,-13.,0.));
#10980=DIRECTION('',(0.,-0.707106781186546,-0.707106781186549));
#10990=VECTOR('',#10980,1.);
#11000=LINE('',#10970,#10990);
#11010=CARTESIAN_POINT('',(13.55,-2.5,10.5));
#11020=VERTEX_POINT('',#11010);
#11030=EDGE_CURVE('',#6220,#11020,#11000,.T.);
#11040=ORIENTED_EDGE('',*,*,#11030,.F.);
#11050=CARTESIAN_POINT('',(13.55,-2.5,0.));
#11060=DIRECTION('',(0.,0.,-1.));
#11070=VECTOR('',#11060,1.);
#11080=LINE('',#11050,#11070);
#11090=CARTESIAN_POINT('',(13.55,-2.5,2.5));
#11100=VERTEX_POINT('',#11090);
#11110=EDGE_CURVE('',#11020,#11100,#11080,.T.);
#11120=ORIENTED_EDGE('',*,*,#11110,.F.);
#11130=CARTESIAN_POINT('',(13.55,-0.500000000000001,2.5));
#11140=DIRECTION('',(0.,-1.,0.));
#11150=VECTOR('',#11140,1.);
#11160=LINE('',#11130,#11150);
#11170=EDGE_CURVE('',#3860,#11100,#11160,.T.);
#11180=ORIENTED_EDGE('',*,*,#11170,.T.);
#11190=ORIENTED_EDGE('',*,*,#3870,.T.);
#11200=CARTESIAN_POINT('',(13.55,0.,1.5));
#11210=DIRECTION('',(0.,-1.,0.));
#11220=VECTOR('',#11210,1.);
#11230=LINE('',#11200,#11220);
#11240=CARTESIAN_POINT('',(13.55,-0.400000000000001,1.5));
#11250=VERTEX_POINT('',#11240);
#11260=EDGE_CURVE('',#11250,#3780,#11230,.T.);
#11270=ORIENTED_EDGE('',*,*,#11260,.T.);
#11280=CARTESIAN_POINT('',(13.55,-0.400000000000001,0.));
#11290=DIRECTION('',(0.,0.,-1.));
#11300=VECTOR('',#11290,1.);
#11310=LINE('',#11280,#11300);
#11320=EDGE_CURVE('',#10930,#11250,#11310,.T.);
#11330=ORIENTED_EDGE('',*,*,#11320,.T.);
#11340=EDGE_LOOP('',(#11330,#11270,#11190,#11180,#11120,#11040,#10960,
#10950));
#11350=FACE_OUTER_BOUND('',#11340,.T.);
#11360=ADVANCED_FACE('',(#11350),#10870,.T.);
#11370=CARTESIAN_POINT('',(14.8000002690248,-9.3,-5.0400024));
#11380=DIRECTION('',(-1.,0.,0.));
#11390=DIRECTION('',(0.,1.,0.));
#11400=AXIS2_PLACEMENT_3D('',#11370,#11380,#11390);
#11410=PLANE('',#11400);
#11420=CARTESIAN_POINT('',(14.8000002690248,0.,5.));
#11430=DIRECTION('',(0.,1.,0.));
#11440=VECTOR('',#11430,1.);
#11450=LINE('',#11420,#11440);
#11460=CARTESIAN_POINT('',(14.8000002690248,-7.9,5.));
#11470=VERTEX_POINT('',#11460);
#11480=CARTESIAN_POINT('',(14.8000002690248,-7.4,5.));
#11490=VERTEX_POINT('',#11480);
#11500=EDGE_CURVE('',#11470,#11490,#11450,.T.);
#11510=ORIENTED_EDGE('',*,*,#11500,.T.);
#11520=CARTESIAN_POINT('',(14.8000002690248,-7.9,0.));
#11530=DIRECTION('',(0.,0.,1.));
#11540=VECTOR('',#11530,1.);
#11550=LINE('',#11520,#11540);
#11560=CARTESIAN_POINT('',(14.8000002690248,-7.9,1.5));
#11570=VERTEX_POINT('',#11560);
#11580=EDGE_CURVE('',#11570,#11470,#11550,.T.);
#11590=ORIENTED_EDGE('',*,*,#11580,.T.);
#11600=CARTESIAN_POINT('',(14.8000002690248,0.,1.5));
#11610=DIRECTION('',(0.,-1.,0.));
#11620=VECTOR('',#11610,1.);
#11630=LINE('',#11600,#11620);
#11640=CARTESIAN_POINT('',(14.8000002690248,-7.4,1.5));
#11650=VERTEX_POINT('',#11640);
#11660=EDGE_CURVE('',#11650,#11570,#11630,.T.);
#11670=ORIENTED_EDGE('',*,*,#11660,.T.);
#11680=CARTESIAN_POINT('',(14.8000002690248,-7.4,0.));
#11690=DIRECTION('',(0.,0.,1.));
#11700=VECTOR('',#11690,1.);
#11710=LINE('',#11680,#11700);
#11720=EDGE_CURVE('',#11650,#11490,#11710,.T.);
#11730=ORIENTED_EDGE('',*,*,#11720,.F.);
#11740=EDGE_LOOP('',(#11730,#11670,#11590,#11510));
#11750=FACE_OUTER_BOUND('',#11740,.T.);
#11760=ADVANCED_FACE('',(#11750),#11410,.T.);
#11770=CARTESIAN_POINT('',(16.7499995380496,-0.45,-1.0800024));
#11780=DIRECTION('',(-0.,1.,0.));
#11790=DIRECTION('',(1.,0.,0.));
#11800=AXIS2_PLACEMENT_3D('',#11770,#11780,#11790);
#11810=PLANE('',#11800);
#11820=CARTESIAN_POINT('',(0.,-0.45,1.8));
#11830=DIRECTION('',(-1.,0.,0.));
#11840=VECTOR('',#11830,1.);
#11850=LINE('',#11820,#11840);
#11860=CARTESIAN_POINT('',(19.7999995380496,-0.45,1.8));
#11870=VERTEX_POINT('',#11860);
#11880=CARTESIAN_POINT('',(16.4500002690248,-0.45,1.8));
#11890=VERTEX_POINT('',#11880);
#11900=EDGE_CURVE('',#11870,#11890,#11850,.T.);
#11910=ORIENTED_EDGE('',*,*,#11900,.T.);
#11920=CARTESIAN_POINT('',(19.7999995380496,-0.45,0.));
#11930=DIRECTION('',(0.,0.,-1.));
#11940=VECTOR('',#11930,1.);
#11950=LINE('',#11920,#11940);
#11960=CARTESIAN_POINT('',(19.7999995380496,-0.45,10.3));
#11970=VERTEX_POINT('',#11960);
#11980=EDGE_CURVE('',#11970,#11870,#11950,.T.);
#11990=ORIENTED_EDGE('',*,*,#11980,.T.);
#12000=CARTESIAN_POINT('',(0.,-0.45,10.3));
#12010=DIRECTION('',(1.,0.,0.));
#12020=VECTOR('',#12010,1.);
#12030=LINE('',#12000,#12020);
#12040=CARTESIAN_POINT('',(16.4500002706164,-0.45,10.3));
#12050=VERTEX_POINT('',#12040);
#12060=EDGE_CURVE('',#12050,#11970,#12030,.T.);
#12070=ORIENTED_EDGE('',*,*,#12060,.T.);
#12080=CARTESIAN_POINT('',(16.4500002706164,-0.45,10.3));
#12090=CARTESIAN_POINT('',(16.4500002706164,-0.45,10.2858578643012));
#12100=CARTESIAN_POINT('',(16.4500002690248,-0.45,10.2717157286025));
#12110=CARTESIAN_POINT('',(16.4500002690248,-0.45,10.0952573952692));
#12120=CARTESIAN_POINT('',(16.4500002690248,-0.45,9.93294119763457));
#12130=CARTESIAN_POINT('',(16.4500002690248,-0.45,9.73533333333333));
#12140=CARTESIAN_POINT('',(16.4500002690248,-0.45,9.70004166666667));
#12150=CARTESIAN_POINT('',(16.4500002690248,-0.45,9.62945833333333));
#12160=CARTESIAN_POINT('',(16.4500002690248,-0.45,9.59416666666666));
#12170=CARTESIAN_POINT('',(16.4500002690248,-0.45,9.52358333333333));
#12180=CARTESIAN_POINT('',(16.4500002690248,-0.45,9.48829166666667));
#12190=CARTESIAN_POINT('',(16.4500002690248,-0.45,9.347125));
#12200=CARTESIAN_POINT('',(16.4500002690248,-0.45,9.135375));
#12210=CARTESIAN_POINT('',(16.4500002690248,-0.45,8.923625));
#12220=CARTESIAN_POINT('',(16.4500002690248,-0.45,8.606));
#12230=CARTESIAN_POINT('',(16.4500002690248,-0.45,8.39425));
#12240=CARTESIAN_POINT('',(16.4500002690248,-0.45,7.85605208333334));
#12250=CARTESIAN_POINT('',(16.4500002690248,-0.45,7.52960416666667));
#12260=CARTESIAN_POINT('',(16.4500002690248,-0.45,6.87670833333334));
#12270=CARTESIAN_POINT('',(16.4500002690248,-0.45,6.55026041666667));
#12280=CARTESIAN_POINT('',(16.4500002690248,-0.45,6.20616666666667));
#12290=CARTESIAN_POINT('',(16.4500002690248,-0.45,6.18852083333334));
#12300=CARTESIAN_POINT('',(16.4500002690248,-0.45,6.15322916666667));
#12310=CARTESIAN_POINT('',(16.4500002690248,-0.45,6.13558333333333));
#12320=CARTESIAN_POINT('',(16.4500002690248,-0.45,6.1144338022904));
#12330=CARTESIAN_POINT('',(16.4500002690248,-0.45,6.1109301045808));
#12340=CARTESIAN_POINT('',(16.4500002690248,-0.45,6.09328427124746));
#12350=CARTESIAN_POINT('',(16.4500002690248,-0.45,6.07914213562373));
#12360=CARTESIAN_POINT('',(16.4500002690248,-0.45,6.05085786437627));
#12370=CARTESIAN_POINT('',(16.4500002690248,-0.45,6.03671572875254));
#12380=CARTESIAN_POINT('',(16.4500002690248,-0.45,6.00906989541921));
#12390=CARTESIAN_POINT('',(16.4500002690248,-0.45,5.9955661977096));
#12400=CARTESIAN_POINT('',(16.4500002690248,-0.45,5.96441666666667));
#12410=CARTESIAN_POINT('',(16.4500002690248,-0.45,5.94677083333333));
#12420=CARTESIAN_POINT('',(16.4500002690248,-0.45,5.91147916666667));
#12430=CARTESIAN_POINT('',(16.4500002690248,-0.45,5.89383333333333));
#12440=CARTESIAN_POINT('',(16.4500002690248,-0.45,5.55223958333333));
#12450=CARTESIAN_POINT('',(16.4500002690248,-0.45,5.22829166666666));
#12460=CARTESIAN_POINT('',(16.4500002690248,-0.45,4.58039583333333));
#12470=CARTESIAN_POINT('',(16.4500002690248,-0.45,4.25644791666666));
#12480=CARTESIAN_POINT('',(16.4500002690248,-0.45,3.71824999999999));
#12490=CARTESIAN_POINT('',(16.4500002690248,-0.45,3.50399999999999));
#12500=CARTESIAN_POINT('',(16.4500002690248,-0.45,3.182625));
#12510=CARTESIAN_POINT('',(16.4500002690248,-0.45,2.968375));
#12520=CARTESIAN_POINT('',(16.4500002690248,-0.45,2.754125));
#12530=CARTESIAN_POINT('',(16.4500002690248,-0.45,2.61170833333333));
#12540=CARTESIAN_POINT('',(16.4500002690248,-0.45,2.57641666666667));
#12550=CARTESIAN_POINT('',(16.4500002690248,-0.45,2.50583333333333));
#12560=CARTESIAN_POINT('',(16.4500002690248,-0.45,2.47054166666667));
#12570=CARTESIAN_POINT('',(16.4500002690248,-0.45,2.39995833333333));
#12580=CARTESIAN_POINT('',(16.4500002690248,-0.45,2.36466666666667));
#12590=CARTESIAN_POINT('',(16.4500002690248,-0.45,0.731245285954793));
#12600=CARTESIAN_POINT('',(16.4500002690248,-0.45,-0.866884428090416));
#12610=CARTESIAN_POINT('',(16.4500002690248,-0.45,-2.46501414213562));
#12620=(BOUNDED_CURVE() B_SPLINE_CURVE(3,(#12080,#12090,#12100,#12110,
#12120,#12130,#12140,#12150,#12160,#12170,#12180,#12190,#12200,#12210,
#12220,#12230,#12240,#12250,#12260,#12270,#12280,#12290,#12300,#12310,
#12320,#12330,#12340,#12350,#12360,#12370,#12380,#12390,#12400,#12410,
#12420,#12430,#12440,#12450,#12460,#12470,#12480,#12490,#12500,#12510,
#12520,#12530,#12540,#12550,#12560,#12570,#12580,#12590,#12600,#12610),
.UNSPECIFIED.,.F.,.F.) B_SPLINE_CURVE_WITH_KNOTS((4,2,2,2,2,2,1,2,2,2,2,
2,2,2,2,2,2,2,2,2,2,2,1,2,2,2,2,4),(0.,0.0424264070962757,0.529375,
0.635250000000001,0.741125000000002,0.847000000000001,1.164625,1.48225,
2.1175,3.09684375,4.07618750000001,4.129125,4.1820625,4.19257359312881,
4.235,4.2774264068712,4.3179375,4.37087500000001,4.42381250000001,
5.39565625000001,6.36750000000002,7.01025000000001,7.33162500000001,
7.65300000000001,7.75887500000001,7.86475,7.97062500000001,
12.7650141421356),.UNSPECIFIED.) CURVE() GEOMETRIC_REPRESENTATION_ITEM()
 RATIONAL_B_SPLINE_CURVE((0.999999999999998,0.999999999999998,
0.999999999999998,0.999999999999998,0.999999999999998,0.999999999999998,
0.999999999999999,0.999999999999999,0.999999999999999,0.999999999999998,
0.999999999999998,0.999999999999998,0.999999999999998,0.999999999999998,
0.999999999999998,0.999999999999998,0.999999999999998,0.999999999999998,
0.999999999999998,0.999999999999998,0.999999999999998,0.999999999999998,
0.999999999999998,0.999999999999998,0.999999999999998,0.999999999999998,
0.999999999999998,0.999999999999998,0.999999999999998,0.999999999999998,
0.999999999999998,0.999999999999998,0.999999999999998,0.999999999999998,
0.999999999999998,0.999999999999998,0.999999999999998,0.999999999999998,
0.999999999999998,0.999999999999998,0.999999999999998,0.999999999999998,
0.999999999999998,0.999999999999999,0.999999999999998,0.999999999999999,
0.999999999999999,0.999999999999999,0.999999999999999,0.999999999999999,
0.999999999999998,0.999999999999999,0.999999999999998,0.999999999999998)
) REPRESENTATION_ITEM(''));
#12630=EDGE_CURVE('',#12050,#11890,#12620,.T.);
#12640=ORIENTED_EDGE('',*,*,#12630,.F.);
#12650=EDGE_LOOP('',(#12640,#12070,#11990,#11910));
#12660=FACE_OUTER_BOUND('',#12650,.T.);
#12670=ADVANCED_FACE('',(#12660),#11810,.T.);
#12680=CARTESIAN_POINT('',(17.1199995380496,-4.52,2.));
#12690=DIRECTION('',(0.,1.,-5.55111512312578E-17));
#12700=DIRECTION('',(1.,0.,0.));
#12710=AXIS2_PLACEMENT_3D('',#12680,#12690,#12700);
#12720=PLANE('',#12710);
#12730=CARTESIAN_POINT('',(24.3499995380496,-4.52,2.5));
#12740=DIRECTION('',(1.,0.,0.));
#12750=VECTOR('',#12740,1.);
#12760=LINE('',#12730,#12750);
#12770=CARTESIAN_POINT('',(17.4799995380496,-4.52,2.5));
#12780=VERTEX_POINT('',#12770);
#12790=CARTESIAN_POINT('',(18.1199995380496,-4.52,2.5));
#12800=VERTEX_POINT('',#12790);
#12810=EDGE_CURVE('',#12780,#12800,#12760,.T.);
#12820=ORIENTED_EDGE('',*,*,#12810,.T.);
#12830=CARTESIAN_POINT('',(17.4799995380496,-4.52,7.));
#12840=DIRECTION('',(0.,-5.55111512312578E-17,-1.));
#12850=VECTOR('',#12840,1.);
#12860=LINE('',#12830,#12850);
#12870=CARTESIAN_POINT('',(17.4799995380496,-4.52,6.65));
#12880=VERTEX_POINT('',#12870);
#12890=EDGE_CURVE('',#12880,#12780,#12860,.T.);
#12900=ORIENTED_EDGE('',*,*,#12890,.T.);
#12910=CARTESIAN_POINT('',(17.7999995380496,-4.52,6.65));
#12920=DIRECTION('',(-1.,0.,0.));
#12930=VECTOR('',#12920,1.);
#12940=LINE('',#12910,#12930);
#12950=CARTESIAN_POINT('',(18.1199995380496,-4.52,6.65));
#12960=VERTEX_POINT('',#12950);
#12970=EDGE_CURVE('',#12960,#12880,#12940,.T.);
#12980=ORIENTED_EDGE('',*,*,#12970,.T.);
#12990=CARTESIAN_POINT('',(18.1199995380496,-4.52,7.));
#13000=DIRECTION('',(0.,-5.55111512312578E-17,-1.));
#13010=VECTOR('',#13000,1.);
#13020=LINE('',#12990,#13010);
#13030=EDGE_CURVE('',#12960,#12800,#13020,.T.);
#13040=ORIENTED_EDGE('',*,*,#13030,.F.);
#13050=EDGE_LOOP('',(#13040,#12980,#12900,#12820));
#13060=FACE_OUTER_BOUND('',#13050,.T.);
#13070=ADVANCED_FACE('',(#13060),#12720,.F.);
#13080=CARTESIAN_POINT('',(15.98,-4.52,2.));
#13090=DIRECTION('',(0.,-1.,5.55111512312578E-17));
#13100=DIRECTION('',(-1.,0.,0.));
#13110=AXIS2_PLACEMENT_3D('',#13080,#13090,#13100);
#13120=PLANE('',#13110);
#13130=CARTESIAN_POINT('',(12.5,-4.52,2.5));
#13140=DIRECTION('',(-1.,0.,0.));
#13150=VECTOR('',#13140,1.);
#13160=LINE('',#13130,#13150);
#13170=CARTESIAN_POINT('',(15.62,-4.52,2.5));
#13180=VERTEX_POINT('',#13170);
#13190=CARTESIAN_POINT('',(14.98,-4.52,2.5));
#13200=VERTEX_POINT('',#13190);
#13210=EDGE_CURVE('',#13180,#13200,#13160,.T.);
#13220=ORIENTED_EDGE('',*,*,#13210,.F.);
#13230=CARTESIAN_POINT('',(14.98,-4.52,7.));
#13240=DIRECTION('',(0.,-5.55111512312578E-17,-1.));
#13250=VECTOR('',#13240,1.);
#13260=LINE('',#13230,#13250);
#13270=CARTESIAN_POINT('',(14.98,-4.52,6.65));
#13280=VERTEX_POINT('',#13270);
#13290=EDGE_CURVE('',#13280,#13200,#13260,.T.);
#13300=ORIENTED_EDGE('',*,*,#13290,.T.);
#13310=CARTESIAN_POINT('',(15.3,-4.52,6.65));
#13320=DIRECTION('',(1.,0.,0.));
#13330=VECTOR('',#13320,1.);
#13340=LINE('',#13310,#13330);
#13350=CARTESIAN_POINT('',(15.62,-4.52,6.65));
#13360=VERTEX_POINT('',#13350);
#13370=EDGE_CURVE('',#13280,#13360,#13340,.T.);
#13380=ORIENTED_EDGE('',*,*,#13370,.F.);
#13390=CARTESIAN_POINT('',(15.62,-4.52,7.));
#13400=DIRECTION('',(0.,-5.55111512312578E-17,-1.));
#13410=VECTOR('',#13400,1.);
#13420=LINE('',#13390,#13410);
#13430=EDGE_CURVE('',#13360,#13180,#13420,.T.);
#13440=ORIENTED_EDGE('',*,*,#13430,.F.);
#13450=EDGE_LOOP('',(#13440,#13380,#13300,#13220));
#13460=FACE_OUTER_BOUND('',#13450,.T.);
#13470=ADVANCED_FACE('',(#13460),#13120,.T.);
#13480=CARTESIAN_POINT('',(19.3999995380496,-2.5,10.8));
#13490=DIRECTION('',(-1.,0.,0.));
#13500=DIRECTION('',(0.,1.,0.));
#13510=AXIS2_PLACEMENT_3D('',#13480,#13490,#13500);
#13520=PLANE('',#13510);
#13530=CARTESIAN_POINT('',(19.3999995380496,-4.325,10.5));
#13540=DIRECTION('',(0.,-1.,0.));
#13550=VECTOR('',#13540,1.);
#13560=LINE('',#13530,#13550);
#13570=CARTESIAN_POINT('',(19.3999995380496,-2.5,10.5));
#13580=VERTEX_POINT('',#13570);
#13590=CARTESIAN_POINT('',(19.3999995380496,-6.15,10.5));
#13600=VERTEX_POINT('',#13590);
#13610=EDGE_CURVE('',#13580,#13600,#13560,.T.);
#13620=ORIENTED_EDGE('',*,*,#13610,.F.);
#13630=CARTESIAN_POINT('',(19.3999995380496,-6.15,0.));
#13640=DIRECTION('',(0.,0.,-1.));
#13650=VECTOR('',#13640,1.);
#13660=LINE('',#13630,#13650);
#13670=CARTESIAN_POINT('',(19.3999995380496,-6.15,2.5));
#13680=VERTEX_POINT('',#13670);
#13690=EDGE_CURVE('',#13600,#13680,#13660,.T.);
#13700=ORIENTED_EDGE('',*,*,#13690,.F.);
#13710=CARTESIAN_POINT('',(19.3999995380496,0.,2.5));
#13720=DIRECTION('',(0.,1.,0.));
#13730=VECTOR('',#13720,1.);
#13740=LINE('',#13710,#13730);
#13750=CARTESIAN_POINT('',(19.3999995380496,-2.5,2.5));
#13760=VERTEX_POINT('',#13750);
#13770=EDGE_CURVE('',#13680,#13760,#13740,.T.);
#13780=ORIENTED_EDGE('',*,*,#13770,.F.);
#13790=CARTESIAN_POINT('',(19.3999995380496,-2.5,0.));
#13800=DIRECTION('',(0.,0.,1.));
#13810=VECTOR('',#13800,1.);
#13820=LINE('',#13790,#13810);
#13830=EDGE_CURVE('',#13760,#13580,#13820,.T.);
#13840=ORIENTED_EDGE('',*,*,#13830,.F.);
#13850=EDGE_LOOP('',(#13840,#13780,#13700,#13620));
#13860=FACE_OUTER_BOUND('',#13850,.T.);
#13870=ADVANCED_FACE('',(#13860),#13520,.T.);
#13880=CARTESIAN_POINT('',(7.5,-5.9,0.));
#13890=DIRECTION('',(1.,0.,0.));
#13900=DIRECTION('',(0.,1.,0.));
#13910=AXIS2_PLACEMENT_3D('',#13880,#13890,#13900);
#13920=PLANE('',#13910);
#13930=CARTESIAN_POINT('',(7.5,-7.4,0.));
#13940=DIRECTION('',(0.,0.,-1.));
#13950=VECTOR('',#13940,1.);
#13960=LINE('',#13930,#13950);
#13970=CARTESIAN_POINT('',(7.5,-7.4,1.));
#13980=VERTEX_POINT('',#13970);
#13990=CARTESIAN_POINT('',(7.5,-7.4,0.150000000000001));
#14000=VERTEX_POINT('',#13990);
#14010=EDGE_CURVE('',#13980,#14000,#13960,.T.);
#14020=ORIENTED_EDGE('',*,*,#14010,.T.);
#14030=CARTESIAN_POINT('',(7.5,0.,-0.611383261947974));
#14040=DIRECTION('',(0.,0.977102639903886,-0.212768491776527));
#14050=VECTOR('',#14040,1.);
#14060=LINE('',#14030,#14050);
#14070=CARTESIAN_POINT('',(7.5,-5.9,0.673368257713248));
#14080=VERTEX_POINT('',#14070);
#14090=EDGE_CURVE('',#13980,#14080,#14060,.T.);
#14100=ORIENTED_EDGE('',*,*,#14090,.F.);
#14110=CARTESIAN_POINT('',(7.5,-5.9,0.));
#14120=DIRECTION('',(0.,0.,-1.));
#14130=VECTOR('',#14120,1.);
#14140=LINE('',#14110,#14130);
#14150=CARTESIAN_POINT('',(7.5,-5.9,0.15));
#14160=VERTEX_POINT('',#14150);
#14170=EDGE_CURVE('',#14080,#14160,#14140,.T.);
#14180=ORIENTED_EDGE('',*,*,#14170,.F.);
#14190=CARTESIAN_POINT('',(7.5,-6.65,0.15));
#14200=DIRECTION('',(0.,1.,0.));
#14210=VECTOR('',#14200,1.);
#14220=LINE('',#14190,#14210);
#14230=EDGE_CURVE('',#14000,#14160,#14220,.T.);
#14240=ORIENTED_EDGE('',*,*,#14230,.T.);
#14250=EDGE_LOOP('',(#14240,#14180,#14100,#14020));
#14260=FACE_OUTER_BOUND('',#14250,.T.);
#14270=ADVANCED_FACE('',(#14260),#13920,.T.);
#14280=CARTESIAN_POINT('',(16.7499995380496,2.,-5.0400024));
#14290=DIRECTION('',(1.,0.,0.));
#14300=DIRECTION('',(0.,-1.,0.));
#14310=AXIS2_PLACEMENT_3D('',#14280,#14290,#14300);
#14320=PLANE('',#14310);
#14330=CARTESIAN_POINT('',(16.7499995380496,-2.5,0.));
#14340=DIRECTION('',(0.,0.,1.));
#14350=VECTOR('',#14340,1.);
#14360=LINE('',#14330,#14350);
#14370=CARTESIAN_POINT('',(16.7499995380496,-2.5,0.));
#14380=VERTEX_POINT('',#14370);
#14390=CARTESIAN_POINT('',(16.7499995380496,-2.5,0.5));
#14400=VERTEX_POINT('',#14390);
#14410=EDGE_CURVE('',#14380,#14400,#14360,.T.);
#14420=ORIENTED_EDGE('',*,*,#14410,.T.);
#14430=CARTESIAN_POINT('',(16.7499995380496,0.,0.));
#14440=DIRECTION('',(0.,-1.,0.));
#14450=VECTOR('',#14440,1.);
#14460=LINE('',#14430,#14450);
#14470=CARTESIAN_POINT('',(16.7499995380496,-1.5,0.));
#14480=VERTEX_POINT('',#14470);
#14490=EDGE_CURVE('',#14480,#14380,#14460,.T.);
#14500=ORIENTED_EDGE('',*,*,#14490,.T.);
#14510=CARTESIAN_POINT('',(16.7499995380496,-1.5,0.));
#14520=DIRECTION('',(0.,0.,-1.));
#14530=VECTOR('',#14520,1.);
#14540=LINE('',#14510,#14530);
#14550=CARTESIAN_POINT('',(16.7499995380496,-1.5,0.5));
#14560=VERTEX_POINT('',#14550);
#14570=EDGE_CURVE('',#14560,#14480,#14540,.T.);
#14580=ORIENTED_EDGE('',*,*,#14570,.T.);
#14590=CARTESIAN_POINT('',(16.7499995380496,0.,0.5));
#14600=DIRECTION('',(0.,1.,0.));
#14610=VECTOR('',#14600,1.);
#14620=LINE('',#14590,#14610);
#14630=EDGE_CURVE('',#14400,#14560,#14620,.T.);
#14640=ORIENTED_EDGE('',*,*,#14630,.T.);
#14650=EDGE_LOOP('',(#14640,#14580,#14500,#14420));
#14660=FACE_OUTER_BOUND('',#14650,.T.);
#14670=ADVANCED_FACE('',(#14660),#14320,.F.);
#14680=CARTESIAN_POINT('',(8.1,-5.9,0.));
#14690=DIRECTION('',(1.,0.,0.));
#14700=DIRECTION('',(0.,1.,0.));
#14710=AXIS2_PLACEMENT_3D('',#14680,#14690,#14700);
#14720=PLANE('',#14710);
#14730=CARTESIAN_POINT('',(8.1,-7.4,0.));
#14740=DIRECTION('',(0.,0.,-1.));
#14750=VECTOR('',#14740,1.);
#14760=LINE('',#14730,#14750);
#14770=CARTESIAN_POINT('',(8.1,-7.4,1.));
#14780=VERTEX_POINT('',#14770);
#14790=CARTESIAN_POINT('',(8.1,-7.4,0.150000000000001));
#14800=VERTEX_POINT('',#14790);
#14810=EDGE_CURVE('',#14780,#14800,#14760,.T.);
#14820=ORIENTED_EDGE('',*,*,#14810,.F.);
#14830=CARTESIAN_POINT('',(8.1,-6.65,0.15));
#14840=DIRECTION('',(0.,1.,0.));
#14850=VECTOR('',#14840,1.);
#14860=LINE('',#14830,#14850);
#14870=CARTESIAN_POINT('',(8.1,-5.9,0.150000000000001));
#14880=VERTEX_POINT('',#14870);
#14890=EDGE_CURVE('',#14800,#14880,#14860,.T.);
#14900=ORIENTED_EDGE('',*,*,#14890,.F.);
#14910=CARTESIAN_POINT('',(8.1,-5.9,0.));
#14920=DIRECTION('',(0.,0.,-1.));
#14930=VECTOR('',#14920,1.);
#14940=LINE('',#14910,#14930);
#14950=CARTESIAN_POINT('',(8.1,-5.9,0.673368257713248));
#14960=VERTEX_POINT('',#14950);
#14970=EDGE_CURVE('',#14960,#14880,#14940,.T.);
#14980=ORIENTED_EDGE('',*,*,#14970,.T.);
#14990=CARTESIAN_POINT('',(8.1,0.,-0.611383261947974));
#15000=DIRECTION('',(0.,0.977102639903886,-0.212768491776527));
#15010=VECTOR('',#15000,1.);
#15020=LINE('',#14990,#15010);
#15030=EDGE_CURVE('',#14780,#14960,#15020,.T.);
#15040=ORIENTED_EDGE('',*,*,#15030,.T.);
#15050=EDGE_LOOP('',(#15040,#14980,#14900,#14820));
#15060=FACE_OUTER_BOUND('',#15050,.T.);
#15070=ADVANCED_FACE('',(#15060),#14720,.F.);
#15080=CARTESIAN_POINT('',(9.35,0.1,0.));
#15090=DIRECTION('',(0.,0.,-1.));
#15100=DIRECTION('',(-1.,0.,0.));
#15110=AXIS2_PLACEMENT_3D('',#15080,#15090,#15100);
#15120=CYLINDRICAL_SURFACE('',#15110,0.5);
#15130=ORIENTED_EDGE('',*,*,#9480,.T.);
#15140=CARTESIAN_POINT('',(9.35,0.1,10.3));
#15150=DIRECTION('',(0.,0.,-1.));
#15160=DIRECTION('',(1.,-0.,0.));
#15170=AXIS2_PLACEMENT_3D('',#15140,#15150,#15160);
#15180=CIRCLE('',#15170,0.5);
#15190=CARTESIAN_POINT('',(8.85,0.0999999999999999,10.3));
#15200=VERTEX_POINT('',#15190);
#15210=EDGE_CURVE('',#15200,#9450,#15180,.T.);
#15220=ORIENTED_EDGE('',*,*,#15210,.T.);
#15230=CARTESIAN_POINT('',(8.85,0.1,0.));
#15240=DIRECTION('',(0.,0.,-1.));
#15250=VECTOR('',#15240,1.);
#15260=LINE('',#15230,#15250);
#15270=CARTESIAN_POINT('',(8.85,0.1,1.8));
#15280=VERTEX_POINT('',#15270);
#15290=EDGE_CURVE('',#15200,#15280,#15260,.T.);
#15300=ORIENTED_EDGE('',*,*,#15290,.F.);
#15310=CARTESIAN_POINT('',(9.35,0.1,1.8));
#15320=DIRECTION('',(0.,0.,-1.));
#15330=DIRECTION('',(-1.,0.,0.));
#15340=AXIS2_PLACEMENT_3D('',#15310,#15320,#15330);
#15350=CIRCLE('',#15340,0.5);
#15360=EDGE_CURVE('',#15280,#9470,#15350,.T.);
#15370=ORIENTED_EDGE('',*,*,#15360,.F.);
#15380=EDGE_LOOP('',(#15370,#15300,#15220,#15130));
#15390=FACE_OUTER_BOUND('',#15380,.T.);
#15400=ADVANCED_FACE('',(#15390),#15120,.T.);
#15410=CARTESIAN_POINT('',(8.85,2.,-5.0400024));
#15420=DIRECTION('',(1.,0.,0.));
#15430=DIRECTION('',(0.,-1.,0.));
#15440=AXIS2_PLACEMENT_3D('',#15410,#15420,#15430);
#15450=PLANE('',#15440);
#15460=CARTESIAN_POINT('',(8.85,0.,0.5));
#15470=DIRECTION('',(0.,-1.,0.));
#15480=VECTOR('',#15470,1.);
#15490=LINE('',#15460,#15480);
#15500=CARTESIAN_POINT('',(8.85,-1.5,0.5));
#15510=VERTEX_POINT('',#15500);
#15520=CARTESIAN_POINT('',(8.85,-2.5,0.5));
#15530=VERTEX_POINT('',#15520);
#15540=EDGE_CURVE('',#15510,#15530,#15490,.T.);
#15550=ORIENTED_EDGE('',*,*,#15540,.F.);
#15560=CARTESIAN_POINT('',(8.85,-2.5,0.));
#15570=DIRECTION('',(0.,0.,1.));
#15580=VECTOR('',#15570,1.);
#15590=LINE('',#15560,#15580);
#15600=CARTESIAN_POINT('',(8.85,-2.5,0.));
#15610=VERTEX_POINT('',#15600);
#15620=EDGE_CURVE('',#15610,#15530,#15590,.T.);
#15630=ORIENTED_EDGE('',*,*,#15620,.T.);
#15640=CARTESIAN_POINT('',(8.85,0.,0.));
#15650=DIRECTION('',(0.,-1.,0.));
#15660=VECTOR('',#15650,1.);
#15670=LINE('',#15640,#15660);
#15680=CARTESIAN_POINT('',(8.85,-1.5,0.));
#15690=VERTEX_POINT('',#15680);
#15700=EDGE_CURVE('',#15690,#15610,#15670,.T.);
#15710=ORIENTED_EDGE('',*,*,#15700,.T.);
#15720=CARTESIAN_POINT('',(8.85,-1.5,0.));
#15730=DIRECTION('',(0.,0.,-1.));
#15740=VECTOR('',#15730,1.);
#15750=LINE('',#15720,#15740);
#15760=EDGE_CURVE('',#15510,#15690,#15750,.T.);
#15770=ORIENTED_EDGE('',*,*,#15760,.T.);
#15780=EDGE_LOOP('',(#15770,#15710,#15630,#15550));
#15790=FACE_OUTER_BOUND('',#15780,.T.);
#15800=ADVANCED_FACE('',(#15790),#15450,.F.);
#15810=CARTESIAN_POINT('',(17.5399995380496,-4.2,6.825));
#15820=DIRECTION('',(0.945945945945946,-1.80036166155431E-17,
-0.324324324324325));
#15830=DIRECTION('',(-0.324324324324325,-5.25105484620007E-17,
-0.945945945945946));
#15840=AXIS2_PLACEMENT_3D('',#15810,#15820,#15830);
#15850=PLANE('',#15840);
#15860=CARTESIAN_POINT('',(17.5999995380496,-4.2,7.));
#15870=DIRECTION('',(0.,1.,-5.55111512312578E-17));
#15880=VECTOR('',#15870,1.);
#15890=LINE('',#15860,#15880);
#15900=CARTESIAN_POINT('',(17.5999995380496,-4.4,7.));
#15910=VERTEX_POINT('',#15900);
#15920=CARTESIAN_POINT('',(17.5999995380496,-4.,7.));
#15930=VERTEX_POINT('',#15920);
#15940=EDGE_CURVE('',#15910,#15930,#15890,.T.);
#15950=ORIENTED_EDGE('',*,*,#15940,.T.);
#15960=CARTESIAN_POINT('',(15.6799995380496,-6.32,1.4));
#15970=DIRECTION('',(0.308504698037437,0.308504698037437,
0.899805369275856));
#15980=VECTOR('',#15970,1.);
#15990=LINE('',#15960,#15980);
#16000=EDGE_CURVE('',#12880,#15910,#15990,.T.);
#16010=ORIENTED_EDGE('',*,*,#16000,.T.);
#16020=CARTESIAN_POINT('',(17.4799995380496,-4.2,6.65));
#16030=DIRECTION('',(0.,1.,-5.55111512312578E-17));
#16040=VECTOR('',#16030,1.);
#16050=LINE('',#16020,#16040);
#16060=CARTESIAN_POINT('',(17.4799995380496,-3.88,6.65));
#16070=VERTEX_POINT('',#16060);
#16080=EDGE_CURVE('',#12880,#16070,#16050,.T.);
#16090=ORIENTED_EDGE('',*,*,#16080,.F.);
#16100=CARTESIAN_POINT('',(15.6799995380496,-2.08,1.4));
#16110=DIRECTION('',(0.308504698037437,-0.308504698037437,
0.899805369275856));
#16120=VECTOR('',#16110,1.);
#16130=LINE('',#16100,#16120);
#16140=EDGE_CURVE('',#16070,#15930,#16130,.T.);
#16150=ORIENTED_EDGE('',*,*,#16140,.F.);
#16160=EDGE_LOOP('',(#16150,#16090,#16010,#15950));
#16170=FACE_OUTER_BOUND('',#16160,.T.);
#16180=ADVANCED_FACE('',(#16170),#15850,.F.);
#16190=CARTESIAN_POINT('',(17.4799995380496,-4.52,7.));
#16200=DIRECTION('',(0.,-5.55111512312578E-17,-1.));
#16210=DIRECTION('',(1.,0.,0.));
#16220=AXIS2_PLACEMENT_3D('',#16190,#16200,#16210);
#16230=PLANE('',#16220);
#16240=ORIENTED_EDGE('',*,*,#15940,.F.);
#16250=CARTESIAN_POINT('',(17.7399995380496,-4.,7.));
#16260=DIRECTION('',(-1.,0.,0.));
#16270=VECTOR('',#16260,1.);
#16280=LINE('',#16250,#16270);
#16290=CARTESIAN_POINT('',(17.9999995380496,-4.,7.));
#16300=VERTEX_POINT('',#16290);
#16310=EDGE_CURVE('',#16300,#15930,#16280,.T.);
#16320=ORIENTED_EDGE('',*,*,#16310,.T.);
#16330=CARTESIAN_POINT('',(17.9999995380496,-4.14,7.));
#16340=DIRECTION('',(0.,1.,-5.55111512312578E-17));
#16350=VECTOR('',#16340,1.);
#16360=LINE('',#16330,#16350);
#16370=CARTESIAN_POINT('',(17.9999995380496,-4.4,7.));
#16380=VERTEX_POINT('',#16370);
#16390=EDGE_CURVE('',#16380,#16300,#16360,.T.);
#16400=ORIENTED_EDGE('',*,*,#16390,.T.);
#16410=CARTESIAN_POINT('',(17.7999995380496,-4.4,7.));
#16420=DIRECTION('',(-1.,0.,0.));
#16430=VECTOR('',#16420,1.);
#16440=LINE('',#16410,#16430);
#16450=EDGE_CURVE('',#16380,#15910,#16440,.T.);
#16460=ORIENTED_EDGE('',*,*,#16450,.F.);
#16470=EDGE_LOOP('',(#16460,#16400,#16320,#16240));
#16480=FACE_OUTER_BOUND('',#16470,.T.);
#16490=ADVANCED_FACE('',(#16480),#16230,.F.);
#16500=CARTESIAN_POINT('',(14.8,-2.35,10.65));
#16510=DIRECTION('',(0.,-0.707106781186549,0.707106781186546));
#16520=DIRECTION('',(0.,-0.707106781186546,-0.707106781186549));
#16530=AXIS2_PLACEMENT_3D('',#16500,#16510,#16520);
#16540=PLANE('',#16530);
#16550=CARTESIAN_POINT('',(28.0999995380496,-13.,0.));
#16560=DIRECTION('',(-0.577350269189625,0.577350269189625,
0.577350269189627));
#16570=VECTOR('',#16560,1.);
#16580=LINE('',#16550,#16570);
#16590=CARTESIAN_POINT('',(17.5999995380496,-2.5,10.5));
#16600=VERTEX_POINT('',#16590);
#16610=EDGE_CURVE('',#16600,#6140,#16580,.T.);
#16620=ORIENTED_EDGE('',*,*,#16610,.T.);
#16630=CARTESIAN_POINT('',(0.,-2.5,10.5));
#16640=DIRECTION('',(-1.,0.,0.));
#16650=VECTOR('',#16640,1.);
#16660=LINE('',#16630,#16650);
#16670=EDGE_CURVE('',#16600,#11020,#16660,.T.);
#16680=ORIENTED_EDGE('',*,*,#16670,.F.);
#16690=ORIENTED_EDGE('',*,*,#11030,.T.);
#16700=ORIENTED_EDGE('',*,*,#6230,.F.);
#16710=EDGE_LOOP('',(#16700,#16690,#16680,#16620));
#16720=FACE_OUTER_BOUND('',#16710,.T.);
#16730=ADVANCED_FACE('',(#16720),#16540,.T.);
#16740=CARTESIAN_POINT('',(6.35,2.,-5.0400024));
#16750=DIRECTION('',(1.,0.,0.));
#16760=DIRECTION('',(0.,-1.,0.));
#16770=AXIS2_PLACEMENT_3D('',#16740,#16750,#16760);
#16780=PLANE('',#16770);
#16790=CARTESIAN_POINT('',(6.35,0.,0.5));
#16800=DIRECTION('',(0.,-1.,0.));
#16810=VECTOR('',#16800,1.);
#16820=LINE('',#16790,#16810);
#16830=CARTESIAN_POINT('',(6.35,-1.5,0.5));
#16840=VERTEX_POINT('',#16830);
#16850=CARTESIAN_POINT('',(6.35,-2.5,0.5));
#16860=VERTEX_POINT('',#16850);
#16870=EDGE_CURVE('',#16840,#16860,#16820,.T.);
#16880=ORIENTED_EDGE('',*,*,#16870,.T.);
#16890=CARTESIAN_POINT('',(6.35,-1.5,0.));
#16900=DIRECTION('',(0.,0.,1.));
#16910=VECTOR('',#16900,1.);
#16920=LINE('',#16890,#16910);
#16930=CARTESIAN_POINT('',(6.35,-1.5,0.));
#16940=VERTEX_POINT('',#16930);
#16950=EDGE_CURVE('',#16940,#16840,#16920,.T.);
#16960=ORIENTED_EDGE('',*,*,#16950,.T.);
#16970=CARTESIAN_POINT('',(6.35,0.,0.));
#16980=DIRECTION('',(0.,-1.,0.));
#16990=VECTOR('',#16980,1.);
#17000=LINE('',#16970,#16990);
#17010=CARTESIAN_POINT('',(6.35,-2.5,0.));
#17020=VERTEX_POINT('',#17010);
#17030=EDGE_CURVE('',#16940,#17020,#17000,.T.);
#17040=ORIENTED_EDGE('',*,*,#17030,.F.);
#17050=CARTESIAN_POINT('',(6.35,-2.5,0.));
#17060=DIRECTION('',(0.,0.,1.));
#17070=VECTOR('',#17060,1.);
#17080=LINE('',#17050,#17070);
#17090=EDGE_CURVE('',#17020,#16860,#17080,.T.);
#17100=ORIENTED_EDGE('',*,*,#17090,.F.);
#17110=EDGE_LOOP('',(#17100,#17040,#16960,#16880));
#17120=FACE_OUTER_BOUND('',#17110,.T.);
#17130=ADVANCED_FACE('',(#17120),#16780,.T.);
#17140=CARTESIAN_POINT('',(11.85,0.,0.));
#17150=DIRECTION('',(0.,0.,-1.));
#17160=DIRECTION('',(-1.,0.,0.));
#17170=AXIS2_PLACEMENT_3D('',#17140,#17150,#17160);
#17180=PLANE('',#17170);
#17190=CARTESIAN_POINT('',(-1.25,-1.5,0.));
#17200=DIRECTION('',(1.,0.,0.));
#17210=VECTOR('',#17200,1.);
#17220=LINE('',#17190,#17210);
#17230=CARTESIAN_POINT('',(2.8,-1.5,0.));
#17240=VERTEX_POINT('',#17230);
#17250=EDGE_CURVE('',#17240,#16940,#17220,.T.);
#17260=ORIENTED_EDGE('',*,*,#17250,.T.);
#17270=CARTESIAN_POINT('',(2.8,-7.9,0.));
#17280=DIRECTION('',(0.,1.,0.));
#17290=VECTOR('',#17280,1.);
#17300=LINE('',#17270,#17290);
#17310=CARTESIAN_POINT('',(2.8,-2.5,0.));
#17320=VERTEX_POINT('',#17310);
#17330=EDGE_CURVE('',#17320,#17240,#17300,.T.);
#17340=ORIENTED_EDGE('',*,*,#17330,.T.);
#17350=CARTESIAN_POINT('',(0.,-2.5,0.));
#17360=DIRECTION('',(1.,0.,0.));
#17370=VECTOR('',#17360,1.);
#17380=LINE('',#17350,#17370);
#17390=EDGE_CURVE('',#17320,#17020,#17380,.T.);
#17400=ORIENTED_EDGE('',*,*,#17390,.F.);
#17410=ORIENTED_EDGE('',*,*,#17030,.T.);
#17420=EDGE_LOOP('',(#17410,#17400,#17340,#17260));
#17430=FACE_OUTER_BOUND('',#17420,.T.);
#17440=ADVANCED_FACE('',(#17430),#17180,.T.);
#17450=CARTESIAN_POINT('',(0.,-7.4,10.3));
#17460=DIRECTION('',(1.,0.,0.));
#17470=DIRECTION('',(0.,-1.,0.));
#17480=AXIS2_PLACEMENT_3D('',#17450,#17460,#17470);
#17490=CYLINDRICAL_SURFACE('',#17480,0.5);
#17500=ORIENTED_EDGE('',*,*,#8490,.F.);
#17510=CARTESIAN_POINT('',(19.7999995380496,-7.4,10.8));
#17520=CARTESIAN_POINT('',(19.8082585421268,-7.4205563213112,10.8));
#17530=CARTESIAN_POINT('',(19.816447944328,-7.44112101569576,
10.7987314196657));
#17540=CARTESIAN_POINT('',(19.8328401098851,-7.48210142958872,
10.7936476620813));
#17550=CARTESIAN_POINT('',(19.8409972708132,-7.50249433190895,
10.7898226756338));
#17560=CARTESIAN_POINT('',(19.8558616993211,-7.53965540317869,
10.7804215114118));
#17570=CARTESIAN_POINT('',(19.8625893702917,-7.55647458060242,
10.7752123146331));
#17580=CARTESIAN_POINT('',(19.8759165209123,-7.58979245715406,
10.7629237073908));
#17590=CARTESIAN_POINT('',(19.8825044991957,-7.60626240286505,
10.7558277004313));
#17600=CARTESIAN_POINT('',(19.895493888542,-7.63873587623093,
10.7397037765821));
#17610=CARTESIAN_POINT('',(19.9018812851858,-7.65470436782627,
10.7306558270135));
#17620=CARTESIAN_POINT('',(19.9144099703945,-7.68602608084818,
10.710540198541));
#17630=CARTESIAN_POINT('',(19.9205331450502,-7.70133401746533,
10.6994465431004));
#17640=CARTESIAN_POINT('',(19.9350589907773,-7.73764863178306,
10.6698264311584));
#17650=CARTESIAN_POINT('',(19.9431533687938,-7.75788457686029,
10.6503088805671));
#17660=CARTESIAN_POINT('',(19.9583687742718,-7.79592309055539,
10.6067875584334));
#17670=CARTESIAN_POINT('',(19.9653962335896,-7.81349173884988,
10.582702893697));
#17680=CARTESIAN_POINT('',(19.9772842648029,-7.84321181688314,
10.5331103175586));
#17690=CARTESIAN_POINT('',(19.9822380035411,-7.85559616370935,
10.5079071233216));
#17700=CARTESIAN_POINT('',(19.9905907381601,-7.87647800025671,
10.4543621979265));
#17710=CARTESIAN_POINT('',(19.9938998396613,-7.884750753989,
10.4260498445325));
#17720=CARTESIAN_POINT('',(19.9973804905043,-7.8934523810965,
10.3820880848311));
#17730=CARTESIAN_POINT('',(19.9982935720748,-7.89573508506269,
10.3669435560754));
#17740=CARTESIAN_POINT('',(19.9990566580727,-7.89764280005746,
10.3485944983941));
#17750=CARTESIAN_POINT('',(19.9991743524385,-7.89793703597209,
10.345480566322));
#17760=CARTESIAN_POINT('',(19.9997594005114,-7.89939965615403,
10.3282794816952));
#17770=CARTESIAN_POINT('',(19.9999995507113,-7.9,10.3141434450534));
#17780=CARTESIAN_POINT('',(19.999999536458,-7.9,10.3));
#17790=B_SPLINE_CURVE_WITH_KNOTS('',3,(#17510,#17520,#17530,#17540,
#17550,#17560,#17570,#17580,#17590,#17600,#17610,#17620,#17630,#17640,
#17650,#17660,#17670,#17680,#17690,#17700,#17710,#17720,#17730,#17740,
#17750,#17760,#17770,#17780),.UNSPECIFIED.,.F.,.F.,(4,2,2,2,2,2,2,2,2,2,
2,2,2,4),(0.,0.0664420136006185,0.13325067897584,0.189747201541122,
0.247010242702849,0.305253781512476,0.364807941420132,0.452400141267899,
0.544071057883719,0.629428686133675,0.718252776913492,0.764240636602447,
0.773628810866574,0.81605601758588),.UNSPECIFIED.);
#17800=CARTESIAN_POINT('',(19.9999995380496,-7.9,10.3));
#17810=VERTEX_POINT('',#17800);
#17820=EDGE_CURVE('',#8420,#17810,#17790,.T.);
#17830=ORIENTED_EDGE('',*,*,#17820,.F.);
#17840=CARTESIAN_POINT('',(0.,-7.9,10.3));
#17850=DIRECTION('',(1.,0.,0.));
#17860=VECTOR('',#17850,1.);
#17870=LINE('',#17840,#17860);
#17880=CARTESIAN_POINT('',(18.7999995380496,-7.9,10.3));
#17890=VERTEX_POINT('',#17880);
#17900=EDGE_CURVE('',#17890,#17810,#17870,.T.);
#17910=ORIENTED_EDGE('',*,*,#17900,.T.);
#17920=CARTESIAN_POINT('',(18.9999995380496,-7.4,10.8));
#17930=CARTESIAN_POINT('',(18.9917405339729,-7.4205563213101,10.8));
#17940=CARTESIAN_POINT('',(18.9835511317722,-7.4411210156936,
10.7987314196658));
#17950=CARTESIAN_POINT('',(18.9671589662159,-7.48210142958432,
10.793647662082));
#17960=CARTESIAN_POINT('',(18.9590018052883,-7.50249433190341,
10.7898226756349));
#17970=CARTESIAN_POINT('',(18.9441373767807,-7.53965540317229,
10.7804215114137));
#17980=CARTESIAN_POINT('',(18.9374097058101,-7.55647458059623,
10.7752123146351));
#17990=CARTESIAN_POINT('',(18.9240825551892,-7.5897924571483,
10.7629237073931));
#18000=CARTESIAN_POINT('',(18.9174945769058,-7.60626240285951,
10.7558277004339));
#18010=CARTESIAN_POINT('',(18.9045051875593,-7.63873587622582,
10.7397037765849));
#18020=CARTESIAN_POINT('',(18.8981177909155,-7.65470436782137,
10.7306558270164));
#18030=CARTESIAN_POINT('',(18.8855891057065,-7.68602608084374,
10.7105401985441));
#18040=CARTESIAN_POINT('',(18.8794659310508,-7.70133401746113,
10.6994465431036));
#18050=CARTESIAN_POINT('',(18.8649400853235,-7.73764863177929,
10.6698264311619));
#18060=CARTESIAN_POINT('',(18.8568457073069,-7.75788457685674,
10.6503088805707));
#18070=CARTESIAN_POINT('',(18.8416303018287,-7.79592309055232,
10.6067875584373));
#18080=CARTESIAN_POINT('',(18.8346028425108,-7.81349173884706,
10.5827028937012));
#18090=CARTESIAN_POINT('',(18.8227148112972,-7.84321181688122,
10.5331103175623));
#18100=CARTESIAN_POINT('',(18.8177610725587,-7.85559616370798,
10.5079071233247));
#18110=CARTESIAN_POINT('',(18.8094083379394,-7.87647800025621,
10.4543621979282));
#18120=CARTESIAN_POINT('',(18.806099236438,-7.88475075398883,
10.4260498445334));
#18130=CARTESIAN_POINT('',(18.8026185855949,-7.8934523810965,
10.3820880848311));
#18140=CARTESIAN_POINT('',(18.8017055040245,-7.89573508506268,
10.3669435560754));
#18150=CARTESIAN_POINT('',(18.8009424180266,-7.89764280005745,
10.3485944983942));
#18160=CARTESIAN_POINT('',(18.8008247236608,-7.89793703597208,
10.345480566322));
#18170=CARTESIAN_POINT('',(18.8002396755879,-7.89939965615403,
10.3282794816952));
#18180=CARTESIAN_POINT('',(18.799999525388,-7.9,10.3141434450534));
#18190=CARTESIAN_POINT('',(18.7999995396413,-7.9,10.3));
#18200=B_SPLINE_CURVE_WITH_KNOTS('',3,(#17920,#17930,#17940,#17950,
#17960,#17970,#17980,#17990,#18000,#18010,#18020,#18030,#18040,#18050,
#18060,#18070,#18080,#18090,#18100,#18110,#18120,#18130,#18140,#18150,
#18160,#18170,#18180,#18190),.UNSPECIFIED.,.F.,.F.,(4,2,2,2,2,2,2,2,2,2,
2,2,2,4),(0.,0.0664420135970128,0.133250678968547,0.18974720153433,
0.247010242696557,0.305253781506693,0.36480794141486,0.452400141262852,
0.544071057878883,0.629428686131319,0.718252776913822,0.764240636602711,
0.773628810866945,0.816056017586277),.UNSPECIFIED.);
#18210=EDGE_CURVE('',#7100,#17890,#18200,.T.);
#18220=ORIENTED_EDGE('',*,*,#18210,.T.);
#18230=EDGE_LOOP('',(#18220,#17910,#17830,#17500));
#18240=FACE_OUTER_BOUND('',#18230,.T.);
#18250=ADVANCED_FACE('',(#18240),#17490,.T.);
#18260=CARTESIAN_POINT('',(6.95000026902482,-9.3,-5.0400024));
#18270=DIRECTION('',(-1.,0.,0.));
#18280=DIRECTION('',(0.,1.,0.));
#18290=AXIS2_PLACEMENT_3D('',#18260,#18270,#18280);
#18300=PLANE('',#18290);
#18310=CARTESIAN_POINT('',(6.95000026902482,-0.750000001591616,10.3));
#18320=CARTESIAN_POINT('',(6.95000026902482,-0.750000001591616,
10.2858578643012));
#18330=CARTESIAN_POINT('',(6.95000026902482,-0.75,10.2717157286025));
#18340=CARTESIAN_POINT('',(6.95000026902482,-0.75,10.0952573952691));
#18350=CARTESIAN_POINT('',(6.95000026902482,-0.75,9.93294119763457));
#18360=CARTESIAN_POINT('',(6.95000026902482,-0.75,9.73533333333333));
#18370=CARTESIAN_POINT('',(6.95000026902482,-0.75,9.70004166666667));
#18380=CARTESIAN_POINT('',(6.95000026902482,-0.75,9.62945833333333));
#18390=CARTESIAN_POINT('',(6.95000026902482,-0.75,9.59416666666667));
#18400=CARTESIAN_POINT('',(6.95000026902482,-0.75,9.52358333333333));
#18410=CARTESIAN_POINT('',(6.95000026902482,-0.75,9.48829166666666));
#18420=CARTESIAN_POINT('',(6.95000026902482,-0.75,9.347125));
#18430=CARTESIAN_POINT('',(6.95000026902482,-0.75,9.135375));
#18440=CARTESIAN_POINT('',(6.95000026902482,-0.75,8.923625));
#18450=CARTESIAN_POINT('',(6.95000026902482,-0.75,8.606));
#18460=CARTESIAN_POINT('',(6.95000026902482,-0.75,8.39425));
#18470=CARTESIAN_POINT('',(6.95000026902482,-0.75,7.85605208333333));
#18480=CARTESIAN_POINT('',(6.95000026902482,-0.75,7.52960416666666));
#18490=CARTESIAN_POINT('',(6.95000026902482,-0.75,6.87670833333333));
#18500=CARTESIAN_POINT('',(6.95000026902482,-0.75,6.55026041666666));
#18510=CARTESIAN_POINT('',(6.95000026902482,-0.75,6.20616666666666));
#18520=CARTESIAN_POINT('',(6.95000026902482,-0.75,6.18852083333333));
#18530=CARTESIAN_POINT('',(6.95000026902482,-0.75,6.15322916666666));
#18540=CARTESIAN_POINT('',(6.95000026902482,-0.75,6.13558333333333));
#18550=CARTESIAN_POINT('',(6.95000026902482,-0.75,6.11443380229039));
#18560=CARTESIAN_POINT('',(6.95000026902482,-0.75,6.11093010458079));
#18570=CARTESIAN_POINT('',(6.95000026902482,-0.75,6.09328427124746));
#18580=CARTESIAN_POINT('',(6.95000026902482,-0.75,6.07914213562372));
#18590=CARTESIAN_POINT('',(6.95000026902482,-0.75,6.05085786437626));
#18600=CARTESIAN_POINT('',(6.95000026902482,-0.75,6.03671572875253));
#18610=CARTESIAN_POINT('',(6.95000026902482,-0.75,6.0090698954192));
#18620=CARTESIAN_POINT('',(6.95000026902482,-0.75,5.9955661977096));
#18630=CARTESIAN_POINT('',(6.95000026902482,-0.75,5.96441666666667));
#18640=CARTESIAN_POINT('',(6.95000026902482,-0.75,5.94677083333333));
#18650=CARTESIAN_POINT('',(6.95000026902482,-0.75,5.91147916666667));
#18660=CARTESIAN_POINT('',(6.95000026902482,-0.75,5.89383333333333));
#18670=CARTESIAN_POINT('',(6.95000026902482,-0.75,5.55223958333333));
#18680=CARTESIAN_POINT('',(6.95000026902482,-0.75,5.22829166666666));
#18690=CARTESIAN_POINT('',(6.95000026902482,-0.75,4.58039583333333));
#18700=CARTESIAN_POINT('',(6.95000026902482,-0.75,4.25644791666666));
#18710=CARTESIAN_POINT('',(6.95000026902482,-0.75,3.71824999999999));
#18720=CARTESIAN_POINT('',(6.95000026902482,-0.75,3.504));
#18730=CARTESIAN_POINT('',(6.95000026902482,-0.75,3.182625));
#18740=CARTESIAN_POINT('',(6.95000026902482,-0.75,2.968375));
#18750=CARTESIAN_POINT('',(6.95000026902482,-0.75,2.754125));
#18760=CARTESIAN_POINT('',(6.95000026902482,-0.75,2.61170833333333));
#18770=CARTESIAN_POINT('',(6.95000026902482,-0.75,2.57641666666667));
#18780=CARTESIAN_POINT('',(6.95000026902482,-0.75,2.50583333333333));
#18790=CARTESIAN_POINT('',(6.95000026902482,-0.75,2.47054166666667));
#18800=CARTESIAN_POINT('',(6.95000026902482,-0.75,2.39995833333333));
#18810=CARTESIAN_POINT('',(6.95000026902482,-0.75,2.36466666666667));
#18820=CARTESIAN_POINT('',(6.95000026902482,-0.75,0.731245285954792));
#18830=CARTESIAN_POINT('',(6.95000026902482,-0.75,-0.866884428090416));
#18840=CARTESIAN_POINT('',(6.95000026902482,-0.75,-2.46501414213562));
#18850=(BOUNDED_CURVE() B_SPLINE_CURVE(3,(#18310,#18320,#18330,#18340,
#18350,#18360,#18370,#18380,#18390,#18400,#18410,#18420,#18430,#18440,
#18450,#18460,#18470,#18480,#18490,#18500,#18510,#18520,#18530,#18540,
#18550,#18560,#18570,#18580,#18590,#18600,#18610,#18620,#18630,#18640,
#18650,#18660,#18670,#18680,#18690,#18700,#18710,#18720,#18730,#18740,
#18750,#18760,#18770,#18780,#18790,#18800,#18810,#18820,#18830,#18840),
.UNSPECIFIED.,.F.,.F.) B_SPLINE_CURVE_WITH_KNOTS((4,2,2,2,2,2,1,2,2,2,2,
2,2,2,2,2,2,2,2,2,2,2,1,2,2,2,2,4),(0.,0.0424264070963023,
0.529375000000003,0.635250000000003,0.741125000000003,0.847000000000002,
1.164625,1.48225,2.1175,3.09684375000001,4.07618750000001,
4.12912500000001,4.18206250000001,4.19257359312882,4.23500000000001,
4.27742640687121,4.31793750000001,4.37087500000001,4.42381250000001,
5.39565625000001,6.36750000000001,7.01025000000001,7.331625,7.653,
7.758875,7.86475,7.970625,12.7650141421356),.UNSPECIFIED.) CURVE() 
GEOMETRIC_REPRESENTATION_ITEM() RATIONAL_B_SPLINE_CURVE((1.,1.,1.,1.,1.,
1.,1.,1.,1.,1.,1.,1.,1.,1.,1.,1.,1.,1.,1.,1.,1.,1.,1.,1.,1.,1.,1.,1.,1.,
1.,1.,1.,1.,1.,1.,1.,1.,1.,1.,1.,1.,1.,1.,1.,1.,1.,1.,1.,1.,1.,1.,1.,1.,
1.)) REPRESENTATION_ITEM(''));
#18860=CARTESIAN_POINT('',(6.95000026902482,-0.750000001591616,10.3));
#18870=VERTEX_POINT('',#18860);
#18880=CARTESIAN_POINT('',(6.95000026902482,-0.75,1.8));
#18890=VERTEX_POINT('',#18880);
#18900=EDGE_CURVE('',#18870,#18890,#18850,.T.);
#18910=ORIENTED_EDGE('',*,*,#18900,.F.);
#18920=CARTESIAN_POINT('',(6.95000026902482,0.,1.8));
#18930=DIRECTION('',(0.,-1.,0.));
#18940=VECTOR('',#18930,1.);
#18950=LINE('',#18920,#18940);
#18960=CARTESIAN_POINT('',(6.95000026902482,-1.5,1.8));
#18970=VERTEX_POINT('',#18960);
#18980=EDGE_CURVE('',#18890,#18970,#18950,.T.);
#18990=ORIENTED_EDGE('',*,*,#18980,.F.);
#19000=CARTESIAN_POINT('',(6.95000026902482,-1.5,0.));
#19010=DIRECTION('',(0.,0.,1.));
#19020=VECTOR('',#19010,1.);
#19030=LINE('',#19000,#19020);
#19040=CARTESIAN_POINT('',(6.95000026902482,-1.5,10.3));
#19050=VERTEX_POINT('',#19040);
#19060=EDGE_CURVE('',#18970,#19050,#19030,.T.);
#19070=ORIENTED_EDGE('',*,*,#19060,.F.);
#19080=CARTESIAN_POINT('',(6.95000026902482,0.,10.3));
#19090=DIRECTION('',(0.,1.,0.));
#19100=VECTOR('',#19090,1.);
#19110=LINE('',#19080,#19100);
#19120=EDGE_CURVE('',#19050,#18870,#19110,.T.);
#19130=ORIENTED_EDGE('',*,*,#19120,.F.);
#19140=EDGE_LOOP('',(#19130,#19070,#18990,#18910));
#19150=FACE_OUTER_BOUND('',#19140,.T.);
#19160=ADVANCED_FACE('',(#19150),#18300,.F.);
#19170=CARTESIAN_POINT('',(6.35,-0.45,-1.0800024));
#19180=DIRECTION('',(-0.,-1.,-0.));
#19190=DIRECTION('',(-1.,0.,0.));
#19200=AXIS2_PLACEMENT_3D('',#19170,#19180,#19190);
#19210=PLANE('',#19200);
#19220=CARTESIAN_POINT('',(0.,-0.45,10.3));
#19230=DIRECTION('',(-1.,0.,0.));
#19240=VECTOR('',#19230,1.);
#19250=LINE('',#19220,#19240);
#19260=CARTESIAN_POINT('',(6.65000026743321,-0.45,10.3));
#19270=VERTEX_POINT('',#19260);
#19280=CARTESIAN_POINT('',(3.3,-0.45,10.3));
#19290=VERTEX_POINT('',#19280);
#19300=EDGE_CURVE('',#19270,#19290,#19250,.T.);
#19310=ORIENTED_EDGE('',*,*,#19300,.F.);
#19320=CARTESIAN_POINT('',(3.3,-0.45,0.));
#19330=DIRECTION('',(0.,0.,1.));
#19340=VECTOR('',#19330,1.);
#19350=LINE('',#19320,#19340);
#19360=CARTESIAN_POINT('',(3.3,-0.45,1.8));
#19370=VERTEX_POINT('',#19360);
#19380=EDGE_CURVE('',#19370,#19290,#19350,.T.);
#19390=ORIENTED_EDGE('',*,*,#19380,.T.);
#19400=CARTESIAN_POINT('',(0.,-0.45,1.8));
#19410=DIRECTION('',(1.,0.,0.));
#19420=VECTOR('',#19410,1.);
#19430=LINE('',#19400,#19420);
#19440=CARTESIAN_POINT('',(6.65000026902482,-0.45,1.8));
#19450=VERTEX_POINT('',#19440);
#19460=EDGE_CURVE('',#19370,#19450,#19430,.T.);
#19470=ORIENTED_EDGE('',*,*,#19460,.F.);
#19480=CARTESIAN_POINT('',(6.65000026743321,-0.45,10.3));
#19490=CARTESIAN_POINT('',(6.65000026743321,-0.45,10.2858578643012));
#19500=CARTESIAN_POINT('',(6.65000026902482,-0.45,10.2717157286025));
#19510=CARTESIAN_POINT('',(6.65000026902482,-0.45,10.0952573952691));
#19520=CARTESIAN_POINT('',(6.65000026902482,-0.45,9.93294119763457));
#19530=CARTESIAN_POINT('',(6.65000026902482,-0.45,9.73533333333333));
#19540=CARTESIAN_POINT('',(6.65000026902482,-0.45,9.70004166666667));
#19550=CARTESIAN_POINT('',(6.65000026902482,-0.45,9.62945833333333));
#19560=CARTESIAN_POINT('',(6.65000026902482,-0.45,9.59416666666667));
#19570=CARTESIAN_POINT('',(6.65000026902482,-0.45,9.52358333333333));
#19580=CARTESIAN_POINT('',(6.65000026902482,-0.45,9.48829166666667));
#19590=CARTESIAN_POINT('',(6.65000026902482,-0.45,9.347125));
#19600=CARTESIAN_POINT('',(6.65000026902482,-0.45,9.135375));
#19610=CARTESIAN_POINT('',(6.65000026902482,-0.45,8.923625));
#19620=CARTESIAN_POINT('',(6.65000026902482,-0.45,8.606));
#19630=CARTESIAN_POINT('',(6.65000026902482,-0.45,8.39425));
#19640=CARTESIAN_POINT('',(6.65000026902482,-0.45,7.85605208333333));
#19650=CARTESIAN_POINT('',(6.65000026902482,-0.45,7.52960416666666));
#19660=CARTESIAN_POINT('',(6.65000026902482,-0.45,6.87670833333333));
#19670=CARTESIAN_POINT('',(6.65000026902482,-0.45,6.55026041666666));
#19680=CARTESIAN_POINT('',(6.65000026902482,-0.45,6.20616666666666));
#19690=CARTESIAN_POINT('',(6.65000026902482,-0.45,6.18852083333333));
#19700=CARTESIAN_POINT('',(6.65000026902482,-0.45,6.15322916666666));
#19710=CARTESIAN_POINT('',(6.65000026902482,-0.45,6.13558333333333));
#19720=CARTESIAN_POINT('',(6.65000026902482,-0.45,6.11443380229039));
#19730=CARTESIAN_POINT('',(6.65000026902482,-0.45,6.11093010458079));
#19740=CARTESIAN_POINT('',(6.65000026902482,-0.45,6.09328427124746));
#19750=CARTESIAN_POINT('',(6.65000026902482,-0.45,6.07914213562372));
#19760=CARTESIAN_POINT('',(6.65000026902482,-0.45,6.05085786437626));
#19770=CARTESIAN_POINT('',(6.65000026902483,-0.45,6.03671572875253));
#19780=CARTESIAN_POINT('',(6.65000026902483,-0.45,6.0090698954192));
#19790=CARTESIAN_POINT('',(6.65000026902483,-0.45,5.9955661977096));
#19800=CARTESIAN_POINT('',(6.65000026902483,-0.45,5.96441666666666));
#19810=CARTESIAN_POINT('',(6.65000026902483,-0.45,5.94677083333333));
#19820=CARTESIAN_POINT('',(6.65000026902483,-0.45,5.91147916666666));
#19830=CARTESIAN_POINT('',(6.65000026902483,-0.45,5.89383333333333));
#19840=CARTESIAN_POINT('',(6.65000026902483,-0.45,5.55223958333333));
#19850=CARTESIAN_POINT('',(6.65000026902483,-0.45,5.22829166666666));
#19860=CARTESIAN_POINT('',(6.65000026902482,-0.45,4.58039583333333));
#19870=CARTESIAN_POINT('',(6.65000026902482,-0.45,4.25644791666666));
#19880=CARTESIAN_POINT('',(6.65000026902482,-0.45,3.71824999999999));
#19890=CARTESIAN_POINT('',(6.65000026902482,-0.45,3.504));
#19900=CARTESIAN_POINT('',(6.65000026902482,-0.45,3.182625));
#19910=CARTESIAN_POINT('',(6.65000026902482,-0.45,2.968375));
#19920=CARTESIAN_POINT('',(6.65000026902482,-0.45,2.754125));
#19930=CARTESIAN_POINT('',(6.65000026902482,-0.45,2.61170833333333));
#19940=CARTESIAN_POINT('',(6.65000026902482,-0.45,2.57641666666667));
#19950=CARTESIAN_POINT('',(6.65000026902482,-0.45,2.50583333333333));
#19960=CARTESIAN_POINT('',(6.65000026902482,-0.45,2.47054166666667));
#19970=CARTESIAN_POINT('',(6.65000026902482,-0.45,2.39995833333333));
#19980=CARTESIAN_POINT('',(6.65000026902482,-0.45,2.36466666666667));
#19990=CARTESIAN_POINT('',(6.65000026902483,-0.45,0.731245285954792));
#20000=CARTESIAN_POINT('',(6.65000026902482,-0.45,-0.866884428090416));
#20010=CARTESIAN_POINT('',(6.65000026902482,-0.45,-2.46501414213562));
#20020=(BOUNDED_CURVE() B_SPLINE_CURVE(3,(#19480,#19490,#19500,#19510,
#19520,#19530,#19540,#19550,#19560,#19570,#19580,#19590,#19600,#19610,
#19620,#19630,#19640,#19650,#19660,#19670,#19680,#19690,#19700,#19710,
#19720,#19730,#19740,#19750,#19760,#19770,#19780,#19790,#19800,#19810,
#19820,#19830,#19840,#19850,#19860,#19870,#19880,#19890,#19900,#19910,
#19920,#19930,#19940,#19950,#19960,#19970,#19980,#19990,#20000,#20010),
.UNSPECIFIED.,.F.,.F.) B_SPLINE_CURVE_WITH_KNOTS((4,2,2,2,2,2,1,2,2,2,2,
2,2,2,2,2,2,2,2,2,2,2,1,2,2,2,2,4),(0.,0.0424264070963023,
0.529375000000003,0.635250000000003,0.741125000000003,0.847000000000002,
1.164625,1.48225,2.1175,3.09684375000001,4.07618750000001,
4.12912500000001,4.18206250000001,4.19257359312882,4.23500000000001,
4.27742640687121,4.31793750000001,4.37087500000001,4.42381250000001,
5.39565625000001,6.36750000000001,7.01025000000001,7.331625,7.653,
7.758875,7.86475,7.970625,12.7650141421356),.UNSPECIFIED.) CURVE() 
GEOMETRIC_REPRESENTATION_ITEM() RATIONAL_B_SPLINE_CURVE((1.,1.,1.,1.,1.,
1.,1.,1.,1.,1.,1.,1.,1.,1.,1.,1.,1.,1.,1.,1.,1.,1.,1.,1.,1.,1.,1.,1.,1.,
1.,1.,1.,1.,1.,1.,1.,1.,1.,1.,1.,1.,1.,1.,1.,1.,1.,1.,1.,1.,1.,1.,1.,1.,
1.)) REPRESENTATION_ITEM(''));
#20030=EDGE_CURVE('',#19270,#19450,#20020,.T.);
#20040=ORIENTED_EDGE('',*,*,#20030,.T.);
#20050=EDGE_LOOP('',(#20040,#19470,#19390,#19310));
#20060=FACE_OUTER_BOUND('',#20050,.T.);
#20070=ADVANCED_FACE('',(#20060),#19210,.F.);
#20080=CARTESIAN_POINT('',(18.0599995380496,-4.14,6.825));
#20090=DIRECTION('',(0.945945945945946,1.80036166155431E-17,
0.324324324324325));
#20100=DIRECTION('',(0.324324324324325,-5.25105484620007E-17,
-0.945945945945946));
#20110=AXIS2_PLACEMENT_3D('',#20080,#20090,#20100);
#20120=PLANE('',#20110);
#20130=ORIENTED_EDGE('',*,*,#16390,.F.);
#20140=CARTESIAN_POINT('',(19.9199995380496,-2.08,1.4));
#20150=DIRECTION('',(0.308504698037437,0.308504698037437,
-0.899805369275856));
#20160=VECTOR('',#20150,1.);
#20170=LINE('',#20140,#20160);
#20180=CARTESIAN_POINT('',(18.1199995380496,-3.88,6.65));
#20190=VERTEX_POINT('',#20180);
#20200=EDGE_CURVE('',#16300,#20190,#20170,.T.);
#20210=ORIENTED_EDGE('',*,*,#20200,.F.);
#20220=CARTESIAN_POINT('',(18.1199995380496,-4.14,6.65));
#20230=DIRECTION('',(0.,1.,-5.55111512312578E-17));
#20240=VECTOR('',#20230,1.);
#20250=LINE('',#20220,#20240);
#20260=EDGE_CURVE('',#12960,#20190,#20250,.T.);
#20270=ORIENTED_EDGE('',*,*,#20260,.T.);
#20280=CARTESIAN_POINT('',(19.9199995380496,-6.32,1.4));
#20290=DIRECTION('',(-0.308504698037437,0.308504698037437,
0.899805369275856));
#20300=VECTOR('',#20290,1.);
#20310=LINE('',#20280,#20300);
#20320=EDGE_CURVE('',#12960,#16380,#20310,.T.);
#20330=ORIENTED_EDGE('',*,*,#20320,.F.);
#20340=EDGE_LOOP('',(#20330,#20270,#20210,#20130));
#20350=FACE_OUTER_BOUND('',#20340,.T.);
#20360=ADVANCED_FACE('',(#20350),#20120,.T.);
#20370=CARTESIAN_POINT('',(5.65,-1.575,10.65));
#20380=DIRECTION('',(0.707106781186549,0.,-0.707106781186546));
#20390=DIRECTION('',(-0.707106781186546,0.,-0.707106781186549));
#20400=AXIS2_PLACEMENT_3D('',#20370,#20380,#20390);
#20410=PLANE('',#20400);
#20420=CARTESIAN_POINT('',(-4.99999999999995,-13.,0.));
#20430=DIRECTION('',(-0.577350269189625,-0.577350269189625,
-0.577350269189627));
#20440=VECTOR('',#20430,1.);
#20450=LINE('',#20420,#20440);
#20460=CARTESIAN_POINT('',(5.5,-2.5,10.5));
#20470=VERTEX_POINT('',#20460);
#20480=EDGE_CURVE('',#6450,#20470,#20450,.T.);
#20490=ORIENTED_EDGE('',*,*,#20480,.F.);
#20500=CARTESIAN_POINT('',(5.5,-1.575,10.5));
#20510=DIRECTION('',(0.,1.,0.));
#20520=VECTOR('',#20510,1.);
#20530=LINE('',#20500,#20520);
#20540=CARTESIAN_POINT('',(5.5,-1.35,10.5));
#20550=VERTEX_POINT('',#20540);
#20560=EDGE_CURVE('',#20470,#20550,#20530,.T.);
#20570=ORIENTED_EDGE('',*,*,#20560,.F.);
#20580=CARTESIAN_POINT('',(-4.99999999999997,-11.85,0.));
#20590=DIRECTION('',(0.577350269189625,0.577350269189626,
0.577350269189627));
#20600=VECTOR('',#20590,1.);
#20610=LINE('',#20580,#20600);
#20620=EDGE_CURVE('',#20550,#6530,#20610,.T.);
#20630=ORIENTED_EDGE('',*,*,#20620,.F.);
#20640=ORIENTED_EDGE('',*,*,#6540,.F.);
#20650=EDGE_LOOP('',(#20640,#20630,#20570,#20490));
#20660=FACE_OUTER_BOUND('',#20650,.T.);
#20670=ADVANCED_FACE('',(#20660),#20410,.F.);
#20680=CARTESIAN_POINT('',(4.1,-1.35,10.8));
#20690=DIRECTION('',(-1.,0.,0.));
#20700=DIRECTION('',(0.,1.,0.));
#20710=AXIS2_PLACEMENT_3D('',#20680,#20690,#20700);
#20720=PLANE('',#20710);
#20730=CARTESIAN_POINT('',(4.1,-1.35,0.));
#20740=DIRECTION('',(0.,0.,-1.));
#20750=VECTOR('',#20740,1.);
#20760=LINE('',#20730,#20750);
#20770=CARTESIAN_POINT('',(4.1,-1.35,10.5));
#20780=VERTEX_POINT('',#20770);
#20790=CARTESIAN_POINT('',(4.1,-1.35,2.5));
#20800=VERTEX_POINT('',#20790);
#20810=EDGE_CURVE('',#20780,#20800,#20760,.T.);
#20820=ORIENTED_EDGE('',*,*,#20810,.F.);
#20830=CARTESIAN_POINT('',(4.1,0.,2.5));
#20840=DIRECTION('',(0.,-1.,0.));
#20850=VECTOR('',#20840,1.);
#20860=LINE('',#20830,#20850);
#20870=CARTESIAN_POINT('',(4.1,-2.5,2.5));
#20880=VERTEX_POINT('',#20870);
#20890=EDGE_CURVE('',#20800,#20880,#20860,.T.);
#20900=ORIENTED_EDGE('',*,*,#20890,.F.);
#20910=CARTESIAN_POINT('',(4.1,-2.5,0.));
#20920=DIRECTION('',(0.,0.,-1.));
#20930=VECTOR('',#20920,1.);
#20940=LINE('',#20910,#20930);
#20950=CARTESIAN_POINT('',(4.1,-2.5,10.5));
#20960=VERTEX_POINT('',#20950);
#20970=EDGE_CURVE('',#20960,#20880,#20940,.T.);
#20980=ORIENTED_EDGE('',*,*,#20970,.T.);
#20990=CARTESIAN_POINT('',(4.1,-1.625,10.5));
#21000=DIRECTION('',(0.,-1.,0.));
#21010=VECTOR('',#21000,1.);
#21020=LINE('',#20990,#21010);
#21030=EDGE_CURVE('',#20780,#20960,#21020,.T.);
#21040=ORIENTED_EDGE('',*,*,#21030,.T.);
#21050=EDGE_LOOP('',(#21040,#20980,#20900,#20820));
#21060=FACE_OUTER_BOUND('',#21050,.T.);
#21070=ADVANCED_FACE('',(#21060),#20720,.F.);
#21080=CARTESIAN_POINT('',(4.8,-1.2,10.65));
#21090=DIRECTION('',(0.,-0.707106781186548,0.707106781186547));
#21100=DIRECTION('',(1.57009245868377E-15,0.707106781186547,
0.707106781186548));
#21110=AXIS2_PLACEMENT_3D('',#21080,#21090,#21100);
#21120=PLANE('',#21110);
#21130=CARTESIAN_POINT('',(14.6,-11.85,0.));
#21140=DIRECTION('',(-0.577350269189625,0.577350269189626,
0.577350269189627));
#21150=VECTOR('',#21140,1.);
#21160=LINE('',#21130,#21150);
#21170=EDGE_CURVE('',#20780,#6610,#21160,.T.);
#21180=ORIENTED_EDGE('',*,*,#21170,.F.);
#21190=ORIENTED_EDGE('',*,*,#6620,.T.);
#21200=ORIENTED_EDGE('',*,*,#20620,.T.);
#21210=CARTESIAN_POINT('',(4.8,-1.35,10.5));
#21220=DIRECTION('',(-1.,0.,0.));
#21230=VECTOR('',#21220,1.);
#21240=LINE('',#21210,#21230);
#21250=EDGE_CURVE('',#20550,#20780,#21240,.T.);
#21260=ORIENTED_EDGE('',*,*,#21250,.F.);
#21270=EDGE_LOOP('',(#21260,#21200,#21190,#21180));
#21280=FACE_OUTER_BOUND('',#21270,.T.);
#21290=ADVANCED_FACE('',(#21280),#21120,.T.);
#21300=CARTESIAN_POINT('',(3.95,-1.625,10.65));
#21310=DIRECTION('',(-0.707106781186549,-0.,-0.707106781186546));
#21320=DIRECTION('',(0.707106781186546,0.,-0.707106781186549));
#21330=AXIS2_PLACEMENT_3D('',#21300,#21310,#21320);
#21340=PLANE('',#21330);
#21350=ORIENTED_EDGE('',*,*,#21170,.T.);
#21360=ORIENTED_EDGE('',*,*,#21030,.F.);
#21370=CARTESIAN_POINT('',(14.6,-13.,0.));
#21380=DIRECTION('',(0.577350269189625,-0.577350269189625,
-0.577350269189627));
#21390=VECTOR('',#21380,1.);
#21400=LINE('',#21370,#21390);
#21410=EDGE_CURVE('',#6690,#20960,#21400,.T.);
#21420=ORIENTED_EDGE('',*,*,#21410,.T.);
#21430=ORIENTED_EDGE('',*,*,#6700,.F.);
#21440=EDGE_LOOP('',(#21430,#21420,#21360,#21350));
#21450=FACE_OUTER_BOUND('',#21440,.T.);
#21460=ADVANCED_FACE('',(#21450),#21340,.F.);
#21470=CARTESIAN_POINT('',(3.9,-2.35,10.65));
#21480=DIRECTION('',(0.,0.707106781186549,-0.707106781186546));
#21490=DIRECTION('',(0.,-0.707106781186546,-0.707106781186549));
#21500=AXIS2_PLACEMENT_3D('',#21470,#21480,#21490);
#21510=PLANE('',#21500);
#21520=ORIENTED_EDGE('',*,*,#21410,.F.);
#21530=CARTESIAN_POINT('',(0.,-2.5,10.5));
#21540=DIRECTION('',(1.,0.,0.));
#21550=VECTOR('',#21540,1.);
#21560=LINE('',#21530,#21550);
#21570=CARTESIAN_POINT('',(3.7,-2.5,10.5));
#21580=VERTEX_POINT('',#21570);
#21590=EDGE_CURVE('',#21580,#20960,#21560,.T.);
#21600=ORIENTED_EDGE('',*,*,#21590,.T.);
#21610=CARTESIAN_POINT('',(14.2,-13.,0.));
#21620=DIRECTION('',(0.577350269189626,-0.577350269189625,
-0.577350269189627));
#21630=VECTOR('',#21620,1.);
#21640=LINE('',#21610,#21630);
#21650=EDGE_CURVE('',#6770,#21580,#21640,.T.);
#21660=ORIENTED_EDGE('',*,*,#21650,.T.);
#21670=ORIENTED_EDGE('',*,*,#6780,.F.);
#21680=EDGE_LOOP('',(#21670,#21660,#21600,#21520));
#21690=FACE_OUTER_BOUND('',#21680,.T.);
#21700=ADVANCED_FACE('',(#21690),#21510,.F.);
#21710=CARTESIAN_POINT('',(17.7399995380496,-3.94,6.825));
#21720=DIRECTION('',(-0.,-0.945945945945946,-0.324324324324325));
#21730=DIRECTION('',(0.,-0.324324324324325,0.945945945945946));
#21740=AXIS2_PLACEMENT_3D('',#21710,#21720,#21730);
#21750=PLANE('',#21740);
#21760=CARTESIAN_POINT('',(17.7399995380496,-3.88,6.65));
#21770=DIRECTION('',(-1.,0.,0.));
#21780=VECTOR('',#21770,1.);
#21790=LINE('',#21760,#21780);
#21800=EDGE_CURVE('',#20190,#16070,#21790,.T.);
#21810=ORIENTED_EDGE('',*,*,#21800,.T.);
#21820=ORIENTED_EDGE('',*,*,#20200,.T.);
#21830=ORIENTED_EDGE('',*,*,#16310,.F.);
#21840=ORIENTED_EDGE('',*,*,#16140,.T.);
#21850=EDGE_LOOP('',(#21840,#21830,#21820,#21810));
#21860=FACE_OUTER_BOUND('',#21850,.T.);
#21870=ADVANCED_FACE('',(#21860),#21750,.F.);
#21880=CARTESIAN_POINT('',(6.65,-1.35,10.8));
#21890=DIRECTION('',(-0.,1.,0.));
#21900=DIRECTION('',(1.,0.,0.));
#21910=AXIS2_PLACEMENT_3D('',#21880,#21890,#21900);
#21920=PLANE('',#21910);
#21930=CARTESIAN_POINT('',(5.5,-1.35,0.));
#21940=DIRECTION('',(0.,0.,-1.));
#21950=VECTOR('',#21940,1.);
#21960=LINE('',#21930,#21950);
#21970=CARTESIAN_POINT('',(5.5,-1.35,2.5));
#21980=VERTEX_POINT('',#21970);
#21990=EDGE_CURVE('',#20550,#21980,#21960,.T.);
#22000=ORIENTED_EDGE('',*,*,#21990,.F.);
#22010=CARTESIAN_POINT('',(-1.25,-1.35,2.5));
#22020=DIRECTION('',(-1.,0.,0.));
#22030=VECTOR('',#22020,1.);
#22040=LINE('',#22010,#22030);
#22050=EDGE_CURVE('',#21980,#20800,#22040,.T.);
#22060=ORIENTED_EDGE('',*,*,#22050,.F.);
#22070=ORIENTED_EDGE('',*,*,#20810,.T.);
#22080=ORIENTED_EDGE('',*,*,#21250,.T.);
#22090=EDGE_LOOP('',(#22080,#22070,#22060,#22000));
#22100=FACE_OUTER_BOUND('',#22090,.T.);
#22110=ADVANCED_FACE('',(#22100),#21920,.F.);
#22120=CARTESIAN_POINT('',(18.1199995380496,-4.52,7.));
#22130=DIRECTION('',(-1.,-0.,0.));
#22140=DIRECTION('',(0.,-5.55111512312578E-17,-1.));
#22150=AXIS2_PLACEMENT_3D('',#22120,#22130,#22140);
#22160=PLANE('',#22150);
#22170=ORIENTED_EDGE('',*,*,#20260,.F.);
#22180=CARTESIAN_POINT('',(18.1199995380496,-3.88,-3.6));
#22190=DIRECTION('',(0.,5.55111512312578E-17,1.));
#22200=VECTOR('',#22190,1.);
#22210=LINE('',#22180,#22200);
#22220=CARTESIAN_POINT('',(18.1199995380496,-3.88,2.5));
#22230=VERTEX_POINT('',#22220);
#22240=EDGE_CURVE('',#22230,#20190,#22210,.T.);
#22250=ORIENTED_EDGE('',*,*,#22240,.T.);
#22260=CARTESIAN_POINT('',(18.1199995380496,0.,2.5));
#22270=DIRECTION('',(0.,1.,0.));
#22280=VECTOR('',#22270,1.);
#22290=LINE('',#22260,#22280);
#22300=EDGE_CURVE('',#12800,#22230,#22290,.T.);
#22310=ORIENTED_EDGE('',*,*,#22300,.T.);
#22320=ORIENTED_EDGE('',*,*,#13030,.T.);
#22330=EDGE_LOOP('',(#22320,#22310,#22250,#22170));
#22340=FACE_OUTER_BOUND('',#22330,.T.);
#22350=ADVANCED_FACE('',(#22340),#22160,.F.);
#22360=CARTESIAN_POINT('',(5.5,-1.8,10.8));
#22370=DIRECTION('',(1.,0.,0.));
#22380=DIRECTION('',(0.,-1.,0.));
#22390=AXIS2_PLACEMENT_3D('',#22360,#22370,#22380);
#22400=PLANE('',#22390);
#22410=ORIENTED_EDGE('',*,*,#20560,.T.);
#22420=CARTESIAN_POINT('',(5.5,-2.5,0.));
#22430=DIRECTION('',(0.,0.,1.));
#22440=VECTOR('',#22430,1.);
#22450=LINE('',#22420,#22440);
#22460=CARTESIAN_POINT('',(5.5,-2.5,2.5));
#22470=VERTEX_POINT('',#22460);
#22480=EDGE_CURVE('',#22470,#20470,#22450,.T.);
#22490=ORIENTED_EDGE('',*,*,#22480,.T.);
#22500=CARTESIAN_POINT('',(5.5,0.,2.5));
#22510=DIRECTION('',(0.,1.,0.));
#22520=VECTOR('',#22510,1.);
#22530=LINE('',#22500,#22520);
#22540=EDGE_CURVE('',#22470,#21980,#22530,.T.);
#22550=ORIENTED_EDGE('',*,*,#22540,.F.);
#22560=ORIENTED_EDGE('',*,*,#21990,.T.);
#22570=EDGE_LOOP('',(#22560,#22550,#22490,#22410));
#22580=FACE_OUTER_BOUND('',#22570,.T.);
#22590=ADVANCED_FACE('',(#22580),#22400,.F.);
#22600=CARTESIAN_POINT('',(8.3,-2.35,10.65));
#22610=DIRECTION('',(0.,-0.707106781186549,0.707106781186546));
#22620=DIRECTION('',(0.,-0.707106781186546,-0.707106781186549));
#22630=AXIS2_PLACEMENT_3D('',#22600,#22610,#22620);
#22640=PLANE('',#22630);
#22650=ORIENTED_EDGE('',*,*,#3170,.F.);
#22660=CARTESIAN_POINT('',(0.,-2.5,10.5));
#22670=DIRECTION('',(-1.,0.,0.));
#22680=VECTOR('',#22670,1.);
#22690=LINE('',#22660,#22680);
#22700=EDGE_CURVE('',#3160,#20470,#22690,.T.);
#22710=ORIENTED_EDGE('',*,*,#22700,.F.);
#22720=ORIENTED_EDGE('',*,*,#20480,.T.);
#22730=ORIENTED_EDGE('',*,*,#6460,.F.);
#22740=EDGE_LOOP('',(#22730,#22720,#22710,#22650));
#22750=FACE_OUTER_BOUND('',#22740,.T.);
#22760=ADVANCED_FACE('',(#22750),#22640,.T.);
#22770=CARTESIAN_POINT('',(13.48,-4.52,2.));
#22780=DIRECTION('',(0.,-1.,5.55111512312578E-17));
#22790=DIRECTION('',(-1.,0.,0.));
#22800=AXIS2_PLACEMENT_3D('',#22770,#22780,#22790);
#22810=PLANE('',#22800);
#22820=CARTESIAN_POINT('',(10.,-4.52,2.5));
#22830=DIRECTION('',(-1.,0.,0.));
#22840=VECTOR('',#22830,1.);
#22850=LINE('',#22820,#22840);
#22860=CARTESIAN_POINT('',(13.12,-4.52,2.5));
#22870=VERTEX_POINT('',#22860);
#22880=CARTESIAN_POINT('',(12.48,-4.52,2.5));
#22890=VERTEX_POINT('',#22880);
#22900=EDGE_CURVE('',#22870,#22890,#22850,.T.);
#22910=ORIENTED_EDGE('',*,*,#22900,.F.);
#22920=CARTESIAN_POINT('',(12.48,-4.52,7.));
#22930=DIRECTION('',(0.,-5.55111512312578E-17,-1.));
#22940=VECTOR('',#22930,1.);
#22950=LINE('',#22920,#22940);
#22960=CARTESIAN_POINT('',(12.48,-4.52,6.65));
#22970=VERTEX_POINT('',#22960);
#22980=EDGE_CURVE('',#22970,#22890,#22950,.T.);
#22990=ORIENTED_EDGE('',*,*,#22980,.T.);
#23000=CARTESIAN_POINT('',(12.8,-4.52,6.65));
#23010=DIRECTION('',(1.,0.,0.));
#23020=VECTOR('',#23010,1.);
#23030=LINE('',#23000,#23020);
#23040=CARTESIAN_POINT('',(13.12,-4.52,6.65));
#23050=VERTEX_POINT('',#23040);
#23060=EDGE_CURVE('',#22970,#23050,#23030,.T.);
#23070=ORIENTED_EDGE('',*,*,#23060,.F.);
#23080=CARTESIAN_POINT('',(13.12,-4.52,7.));
#23090=DIRECTION('',(0.,-5.55111512312578E-17,-1.));
#23100=VECTOR('',#23090,1.);
#23110=LINE('',#23080,#23100);
#23120=EDGE_CURVE('',#23050,#22870,#23110,.T.);
#23130=ORIENTED_EDGE('',*,*,#23120,.F.);
#23140=EDGE_LOOP('',(#23130,#23070,#22990,#22910));
#23150=FACE_OUTER_BOUND('',#23140,.T.);
#23160=ADVANCED_FACE('',(#23150),#22810,.T.);
#23170=CARTESIAN_POINT('',(19.1999995380496,-2.35,10.65));
#23180=DIRECTION('',(0.,-0.707106781186549,0.707106781186546));
#23190=DIRECTION('',(0.,-0.707106781186546,-0.707106781186549));
#23200=AXIS2_PLACEMENT_3D('',#23170,#23180,#23190);
#23210=PLANE('',#23200);
#23220=ORIENTED_EDGE('',*,*,#5910,.F.);
#23230=CARTESIAN_POINT('',(8.89999953804964,-13.,0.));
#23240=DIRECTION('',(-0.577350269189626,-0.577350269189625,
-0.577350269189627));
#23250=VECTOR('',#23240,1.);
#23260=LINE('',#23230,#23250);
#23270=EDGE_CURVE('',#5820,#13580,#23260,.T.);
#23280=ORIENTED_EDGE('',*,*,#23270,.F.);
#23290=CARTESIAN_POINT('',(0.,-2.5,10.5));
#23300=DIRECTION('',(-1.,0.,0.));
#23310=VECTOR('',#23300,1.);
#23320=LINE('',#23290,#23310);
#23330=CARTESIAN_POINT('',(18.9999995380496,-2.5,10.5));
#23340=VERTEX_POINT('',#23330);
#23350=EDGE_CURVE('',#13580,#23340,#23320,.T.);
#23360=ORIENTED_EDGE('',*,*,#23350,.F.);
#23370=CARTESIAN_POINT('',(8.49999953804964,-13.,0.));
#23380=DIRECTION('',(-0.577350269189625,-0.577350269189625,
-0.577350269189627));
#23390=VECTOR('',#23380,1.);
#23400=LINE('',#23370,#23390);
#23410=EDGE_CURVE('',#5900,#23340,#23400,.T.);
#23420=ORIENTED_EDGE('',*,*,#23410,.T.);
#23430=EDGE_LOOP('',(#23420,#23360,#23280,#23220));
#23440=FACE_OUTER_BOUND('',#23430,.T.);
#23450=ADVANCED_FACE('',(#23440),#23210,.T.);
#23460=CARTESIAN_POINT('',(15.3,-4.52,-3.25));
#23470=DIRECTION('',(1.,0.,0.));
#23480=VECTOR('',#23470,1.);
#23490=LINE('',#23460,#23480);
#23500=CARTESIAN_POINT('',(14.98,-4.52,-3.25));
#23510=VERTEX_POINT('',#23500);
#23520=CARTESIAN_POINT('',(15.62,-4.52,-3.25));
#23530=VERTEX_POINT('',#23520);
#23540=EDGE_CURVE('',#23510,#23530,#23490,.T.);
#23550=ORIENTED_EDGE('',*,*,#23540,.T.);
#23560=CARTESIAN_POINT('',(14.98,-4.52,0.5));
#23570=VERTEX_POINT('',#23560);
#23580=EDGE_CURVE('',#23570,#23510,#13260,.T.);
#23590=ORIENTED_EDGE('',*,*,#23580,.T.);
#23600=CARTESIAN_POINT('',(12.5,-4.52,0.5));
#23610=DIRECTION('',(1.,0.,0.));
#23620=VECTOR('',#23610,1.);
#23630=LINE('',#23600,#23620);
#23640=CARTESIAN_POINT('',(15.,-4.52,0.5));
#23650=VERTEX_POINT('',#23640);
#23660=EDGE_CURVE('',#23570,#23650,#23630,.T.);
#23670=ORIENTED_EDGE('',*,*,#23660,.F.);
#23680=CARTESIAN_POINT('',(15.,-4.52,0.));
#23690=DIRECTION('',(0.,-5.55111512312578E-17,-1.));
#23700=VECTOR('',#23690,1.);
#23710=LINE('',#23680,#23700);
#23720=CARTESIAN_POINT('',(15.,-4.52,1.));
#23730=VERTEX_POINT('',#23720);
#23740=EDGE_CURVE('',#23730,#23650,#23710,.T.);
#23750=ORIENTED_EDGE('',*,*,#23740,.T.);
#23760=CARTESIAN_POINT('',(12.5,-4.52,1.));
#23770=DIRECTION('',(1.,0.,0.));
#23780=VECTOR('',#23770,1.);
#23790=LINE('',#23760,#23780);
#23800=CARTESIAN_POINT('',(15.6,-4.52,1.));
#23810=VERTEX_POINT('',#23800);
#23820=EDGE_CURVE('',#23730,#23810,#23790,.T.);
#23830=ORIENTED_EDGE('',*,*,#23820,.F.);
#23840=CARTESIAN_POINT('',(15.6,-4.52,0.));
#23850=DIRECTION('',(0.,-5.55111512312578E-17,-1.));
#23860=VECTOR('',#23850,1.);
#23870=LINE('',#23840,#23860);
#23880=CARTESIAN_POINT('',(15.6,-4.52,0.5));
#23890=VERTEX_POINT('',#23880);
#23900=EDGE_CURVE('',#23810,#23890,#23870,.T.);
#23910=ORIENTED_EDGE('',*,*,#23900,.F.);
#23920=CARTESIAN_POINT('',(12.5,-4.52,0.5));
#23930=DIRECTION('',(1.,0.,0.));
#23940=VECTOR('',#23930,1.);
#23950=LINE('',#23920,#23940);
#23960=CARTESIAN_POINT('',(15.62,-4.52,0.5));
#23970=VERTEX_POINT('',#23960);
#23980=EDGE_CURVE('',#23890,#23970,#23950,.T.);
#23990=ORIENTED_EDGE('',*,*,#23980,.F.);
#24000=EDGE_CURVE('',#23970,#23530,#13420,.T.);
#24010=ORIENTED_EDGE('',*,*,#24000,.F.);
#24020=EDGE_LOOP('',(#24010,#23990,#23910,#23830,#23750,#23670,#23590,
#23550));
#24030=FACE_OUTER_BOUND('',#24020,.T.);
#24040=ADVANCED_FACE('',(#24030),#13120,.T.);
#24050=CARTESIAN_POINT('',(19.1499995380496,-1.625,10.65));
#24060=DIRECTION('',(-0.707106781186549,0.,0.707106781186546));
#24070=DIRECTION('',(-0.707106781186546,0.,-0.707106781186549));
#24080=AXIS2_PLACEMENT_3D('',#24050,#24060,#24070);
#24090=PLANE('',#24080);
#24100=ORIENTED_EDGE('',*,*,#5990,.F.);
#24110=ORIENTED_EDGE('',*,*,#23410,.F.);
#24120=CARTESIAN_POINT('',(18.9999995380496,-1.625,10.5));
#24130=DIRECTION('',(0.,-1.,0.));
#24140=VECTOR('',#24130,1.);
#24150=LINE('',#24120,#24140);
#24160=CARTESIAN_POINT('',(18.9999995380496,-1.35,10.5));
#24170=VERTEX_POINT('',#24160);
#24180=EDGE_CURVE('',#24170,#23340,#24150,.T.);
#24190=ORIENTED_EDGE('',*,*,#24180,.T.);
#24200=CARTESIAN_POINT('',(8.49999953804964,-11.85,0.));
#24210=DIRECTION('',(0.577350269189625,0.577350269189626,
0.577350269189627));
#24220=VECTOR('',#24210,1.);
#24230=LINE('',#24200,#24220);
#24240=EDGE_CURVE('',#24170,#5980,#24230,.T.);
#24250=ORIENTED_EDGE('',*,*,#24240,.F.);
#24260=EDGE_LOOP('',(#24250,#24190,#24110,#24100));
#24270=FACE_OUTER_BOUND('',#24260,.T.);
#24280=ADVANCED_FACE('',(#24270),#24090,.T.);
#24290=CARTESIAN_POINT('',(17.4499995380496,-1.575,10.65));
#24300=DIRECTION('',(0.707106781186549,-0.,0.707106781186546));
#24310=DIRECTION('',(0.707106781186546,0.,-0.707106781186549));
#24320=AXIS2_PLACEMENT_3D('',#24290,#24300,#24310);
#24330=PLANE('',#24320);
#24340=ORIENTED_EDGE('',*,*,#6150,.F.);
#24350=CARTESIAN_POINT('',(28.0999995380496,-11.85,0.));
#24360=DIRECTION('',(-0.577350269189625,0.577350269189626,
0.577350269189627));
#24370=VECTOR('',#24360,1.);
#24380=LINE('',#24350,#24370);
#24390=CARTESIAN_POINT('',(17.5999995380496,-1.35,10.5));
#24400=VERTEX_POINT('',#24390);
#24410=EDGE_CURVE('',#24400,#6060,#24380,.T.);
#24420=ORIENTED_EDGE('',*,*,#24410,.T.);
#24430=CARTESIAN_POINT('',(17.5999995380496,-1.575,10.5));
#24440=DIRECTION('',(0.,1.,0.));
#24450=VECTOR('',#24440,1.);
#24460=LINE('',#24430,#24450);
#24470=EDGE_CURVE('',#16600,#24400,#24460,.T.);
#24480=ORIENTED_EDGE('',*,*,#24470,.T.);
#24490=ORIENTED_EDGE('',*,*,#16610,.F.);
#24500=EDGE_LOOP('',(#24490,#24480,#24420,#24340));
#24510=FACE_OUTER_BOUND('',#24500,.T.);
#24520=ADVANCED_FACE('',(#24510),#24330,.T.);
#24530=CARTESIAN_POINT('',(4.2999976,-1.55,1.5));
#24540=DIRECTION('',(0.,-0.,1.));
#24550=DIRECTION('',(0.,1.,0.));
#24560=AXIS2_PLACEMENT_3D('',#24530,#24540,#24550);
#24570=PLANE('',#24560);
#24580=CARTESIAN_POINT('',(0.,0.3,1.5));
#24590=DIRECTION('',(1.,0.,0.));
#24600=VECTOR('',#24590,1.);
#24610=LINE('',#24580,#24600);
#24620=CARTESIAN_POINT('',(13.75,0.3,1.5));
#24630=VERTEX_POINT('',#24620);
#24640=EDGE_CURVE('',#10090,#24630,#24610,.T.);
#24650=ORIENTED_EDGE('',*,*,#24640,.T.);
#24660=ORIENTED_EDGE('',*,*,#10290,.F.);
#24670=CARTESIAN_POINT('',(14.35,-0.400000000000001,1.5));
#24680=DIRECTION('',(1.,0.,0.));
#24690=VECTOR('',#24680,1.);
#24700=LINE('',#24670,#24690);
#24710=EDGE_CURVE('',#10220,#11250,#24700,.T.);
#24720=ORIENTED_EDGE('',*,*,#24710,.F.);
#24730=ORIENTED_EDGE('',*,*,#11260,.F.);
#24740=ORIENTED_EDGE('',*,*,#3790,.T.);
#24750=ORIENTED_EDGE('',*,*,#3400,.T.);
#24760=ORIENTED_EDGE('',*,*,#2530,.T.);
#24770=CARTESIAN_POINT('',(9.95,0.,1.5));
#24780=DIRECTION('',(0.,-1.,0.));
#24790=VECTOR('',#24780,1.);
#24800=LINE('',#24770,#24790);
#24810=CARTESIAN_POINT('',(9.95,0.3,1.5));
#24820=VERTEX_POINT('',#24810);
#24830=EDGE_CURVE('',#24820,#2440,#24800,.T.);
#24840=ORIENTED_EDGE('',*,*,#24830,.T.);
#24850=CARTESIAN_POINT('',(0.,0.3,1.5));
#24860=DIRECTION('',(-1.,0.,0.));
#24870=VECTOR('',#24860,1.);
#24880=LINE('',#24850,#24870);
#24890=CARTESIAN_POINT('',(9.35,0.3,1.5));
#24900=VERTEX_POINT('',#24890);
#24910=EDGE_CURVE('',#24820,#24900,#24880,.T.);
#24920=ORIENTED_EDGE('',*,*,#24910,.F.);
#24930=CARTESIAN_POINT('',(9.35,0.1,1.5));
#24940=DIRECTION('',(0.,0.,-1.));
#24950=DIRECTION('',(-1.,0.,0.));
#24960=AXIS2_PLACEMENT_3D('',#24930,#24940,#24950);
#24970=CIRCLE('',#24960,0.199999999999999);
#24980=CARTESIAN_POINT('',(9.15,0.1,1.5));
#24990=VERTEX_POINT('',#24980);
#25000=EDGE_CURVE('',#24990,#24900,#24970,.T.);
#25010=ORIENTED_EDGE('',*,*,#25000,.T.);
#25020=CARTESIAN_POINT('',(9.15,0.,1.5));
#25030=DIRECTION('',(0.,1.,0.));
#25040=VECTOR('',#25030,1.);
#25050=LINE('',#25020,#25040);
#25060=EDGE_CURVE('',#4110,#24990,#25050,.T.);
#25070=ORIENTED_EDGE('',*,*,#25060,.T.);
#25080=ORIENTED_EDGE('',*,*,#4350,.T.);
#25090=CARTESIAN_POINT('',(13.95,0.,1.5));
#25100=DIRECTION('',(0.,-1.,0.));
#25110=VECTOR('',#25100,1.);
#25120=LINE('',#25090,#25110);
#25130=CARTESIAN_POINT('',(13.95,0.1,1.5));
#25140=VERTEX_POINT('',#25130);
#25150=EDGE_CURVE('',#25140,#4280,#25120,.T.);
#25160=ORIENTED_EDGE('',*,*,#25150,.T.);
#25170=CARTESIAN_POINT('',(13.75,0.1,1.5));
#25180=DIRECTION('',(0.,0.,-1.));
#25190=DIRECTION('',(-1.,0.,0.));
#25200=AXIS2_PLACEMENT_3D('',#25170,#25180,#25190);
#25210=CIRCLE('',#25200,0.199999999999999);
#25220=EDGE_CURVE('',#24630,#25140,#25210,.T.);
#25230=ORIENTED_EDGE('',*,*,#25220,.T.);
#25240=EDGE_LOOP('',(#25230,#25160,#25080,#25070,#25010,#24920,#24840,
#24760,#24750,#24740,#24730,#24720,#24660,#24650));
#25250=FACE_OUTER_BOUND('',#25240,.T.);
#25260=ADVANCED_FACE('',(#25250),#24570,.F.);
#25270=CARTESIAN_POINT('',(1.70787533942406,-2.5,-5.0400024));
#25280=DIRECTION('',(-0.,1.,0.));
#25290=DIRECTION('',(1.,0.,0.));
#25300=AXIS2_PLACEMENT_3D('',#25270,#25280,#25290);
#25310=PLANE('',#25300);
#25320=ORIENTED_EDGE('',*,*,#11110,.T.);
#25330=ORIENTED_EDGE('',*,*,#16670,.T.);
#25340=CARTESIAN_POINT('',(17.5999995380496,-2.5,0.));
#25350=DIRECTION('',(0.,0.,1.));
#25360=VECTOR('',#25350,1.);
#25370=LINE('',#25340,#25360);
#25380=CARTESIAN_POINT('',(17.5999995380496,-2.5,2.5));
#25390=VERTEX_POINT('',#25380);
#25400=EDGE_CURVE('',#25390,#16600,#25370,.T.);
#25410=ORIENTED_EDGE('',*,*,#25400,.T.);
#25420=CARTESIAN_POINT('',(0.,-2.5,2.5));
#25430=DIRECTION('',(-1.,0.,0.));
#25440=VECTOR('',#25430,1.);
#25450=LINE('',#25420,#25440);
#25460=EDGE_CURVE('',#25390,#11100,#25450,.T.);
#25470=ORIENTED_EDGE('',*,*,#25460,.F.);
#25480=EDGE_LOOP('',(#25470,#25410,#25330,#25320));
#25490=FACE_OUTER_BOUND('',#25480,.T.);
#25500=ADVANCED_FACE('',(#25490),#25310,.F.);
#25510=CARTESIAN_POINT('',(10.3,-0.250000000000001,10.65));
#25520=DIRECTION('',(0.,0.707106781186548,-0.707106781186547));
#25530=DIRECTION('',(0.,-0.707106781186547,-0.707106781186548));
#25540=AXIS2_PLACEMENT_3D('',#25510,#25520,#25530);
#25550=PLANE('',#25540);
#25560=ORIENTED_EDGE('',*,*,#1730,.F.);
#25570=ORIENTED_EDGE('',*,*,#2030,.F.);
#25580=ORIENTED_EDGE('',*,*,#2260,.T.);
#25590=ORIENTED_EDGE('',*,*,#2670,.F.);
#25600=ORIENTED_EDGE('',*,*,#3310,.F.);
#25610=ORIENTED_EDGE('',*,*,#6370,.T.);
#25620=ORIENTED_EDGE('',*,*,#10940,.T.);
#25630=CARTESIAN_POINT('',(12.8,-0.400000000000001,10.5));
#25640=DIRECTION('',(1.,0.,0.));
#25650=VECTOR('',#25640,1.);
#25660=LINE('',#25630,#25650);
#25670=EDGE_CURVE('',#1720,#10930,#25660,.T.);
#25680=ORIENTED_EDGE('',*,*,#25670,.T.);
#25690=EDGE_LOOP('',(#25680,#25620,#25610,#25600,#25590,#25580,#25570,
#25560));
#25700=FACE_OUTER_BOUND('',#25690,.T.);
#25710=ADVANCED_FACE('',(#25700),#25550,.F.);
#25720=CARTESIAN_POINT('',(17.7999995380496,-4.46,6.825));
#25730=DIRECTION('',(0.,-0.945945945945946,0.324324324324325));
#25740=DIRECTION('',(0.,0.324324324324325,0.945945945945946));
#25750=AXIS2_PLACEMENT_3D('',#25720,#25730,#25740);
#25760=PLANE('',#25750);
#25770=ORIENTED_EDGE('',*,*,#12970,.F.);
#25780=ORIENTED_EDGE('',*,*,#16000,.F.);
#25790=ORIENTED_EDGE('',*,*,#16450,.T.);
#25800=ORIENTED_EDGE('',*,*,#20320,.T.);
#25810=EDGE_LOOP('',(#25800,#25790,#25780,#25770));
#25820=FACE_OUTER_BOUND('',#25810,.T.);
#25830=ADVANCED_FACE('',(#25820),#25760,.T.);
#25840=CARTESIAN_POINT('',(8.85,0.,10.3));
#25850=DIRECTION('',(0.,-1.,0.));
#25860=VECTOR('',#25850,1.);
#25870=LINE('',#25840,#25860);
#25880=CARTESIAN_POINT('',(8.85,-1.,10.3));
#25890=VERTEX_POINT('',#25880);
#25900=EDGE_CURVE('',#15200,#25890,#25870,.T.);
#25910=ORIENTED_EDGE('',*,*,#25900,.F.);
#25920=CARTESIAN_POINT('',(8.85,-1.,0.));
#25930=DIRECTION('',(0.,0.,-1.));
#25940=VECTOR('',#25930,1.);
#25950=LINE('',#25920,#25940);
#25960=CARTESIAN_POINT('',(8.85,-1.,1.8));
#25970=VERTEX_POINT('',#25960);
#25980=EDGE_CURVE('',#25890,#25970,#25950,.T.);
#25990=ORIENTED_EDGE('',*,*,#25980,.F.);
#26000=CARTESIAN_POINT('',(8.85,0.,1.8));
#26010=DIRECTION('',(0.,-1.,0.));
#26020=VECTOR('',#26010,1.);
#26030=LINE('',#26000,#26020);
#26040=EDGE_CURVE('',#15280,#25970,#26030,.T.);
#26050=ORIENTED_EDGE('',*,*,#26040,.T.);
#26060=ORIENTED_EDGE('',*,*,#15290,.T.);
#26070=EDGE_LOOP('',(#26060,#26050,#25990,#25910));
#26080=FACE_OUTER_BOUND('',#26070,.T.);
#26090=ADVANCED_FACE('',(#26080),#15450,.F.);
#26100=CARTESIAN_POINT('',(1.7999976,-1.55,1.5));
#26110=DIRECTION('',(0.,-0.,1.));
#26120=DIRECTION('',(0.,1.,0.));
#26130=AXIS2_PLACEMENT_3D('',#26100,#26110,#26120);
#26140=PLANE('',#26130);
#26150=CARTESIAN_POINT('',(3.3,-0.95,1.5));
#26160=DIRECTION('',(0.,0.,1.));
#26170=DIRECTION('',(1.,0.,0.));
#26180=AXIS2_PLACEMENT_3D('',#26150,#26160,#26170);
#26190=CIRCLE('',#26180,0.2);
#26200=CARTESIAN_POINT('',(3.3,-0.75,1.5));
#26210=VERTEX_POINT('',#26200);
#26220=CARTESIAN_POINT('',(3.1,-0.95,1.5));
#26230=VERTEX_POINT('',#26220);
#26240=EDGE_CURVE('',#26210,#26230,#26190,.T.);
#26250=ORIENTED_EDGE('',*,*,#26240,.F.);
#26260=CARTESIAN_POINT('',(3.1,0.,1.5));
#26270=DIRECTION('',(0.,1.,0.));
#26280=VECTOR('',#26270,1.);
#26290=LINE('',#26260,#26280);
#26300=CARTESIAN_POINT('',(3.1,-1.5,1.5));
#26310=VERTEX_POINT('',#26300);
#26320=EDGE_CURVE('',#26310,#26230,#26290,.T.);
#26330=ORIENTED_EDGE('',*,*,#26320,.T.);
#26340=CARTESIAN_POINT('',(-1.25,-1.5,1.5));
#26350=DIRECTION('',(1.,0.,0.));
#26360=VECTOR('',#26350,1.);
#26370=LINE('',#26340,#26360);
#26380=CARTESIAN_POINT('',(6.65000026902482,-1.5,1.5));
#26390=VERTEX_POINT('',#26380);
#26400=EDGE_CURVE('',#26310,#26390,#26370,.T.);
#26410=ORIENTED_EDGE('',*,*,#26400,.F.);
#26420=CARTESIAN_POINT('',(6.65000026902482,0.,1.5));
#26430=DIRECTION('',(0.,1.,0.));
#26440=VECTOR('',#26430,1.);
#26450=LINE('',#26420,#26440);
#26460=CARTESIAN_POINT('',(6.65000026902482,-0.75,1.5));
#26470=VERTEX_POINT('',#26460);
#26480=EDGE_CURVE('',#26390,#26470,#26450,.T.);
#26490=ORIENTED_EDGE('',*,*,#26480,.F.);
#26500=CARTESIAN_POINT('',(0.,-0.75,1.5));
#26510=DIRECTION('',(1.,0.,0.));
#26520=VECTOR('',#26510,1.);
#26530=LINE('',#26500,#26520);
#26540=EDGE_CURVE('',#26210,#26470,#26530,.T.);
#26550=ORIENTED_EDGE('',*,*,#26540,.T.);
#26560=EDGE_LOOP('',(#26550,#26490,#26410,#26330,#26250));
#26570=FACE_OUTER_BOUND('',#26560,.T.);
#26580=ADVANCED_FACE('',(#26570),#26140,.F.);
#26590=CARTESIAN_POINT('',(10.,-4.52,0.5));
#26600=DIRECTION('',(1.,0.,0.));
#26610=VECTOR('',#26600,1.);
#26620=LINE('',#26590,#26610);
#26630=CARTESIAN_POINT('',(13.1,-4.52,0.5));
#26640=VERTEX_POINT('',#26630);
#26650=CARTESIAN_POINT('',(13.12,-4.52,0.5));
#26660=VERTEX_POINT('',#26650);
#26670=EDGE_CURVE('',#26640,#26660,#26620,.T.);
#26680=ORIENTED_EDGE('',*,*,#26670,.F.);
#26690=CARTESIAN_POINT('',(13.12,-4.52,-3.25));
#26700=VERTEX_POINT('',#26690);
#26710=EDGE_CURVE('',#26660,#26700,#23110,.T.);
#26720=ORIENTED_EDGE('',*,*,#26710,.F.);
#26730=CARTESIAN_POINT('',(12.8,-4.52,-3.25));
#26740=DIRECTION('',(1.,0.,0.));
#26750=VECTOR('',#26740,1.);
#26760=LINE('',#26730,#26750);
#26770=CARTESIAN_POINT('',(12.48,-4.52,-3.25));
#26780=VERTEX_POINT('',#26770);
#26790=EDGE_CURVE('',#26780,#26700,#26760,.T.);
#26800=ORIENTED_EDGE('',*,*,#26790,.T.);
#26810=CARTESIAN_POINT('',(12.48,-4.52,0.5));
#26820=VERTEX_POINT('',#26810);
#26830=EDGE_CURVE('',#26820,#26780,#22950,.T.);
#26840=ORIENTED_EDGE('',*,*,#26830,.T.);
#26850=CARTESIAN_POINT('',(10.,-4.52,0.5));
#26860=DIRECTION('',(1.,0.,0.));
#26870=VECTOR('',#26860,1.);
#26880=LINE('',#26850,#26870);
#26890=CARTESIAN_POINT('',(12.5,-4.52,0.5));
#26900=VERTEX_POINT('',#26890);
#26910=EDGE_CURVE('',#26820,#26900,#26880,.T.);
#26920=ORIENTED_EDGE('',*,*,#26910,.F.);
#26930=CARTESIAN_POINT('',(12.5,-4.52,0.));
#26940=DIRECTION('',(0.,-5.55111512312578E-17,-1.));
#26950=VECTOR('',#26940,1.);
#26960=LINE('',#26930,#26950);
#26970=CARTESIAN_POINT('',(12.5,-4.52,1.));
#26980=VERTEX_POINT('',#26970);
#26990=EDGE_CURVE('',#26980,#26900,#26960,.T.);
#27000=ORIENTED_EDGE('',*,*,#26990,.T.);
#27010=CARTESIAN_POINT('',(10.,-4.52,1.));
#27020=DIRECTION('',(1.,0.,0.));
#27030=VECTOR('',#27020,1.);
#27040=LINE('',#27010,#27030);
#27050=CARTESIAN_POINT('',(13.1,-4.52,1.));
#27060=VERTEX_POINT('',#27050);
#27070=EDGE_CURVE('',#26980,#27060,#27040,.T.);
#27080=ORIENTED_EDGE('',*,*,#27070,.F.);
#27090=CARTESIAN_POINT('',(13.1,-4.52,0.));
#27100=DIRECTION('',(0.,-5.55111512312578E-17,-1.));
#27110=VECTOR('',#27100,1.);
#27120=LINE('',#27090,#27110);
#27130=EDGE_CURVE('',#27060,#26640,#27120,.T.);
#27140=ORIENTED_EDGE('',*,*,#27130,.F.);
#27150=EDGE_LOOP('',(#27140,#27080,#27000,#26920,#26840,#26800,#26720,
#26680));
#27160=FACE_OUTER_BOUND('',#27150,.T.);
#27170=ADVANCED_FACE('',(#27160),#22810,.T.);
#27180=CARTESIAN_POINT('',(7.425,-6.65,0.075));
#27190=DIRECTION('',(-0.707106781186548,0.,0.707106781186547));
#27200=DIRECTION('',(0.707106781186547,0.,0.707106781186548));
#27210=AXIS2_PLACEMENT_3D('',#27180,#27190,#27200);
#27220=PLANE('',#27210);
#27230=ORIENTED_EDGE('',*,*,#14230,.F.);
#27240=CARTESIAN_POINT('',(7.35,-5.9,0.));
#27250=DIRECTION('',(0.707106781186547,0.,0.707106781186548));
#27260=VECTOR('',#27250,1.);
#27270=LINE('',#27240,#27260);
#27280=EDGE_CURVE('',#860,#14160,#27270,.T.);
#27290=ORIENTED_EDGE('',*,*,#27280,.T.);
#27300=ORIENTED_EDGE('',*,*,#870,.T.);
#27310=CARTESIAN_POINT('',(7.35,-7.4,0.));
#27320=DIRECTION('',(0.707106781186547,0.,0.707106781186548));
#27330=VECTOR('',#27320,1.);
#27340=LINE('',#27310,#27330);
#27350=EDGE_CURVE('',#780,#14000,#27340,.T.);
#27360=ORIENTED_EDGE('',*,*,#27350,.F.);
#27370=EDGE_LOOP('',(#27360,#27300,#27290,#27230));
#27380=FACE_OUTER_BOUND('',#27370,.T.);
#27390=ADVANCED_FACE('',(#27380),#27220,.F.);
#27400=CARTESIAN_POINT('',(14.25,-9.6,-5.0400024));
#27410=DIRECTION('',(-1.,0.,0.));
#27420=DIRECTION('',(0.,1.,0.));
#27430=AXIS2_PLACEMENT_3D('',#27400,#27410,#27420);
#27440=PLANE('',#27430);
#27450=CARTESIAN_POINT('',(14.25,0.,0.5));
#27460=DIRECTION('',(0.,1.,0.));
#27470=VECTOR('',#27460,1.);
#27480=LINE('',#27450,#27470);
#27490=CARTESIAN_POINT('',(14.25,-2.5,0.5));
#27500=VERTEX_POINT('',#27490);
#27510=CARTESIAN_POINT('',(14.25,-1.5,0.5));
#27520=VERTEX_POINT('',#27510);
#27530=EDGE_CURVE('',#27500,#27520,#27480,.T.);
#27540=ORIENTED_EDGE('',*,*,#27530,.F.);
#27550=CARTESIAN_POINT('',(14.25,-1.5,0.));
#27560=DIRECTION('',(0.,0.,1.));
#27570=VECTOR('',#27560,1.);
#27580=LINE('',#27550,#27570);
#27590=CARTESIAN_POINT('',(14.25,-1.5,0.));
#27600=VERTEX_POINT('',#27590);
#27610=EDGE_CURVE('',#27600,#27520,#27580,.T.);
#27620=ORIENTED_EDGE('',*,*,#27610,.T.);
#27630=CARTESIAN_POINT('',(14.25,0.,0.));
#27640=DIRECTION('',(0.,1.,0.));
#27650=VECTOR('',#27640,1.);
#27660=LINE('',#27630,#27650);
#27670=CARTESIAN_POINT('',(14.25,-2.5,0.));
#27680=VERTEX_POINT('',#27670);
#27690=EDGE_CURVE('',#27680,#27600,#27660,.T.);
#27700=ORIENTED_EDGE('',*,*,#27690,.T.);
#27710=CARTESIAN_POINT('',(14.25,-2.5,0.));
#27720=DIRECTION('',(0.,0.,-1.));
#27730=VECTOR('',#27720,1.);
#27740=LINE('',#27710,#27730);
#27750=EDGE_CURVE('',#27500,#27680,#27740,.T.);
#27760=ORIENTED_EDGE('',*,*,#27750,.T.);
#27770=EDGE_LOOP('',(#27760,#27700,#27620,#27540));
#27780=FACE_OUTER_BOUND('',#27770,.T.);
#27790=ADVANCED_FACE('',(#27780),#27440,.F.);
#27800=CARTESIAN_POINT('',(5.98,-4.52,2.));
#27810=DIRECTION('',(0.,-1.,5.55111512312578E-17));
#27820=DIRECTION('',(-1.,0.,0.));
#27830=AXIS2_PLACEMENT_3D('',#27800,#27810,#27820);
#27840=PLANE('',#27830);
#27850=CARTESIAN_POINT('',(5.3,-4.52,-3.25));
#27860=DIRECTION('',(1.,0.,0.));
#27870=VECTOR('',#27860,1.);
#27880=LINE('',#27850,#27870);
#27890=CARTESIAN_POINT('',(4.98,-4.52,-3.25));
#27900=VERTEX_POINT('',#27890);
#27910=CARTESIAN_POINT('',(5.62,-4.52,-3.25));
#27920=VERTEX_POINT('',#27910);
#27930=EDGE_CURVE('',#27900,#27920,#27880,.T.);
#27940=ORIENTED_EDGE('',*,*,#27930,.T.);
#27950=CARTESIAN_POINT('',(4.98,-4.52,7.));
#27960=DIRECTION('',(0.,-5.55111512312578E-17,-1.));
#27970=VECTOR('',#27960,1.);
#27980=LINE('',#27950,#27970);
#27990=CARTESIAN_POINT('',(4.98,-4.52,0.5));
#28000=VERTEX_POINT('',#27990);
#28010=EDGE_CURVE('',#28000,#27900,#27980,.T.);
#28020=ORIENTED_EDGE('',*,*,#28010,.T.);
#28030=CARTESIAN_POINT('',(-1.25,-4.52,0.5));
#28040=DIRECTION('',(-1.,0.,0.));
#28050=VECTOR('',#28040,1.);
#28060=LINE('',#28030,#28050);
#28070=CARTESIAN_POINT('',(5.,-4.52,0.5));
#28080=VERTEX_POINT('',#28070);
#28090=EDGE_CURVE('',#28080,#28000,#28060,.T.);
#28100=ORIENTED_EDGE('',*,*,#28090,.T.);
#28110=CARTESIAN_POINT('',(5.,-4.52,0.));
#28120=DIRECTION('',(0.,-5.55111512312578E-17,-1.));
#28130=VECTOR('',#28120,1.);
#28140=LINE('',#28110,#28130);
#28150=CARTESIAN_POINT('',(5.,-4.52,1.));
#28160=VERTEX_POINT('',#28150);
#28170=EDGE_CURVE('',#28160,#28080,#28140,.T.);
#28180=ORIENTED_EDGE('',*,*,#28170,.T.);
#28190=CARTESIAN_POINT('',(5.,-4.52,1.));
#28200=DIRECTION('',(1.,0.,0.));
#28210=VECTOR('',#28200,1.);
#28220=LINE('',#28190,#28210);
#28230=CARTESIAN_POINT('',(5.6,-4.52,1.));
#28240=VERTEX_POINT('',#28230);
#28250=EDGE_CURVE('',#28160,#28240,#28220,.T.);
#28260=ORIENTED_EDGE('',*,*,#28250,.F.);
#28270=CARTESIAN_POINT('',(5.6,-4.52,0.));
#28280=DIRECTION('',(0.,5.55111512312578E-17,1.));
#28290=VECTOR('',#28280,1.);
#28300=LINE('',#28270,#28290);
#28310=CARTESIAN_POINT('',(5.6,-4.52,0.5));
#28320=VERTEX_POINT('',#28310);
#28330=EDGE_CURVE('',#28320,#28240,#28300,.T.);
#28340=ORIENTED_EDGE('',*,*,#28330,.T.);
#28350=CARTESIAN_POINT('',(5.62,-4.52,0.5));
#28360=VERTEX_POINT('',#28350);
#28370=EDGE_CURVE('',#28360,#28320,#28060,.T.);
#28380=ORIENTED_EDGE('',*,*,#28370,.T.);
#28390=CARTESIAN_POINT('',(5.62,-4.52,7.));
#28400=DIRECTION('',(0.,-5.55111512312578E-17,-1.));
#28410=VECTOR('',#28400,1.);
#28420=LINE('',#28390,#28410);
#28430=EDGE_CURVE('',#28360,#27920,#28420,.T.);
#28440=ORIENTED_EDGE('',*,*,#28430,.F.);
#28450=EDGE_LOOP('',(#28440,#28380,#28340,#28260,#28180,#28100,#28020,
#27940));
#28460=FACE_OUTER_BOUND('',#28450,.T.);
#28470=ADVANCED_FACE('',(#28460),#27840,.T.);
#28480=CARTESIAN_POINT('',(11.2499995380496,0.,0.));
#28490=DIRECTION('',(0.,0.,1.));
#28500=DIRECTION('',(1.,0.,0.));
#28510=AXIS2_PLACEMENT_3D('',#28480,#28490,#28500);
#28520=PLANE('',#28510);
#28530=ORIENTED_EDGE('',*,*,#14490,.F.);
#28540=CARTESIAN_POINT('',(0.,-2.5,0.));
#28550=DIRECTION('',(-1.,0.,0.));
#28560=VECTOR('',#28550,1.);
#28570=LINE('',#28540,#28560);
#28580=CARTESIAN_POINT('',(20.2999995380496,-2.5,0.));
#28590=VERTEX_POINT('',#28580);
#28600=EDGE_CURVE('',#28590,#14380,#28570,.T.);
#28610=ORIENTED_EDGE('',*,*,#28600,.T.);
#28620=CARTESIAN_POINT('',(20.2999995380496,-7.9,0.));
#28630=DIRECTION('',(0.,1.,0.));
#28640=VECTOR('',#28630,1.);
#28650=LINE('',#28620,#28640);
#28660=CARTESIAN_POINT('',(20.2999995380496,-1.5,0.));
#28670=VERTEX_POINT('',#28660);
#28680=EDGE_CURVE('',#28590,#28670,#28650,.T.);
#28690=ORIENTED_EDGE('',*,*,#28680,.F.);
#28700=CARTESIAN_POINT('',(24.3499995380496,-1.5,0.));
#28710=DIRECTION('',(1.,0.,0.));
#28720=VECTOR('',#28710,1.);
#28730=LINE('',#28700,#28720);
#28740=EDGE_CURVE('',#14480,#28670,#28730,.T.);
#28750=ORIENTED_EDGE('',*,*,#28740,.T.);
#28760=EDGE_LOOP('',(#28750,#28690,#28610,#28530));
#28770=FACE_OUTER_BOUND('',#28760,.T.);
#28780=ADVANCED_FACE('',(#28770),#28520,.F.);
#28790=CARTESIAN_POINT('',(18.9999995380496,-2.5,2.5));
#28800=VERTEX_POINT('',#28790);
#28810=EDGE_CURVE('',#13760,#28800,#25450,.T.);
#28820=ORIENTED_EDGE('',*,*,#28810,.F.);
#28830=CARTESIAN_POINT('',(18.9999995380496,-2.5,0.));
#28840=DIRECTION('',(0.,0.,-1.));
#28850=VECTOR('',#28840,1.);
#28860=LINE('',#28830,#28850);
#28870=EDGE_CURVE('',#23340,#28800,#28860,.T.);
#28880=ORIENTED_EDGE('',*,*,#28870,.T.);
#28890=ORIENTED_EDGE('',*,*,#23350,.T.);
#28900=ORIENTED_EDGE('',*,*,#13830,.T.);
#28910=EDGE_LOOP('',(#28900,#28890,#28880,#28820));
#28920=FACE_OUTER_BOUND('',#28910,.T.);
#28930=ADVANCED_FACE('',(#28920),#25310,.F.);
#28940=CARTESIAN_POINT('',(20.2999995380496,-2.5,0.));
#28950=DIRECTION('',(0.,0.,-1.));
#28960=VECTOR('',#28950,1.);
#28970=LINE('',#28940,#28960);
#28980=CARTESIAN_POINT('',(20.2999995380496,-2.5,0.5));
#28990=VERTEX_POINT('',#28980);
#29000=EDGE_CURVE('',#28990,#28590,#28970,.T.);
#29010=ORIENTED_EDGE('',*,*,#29000,.F.);
#29020=ORIENTED_EDGE('',*,*,#28600,.F.);
#29030=ORIENTED_EDGE('',*,*,#14410,.F.);
#29040=CARTESIAN_POINT('',(0.,-2.5,0.5));
#29050=DIRECTION('',(1.,0.,0.));
#29060=VECTOR('',#29050,1.);
#29070=LINE('',#29040,#29060);
#29080=EDGE_CURVE('',#14400,#28990,#29070,.T.);
#29090=ORIENTED_EDGE('',*,*,#29080,.F.);
#29100=EDGE_LOOP('',(#29090,#29030,#29020,#29010));
#29110=FACE_OUTER_BOUND('',#29100,.T.);
#29120=ADVANCED_FACE('',(#29110),#25310,.F.);
#29130=CARTESIAN_POINT('',(18.8000024,-1.5,0.));
#29140=DIRECTION('',(0.,1.,0.));
#29150=DIRECTION('',(0.,0.,1.));
#29160=AXIS2_PLACEMENT_3D('',#29130,#29140,#29150);
#29170=PLANE('',#29160);
#29180=CARTESIAN_POINT('',(9.15,-1.5,1.8));
#29190=DIRECTION('',(0.,-1.,0.));
#29200=DIRECTION('',(-1.,0.,0.));
#29210=AXIS2_PLACEMENT_3D('',#29180,#29190,#29200);
#29220=CIRCLE('',#29210,0.800000000000001);
#29230=CARTESIAN_POINT('',(8.35,-1.5,1.8));
#29240=VERTEX_POINT('',#29230);
#29250=EDGE_CURVE('',#29240,#4090,#29220,.T.);
#29260=ORIENTED_EDGE('',*,*,#29250,.T.);
#29270=CARTESIAN_POINT('',(8.35,-1.5,0.));
#29280=DIRECTION('',(0.,0.,-1.));
#29290=VECTOR('',#29280,1.);
#29300=LINE('',#29270,#29290);
#29310=CARTESIAN_POINT('',(8.35,-1.5,10.3));
#29320=VERTEX_POINT('',#29310);
#29330=EDGE_CURVE('',#29320,#29240,#29300,.T.);
#29340=ORIENTED_EDGE('',*,*,#29330,.T.);
#29350=CARTESIAN_POINT('',(7.46698743262019,-1.5,10.3));
#29360=DIRECTION('',(1.,0.,0.));
#29370=VECTOR('',#29360,1.);
#29380=LINE('',#29350,#29370);
#29390=EDGE_CURVE('',#19050,#29320,#29380,.T.);
#29400=ORIENTED_EDGE('',*,*,#29390,.T.);
#29410=ORIENTED_EDGE('',*,*,#19060,.T.);
#29420=CARTESIAN_POINT('',(6.65000026902482,-1.5,1.8));
#29430=DIRECTION('',(0.,-1.,0.));
#29440=DIRECTION('',(-1.,0.,0.));
#29450=AXIS2_PLACEMENT_3D('',#29420,#29430,#29440);
#29460=CIRCLE('',#29450,0.3);
#29470=EDGE_CURVE('',#26390,#18970,#29460,.T.);
#29480=ORIENTED_EDGE('',*,*,#29470,.T.);
#29490=ORIENTED_EDGE('',*,*,#26400,.T.);
#29500=CARTESIAN_POINT('',(3.1,-1.5,1.8));
#29510=DIRECTION('',(0.,1.,0.));
#29520=DIRECTION('',(1.,0.,0.));
#29530=AXIS2_PLACEMENT_3D('',#29500,#29510,#29520);
#29540=CIRCLE('',#29530,0.3);
#29550=CARTESIAN_POINT('',(2.8,-1.5,1.8));
#29560=VERTEX_POINT('',#29550);
#29570=EDGE_CURVE('',#26310,#29560,#29540,.T.);
#29580=ORIENTED_EDGE('',*,*,#29570,.F.);
#29590=CARTESIAN_POINT('',(2.8,-1.5,0.));
#29600=DIRECTION('',(0.,0.,-1.));
#29610=VECTOR('',#29600,1.);
#29620=LINE('',#29590,#29610);
#29630=EDGE_CURVE('',#29560,#17240,#29620,.T.);
#29640=ORIENTED_EDGE('',*,*,#29630,.F.);
#29650=ORIENTED_EDGE('',*,*,#17250,.F.);
#29660=ORIENTED_EDGE('',*,*,#16950,.F.);
#29670=CARTESIAN_POINT('',(0.,-1.5,0.5));
#29680=DIRECTION('',(-1.,0.,0.));
#29690=VECTOR('',#29680,1.);
#29700=LINE('',#29670,#29690);
#29710=EDGE_CURVE('',#15510,#16840,#29700,.T.);
#29720=ORIENTED_EDGE('',*,*,#29710,.T.);
#29730=ORIENTED_EDGE('',*,*,#15760,.F.);
#29740=CARTESIAN_POINT('',(13.1,-1.5,0.));
#29750=DIRECTION('',(-1.,0.,0.));
#29760=VECTOR('',#29750,1.);
#29770=LINE('',#29740,#29760);
#29780=EDGE_CURVE('',#27600,#15690,#29770,.T.);
#29790=ORIENTED_EDGE('',*,*,#29780,.T.);
#29800=ORIENTED_EDGE('',*,*,#27610,.F.);
#29810=CARTESIAN_POINT('',(0.,-1.5,0.5));
#29820=DIRECTION('',(-1.,0.,0.));
#29830=VECTOR('',#29820,1.);
#29840=LINE('',#29810,#29830);
#29850=EDGE_CURVE('',#14560,#27520,#29840,.T.);
#29860=ORIENTED_EDGE('',*,*,#29850,.T.);
#29870=ORIENTED_EDGE('',*,*,#14570,.F.);
#29880=ORIENTED_EDGE('',*,*,#28740,.F.);
#29890=CARTESIAN_POINT('',(20.2999995380496,-1.5,0.));
#29900=DIRECTION('',(0.,0.,1.));
#29910=VECTOR('',#29900,1.);
#29920=LINE('',#29890,#29910);
#29930=CARTESIAN_POINT('',(20.2999995380496,-1.5,1.8));
#29940=VERTEX_POINT('',#29930);
#29950=EDGE_CURVE('',#28670,#29940,#29920,.T.);
#29960=ORIENTED_EDGE('',*,*,#29950,.F.);
#29970=CARTESIAN_POINT('',(19.9999995380496,-1.5,1.8));
#29980=DIRECTION('',(0.,-1.,0.));
#29990=DIRECTION('',(-1.,0.,0.));
#30000=AXIS2_PLACEMENT_3D('',#29970,#29980,#29990);
#30010=CIRCLE('',#30000,0.3);
#30020=EDGE_CURVE('',#10460,#29940,#30010,.T.);
#30030=ORIENTED_EDGE('',*,*,#30020,.T.);
#30040=ORIENTED_EDGE('',*,*,#10470,.T.);
#30050=CARTESIAN_POINT('',(16.4500002690248,-1.5,1.8));
#30060=DIRECTION('',(0.,1.,0.));
#30070=DIRECTION('',(1.,0.,0.));
#30080=AXIS2_PLACEMENT_3D('',#30050,#30060,#30070);
#30090=CIRCLE('',#30080,0.3);
#30100=CARTESIAN_POINT('',(16.1500002690248,-1.5,1.8));
#30110=VERTEX_POINT('',#30100);
#30120=EDGE_CURVE('',#10440,#30110,#30090,.T.);
#30130=ORIENTED_EDGE('',*,*,#30120,.F.);
#30140=CARTESIAN_POINT('',(16.1500002690248,-1.5,0.));
#30150=DIRECTION('',(0.,0.,1.));
#30160=VECTOR('',#30150,1.);
#30170=LINE('',#30140,#30160);
#30180=CARTESIAN_POINT('',(16.1500002690248,-1.5,10.3));
#30190=VERTEX_POINT('',#30180);
#30200=EDGE_CURVE('',#30110,#30190,#30170,.T.);
#30210=ORIENTED_EDGE('',*,*,#30200,.F.);
#30220=CARTESIAN_POINT('',(15.6330128364046,-1.5,10.3));
#30230=DIRECTION('',(-1.,0.,0.));
#30240=VECTOR('',#30230,1.);
#30250=LINE('',#30220,#30240);
#30260=CARTESIAN_POINT('',(14.75,-1.5,10.3));
#30270=VERTEX_POINT('',#30260);
#30280=EDGE_CURVE('',#30190,#30270,#30250,.T.);
#30290=ORIENTED_EDGE('',*,*,#30280,.F.);
#30300=CARTESIAN_POINT('',(14.75,-1.5,0.));
#30310=DIRECTION('',(0.,0.,-1.));
#30320=VECTOR('',#30310,1.);
#30330=LINE('',#30300,#30320);
#30340=CARTESIAN_POINT('',(14.75,-1.5,1.8));
#30350=VERTEX_POINT('',#30340);
#30360=EDGE_CURVE('',#30270,#30350,#30330,.T.);
#30370=ORIENTED_EDGE('',*,*,#30360,.F.);
#30380=CARTESIAN_POINT('',(13.95,-1.5,1.8));
#30390=DIRECTION('',(0.,-1.,0.));
#30400=DIRECTION('',(-1.,0.,0.));
#30410=AXIS2_PLACEMENT_3D('',#30380,#30390,#30400);
#30420=CIRCLE('',#30410,0.800000000000001);
#30430=EDGE_CURVE('',#4190,#30350,#30420,.T.);
#30440=ORIENTED_EDGE('',*,*,#30430,.T.);
#30450=ORIENTED_EDGE('',*,*,#4200,.F.);
#30460=EDGE_LOOP('',(#30450,#30440,#30370,#30290,#30210,#30130,#30040,
#30030,#29960,#29880,#29870,#29860,#29800,#29790,#29730,#29720,#29660,
#29650,#29640,#29580,#29490,#29480,#29410,#29400,#29340,#29260));
#30470=FACE_OUTER_BOUND('',#30460,.T.);
#30480=ADVANCED_FACE('',(#30470),#29170,.T.);
#30490=ORIENTED_EDGE('',*,*,#17090,.T.);
#30500=ORIENTED_EDGE('',*,*,#17390,.T.);
#30510=CARTESIAN_POINT('',(2.8,-2.5,0.));
#30520=DIRECTION('',(0.,0.,-1.));
#30530=VECTOR('',#30520,1.);
#30540=LINE('',#30510,#30530);
#30550=CARTESIAN_POINT('',(2.8,-2.5,0.5));
#30560=VERTEX_POINT('',#30550);
#30570=EDGE_CURVE('',#30560,#17320,#30540,.T.);
#30580=ORIENTED_EDGE('',*,*,#30570,.T.);
#30590=EDGE_CURVE('',#30560,#16860,#29070,.T.);
#30600=ORIENTED_EDGE('',*,*,#30590,.F.);
#30610=EDGE_LOOP('',(#30600,#30580,#30500,#30490));
#30620=FACE_OUTER_BOUND('',#30610,.T.);
#30630=ADVANCED_FACE('',(#30620),#25310,.F.);
#30640=CARTESIAN_POINT('',(3.7,-2.5,0.));
#30650=DIRECTION('',(0.,0.,1.));
#30660=VECTOR('',#30650,1.);
#30670=LINE('',#30640,#30660);
#30680=CARTESIAN_POINT('',(3.7,-2.5,2.5));
#30690=VERTEX_POINT('',#30680);
#30700=EDGE_CURVE('',#30690,#21580,#30670,.T.);
#30710=ORIENTED_EDGE('',*,*,#30700,.F.);
#30720=ORIENTED_EDGE('',*,*,#21590,.F.);
#30730=ORIENTED_EDGE('',*,*,#20970,.F.);
#30740=EDGE_CURVE('',#20880,#30690,#25450,.T.);
#30750=ORIENTED_EDGE('',*,*,#30740,.F.);
#30760=EDGE_LOOP('',(#30750,#30730,#30720,#30710));
#30770=FACE_OUTER_BOUND('',#30760,.T.);
#30780=ADVANCED_FACE('',(#30770),#25310,.F.);
#30790=ORIENTED_EDGE('',*,*,#22480,.F.);
#30800=ORIENTED_EDGE('',*,*,#22700,.T.);
#30810=ORIENTED_EDGE('',*,*,#3620,.F.);
#30820=EDGE_CURVE('',#3550,#22470,#25450,.T.);
#30830=ORIENTED_EDGE('',*,*,#30820,.F.);
#30840=EDGE_LOOP('',(#30830,#30810,#30800,#30790));
#30850=FACE_OUTER_BOUND('',#30840,.T.);
#30860=ADVANCED_FACE('',(#30850),#25310,.F.);
#30870=CARTESIAN_POINT('',(9.925,-6.65,0.075));
#30880=DIRECTION('',(-0.707106781186548,0.,0.707106781186547));
#30890=DIRECTION('',(0.707106781186547,0.,0.707106781186548));
#30900=AXIS2_PLACEMENT_3D('',#30870,#30880,#30890);
#30910=PLANE('',#30900);
#30920=CARTESIAN_POINT('',(10.,-6.65,0.15));
#30930=DIRECTION('',(0.,1.,0.));
#30940=VECTOR('',#30930,1.);
#30950=LINE('',#30920,#30940);
#30960=CARTESIAN_POINT('',(10.,-7.4,0.149999999999999));
#30970=VERTEX_POINT('',#30960);
#30980=CARTESIAN_POINT('',(10.,-5.9,0.149999999999999));
#30990=VERTEX_POINT('',#30980);
#31000=EDGE_CURVE('',#30970,#30990,#30950,.T.);
#31010=ORIENTED_EDGE('',*,*,#31000,.F.);
#31020=CARTESIAN_POINT('',(9.85,-5.9,0.));
#31030=DIRECTION('',(0.707106781186547,0.,0.707106781186548));
#31040=VECTOR('',#31030,1.);
#31050=LINE('',#31020,#31040);
#31060=CARTESIAN_POINT('',(9.85,-5.9,0.));
#31070=VERTEX_POINT('',#31060);
#31080=EDGE_CURVE('',#31070,#30990,#31050,.T.);
#31090=ORIENTED_EDGE('',*,*,#31080,.T.);
#31100=CARTESIAN_POINT('',(9.85,0.,0.));
#31110=DIRECTION('',(0.,1.,0.));
#31120=VECTOR('',#31110,1.);
#31130=LINE('',#31100,#31120);
#31140=CARTESIAN_POINT('',(9.85,-7.4,2.22044604925032E-16));
#31150=VERTEX_POINT('',#31140);
#31160=EDGE_CURVE('',#31150,#31070,#31130,.T.);
#31170=ORIENTED_EDGE('',*,*,#31160,.T.);
#31180=CARTESIAN_POINT('',(9.85,-7.4,0.));
#31190=DIRECTION('',(0.707106781186547,0.,0.707106781186548));
#31200=VECTOR('',#31190,1.);
#31210=LINE('',#31180,#31200);
#31220=EDGE_CURVE('',#31150,#30970,#31210,.T.);
#31230=ORIENTED_EDGE('',*,*,#31220,.F.);
#31240=EDGE_LOOP('',(#31230,#31170,#31090,#31010));
#31250=FACE_OUTER_BOUND('',#31240,.T.);
#31260=ADVANCED_FACE('',(#31250),#30910,.F.);
#31270=CARTESIAN_POINT('',(13.95,-1.,1.8));
#31280=DIRECTION('',(0.,-1.,0.));
#31290=DIRECTION('',(-1.,0.,0.));
#31300=AXIS2_PLACEMENT_3D('',#31270,#31280,#31290);
#31310=TOROIDAL_SURFACE('',#31300,0.800000000000001,0.5);
#31320=ORIENTED_EDGE('',*,*,#4290,.F.);
#31330=ORIENTED_EDGE('',*,*,#30430,.F.);
#31340=CARTESIAN_POINT('',(14.75,-1.,1.8));
#31350=DIRECTION('',(-0.,0.,1.));
#31360=DIRECTION('',(1.,0.,0.));
#31370=AXIS2_PLACEMENT_3D('',#31340,#31350,#31360);
#31380=CIRCLE('',#31370,0.5);
#31390=CARTESIAN_POINT('',(14.25,-1.,1.8));
#31400=VERTEX_POINT('',#31390);
#31410=EDGE_CURVE('',#31400,#30350,#31380,.T.);
#31420=ORIENTED_EDGE('',*,*,#31410,.T.);
#31430=CARTESIAN_POINT('',(13.95,-1.,1.8));
#31440=DIRECTION('',(0.,-1.,0.));
#31450=DIRECTION('',(-1.,0.,0.));
#31460=AXIS2_PLACEMENT_3D('',#31430,#31440,#31450);
#31470=CIRCLE('',#31460,0.300000000000001);
#31480=EDGE_CURVE('',#4280,#31400,#31470,.T.);
#31490=ORIENTED_EDGE('',*,*,#31480,.T.);
#31500=EDGE_LOOP('',(#31490,#31420,#31330,#31320));
#31510=FACE_OUTER_BOUND('',#31500,.T.);
#31520=ADVANCED_FACE('',(#31510),#31310,.F.);
#31530=CARTESIAN_POINT('',(8.35,-1.,0.));
#31540=DIRECTION('',(0.,0.,-1.));
#31550=DIRECTION('',(-1.,0.,0.));
#31560=AXIS2_PLACEMENT_3D('',#31530,#31540,#31550);
#31570=CYLINDRICAL_SURFACE('',#31560,0.5);
#31580=ORIENTED_EDGE('',*,*,#29330,.F.);
#31590=CARTESIAN_POINT('',(8.35,-1.,1.8));
#31600=DIRECTION('',(0.,0.,-1.));
#31610=DIRECTION('',(-1.,0.,0.));
#31620=AXIS2_PLACEMENT_3D('',#31590,#31600,#31610);
#31630=CIRCLE('',#31620,0.5);
#31640=EDGE_CURVE('',#25970,#29240,#31630,.T.);
#31650=ORIENTED_EDGE('',*,*,#31640,.T.);
#31660=ORIENTED_EDGE('',*,*,#25980,.T.);
#31670=CARTESIAN_POINT('',(8.35,-1.,10.3));
#31680=DIRECTION('',(0.,0.,-1.));
#31690=DIRECTION('',(-1.,0.,0.));
#31700=AXIS2_PLACEMENT_3D('',#31670,#31680,#31690);
#31710=CIRCLE('',#31700,0.5);
#31720=EDGE_CURVE('',#25890,#29320,#31710,.T.);
#31730=ORIENTED_EDGE('',*,*,#31720,.F.);
#31740=EDGE_LOOP('',(#31730,#31660,#31650,#31580));
#31750=FACE_OUTER_BOUND('',#31740,.T.);
#31760=ADVANCED_FACE('',(#31750),#31570,.F.);
#31770=CARTESIAN_POINT('',(9.15,0.,1.8));
#31780=DIRECTION('',(0.,-1.,0.));
#31790=DIRECTION('',(-1.,0.,0.));
#31800=AXIS2_PLACEMENT_3D('',#31770,#31780,#31790);
#31810=CYLINDRICAL_SURFACE('',#31800,0.3);
#31820=ORIENTED_EDGE('',*,*,#25060,.F.);
#31830=CARTESIAN_POINT('',(9.15,0.1,1.8));
#31840=DIRECTION('',(0.,1.,0.));
#31850=DIRECTION('',(1.,0.,0.));
#31860=AXIS2_PLACEMENT_3D('',#31830,#31840,#31850);
#31870=CIRCLE('',#31860,0.3);
#31880=EDGE_CURVE('',#24990,#15280,#31870,.T.);
#31890=ORIENTED_EDGE('',*,*,#31880,.F.);
#31900=ORIENTED_EDGE('',*,*,#26040,.F.);
#31910=CARTESIAN_POINT('',(9.15,-1.,1.8));
#31920=DIRECTION('',(0.,-1.,0.));
#31930=DIRECTION('',(-1.,0.,0.));
#31940=AXIS2_PLACEMENT_3D('',#31910,#31920,#31930);
#31950=CIRCLE('',#31940,0.300000000000001);
#31960=EDGE_CURVE('',#25970,#4110,#31950,.T.);
#31970=ORIENTED_EDGE('',*,*,#31960,.F.);
#31980=EDGE_LOOP('',(#31970,#31900,#31890,#31820));
#31990=FACE_OUTER_BOUND('',#31980,.T.);
#32000=ADVANCED_FACE('',(#31990),#31810,.T.);
#32010=CARTESIAN_POINT('',(16.4499995380496,-1.35,10.8));
#32020=DIRECTION('',(-0.,-1.,-0.));
#32030=DIRECTION('',(-1.,0.,0.));
#32040=AXIS2_PLACEMENT_3D('',#32010,#32020,#32030);
#32050=PLANE('',#32040);
#32060=CARTESIAN_POINT('',(24.3499995380496,-1.35,2.5));
#32070=DIRECTION('',(-1.,0.,0.));
#32080=VECTOR('',#32070,1.);
#32090=LINE('',#32060,#32080);
#32100=CARTESIAN_POINT('',(18.9999995380496,-1.35,2.5));
#32110=VERTEX_POINT('',#32100);
#32120=CARTESIAN_POINT('',(17.5999995380496,-1.35,2.5));
#32130=VERTEX_POINT('',#32120);
#32140=EDGE_CURVE('',#32110,#32130,#32090,.T.);
#32150=ORIENTED_EDGE('',*,*,#32140,.F.);
#32160=CARTESIAN_POINT('',(17.5999995380496,-1.35,0.));
#32170=DIRECTION('',(0.,0.,-1.));
#32180=VECTOR('',#32170,1.);
#32190=LINE('',#32160,#32180);
#32200=EDGE_CURVE('',#24400,#32130,#32190,.T.);
#32210=ORIENTED_EDGE('',*,*,#32200,.T.);
#32220=CARTESIAN_POINT('',(18.2999995380496,-1.35,10.5));
#32230=DIRECTION('',(1.,0.,0.));
#32240=VECTOR('',#32230,1.);
#32250=LINE('',#32220,#32240);
#32260=EDGE_CURVE('',#24400,#24170,#32250,.T.);
#32270=ORIENTED_EDGE('',*,*,#32260,.F.);
#32280=CARTESIAN_POINT('',(18.9999995380496,-1.35,0.));
#32290=DIRECTION('',(0.,0.,-1.));
#32300=VECTOR('',#32290,1.);
#32310=LINE('',#32280,#32300);
#32320=EDGE_CURVE('',#24170,#32110,#32310,.T.);
#32330=ORIENTED_EDGE('',*,*,#32320,.F.);
#32340=EDGE_LOOP('',(#32330,#32270,#32210,#32150));
#32350=FACE_OUTER_BOUND('',#32340,.T.);
#32360=ADVANCED_FACE('',(#32350),#32050,.T.);
#32370=CARTESIAN_POINT('',(12.48,-4.52,7.));
#32380=DIRECTION('',(-1.,-0.,0.));
#32390=DIRECTION('',(0.,-5.55111512312578E-17,-1.));
#32400=AXIS2_PLACEMENT_3D('',#32370,#32380,#32390);
#32410=PLANE('',#32400);
#32420=CARTESIAN_POINT('',(12.48,-4.14,-3.25));
#32430=DIRECTION('',(0.,1.,-5.55111512312578E-17));
#32440=VECTOR('',#32430,1.);
#32450=LINE('',#32420,#32440);
#32460=CARTESIAN_POINT('',(12.48,-3.88,-3.25));
#32470=VERTEX_POINT('',#32460);
#32480=EDGE_CURVE('',#26780,#32470,#32450,.T.);
#32490=ORIENTED_EDGE('',*,*,#32480,.F.);
#32500=CARTESIAN_POINT('',(12.48,-3.88,-3.6));
#32510=DIRECTION('',(0.,5.55111512312578E-17,1.));
#32520=VECTOR('',#32510,1.);
#32530=LINE('',#32500,#32520);
#32540=CARTESIAN_POINT('',(12.48,-3.88,0.5));
#32550=VERTEX_POINT('',#32540);
#32560=EDGE_CURVE('',#32470,#32550,#32530,.T.);
#32570=ORIENTED_EDGE('',*,*,#32560,.F.);
#32580=CARTESIAN_POINT('',(12.48,0.,0.5));
#32590=DIRECTION('',(0.,-1.,0.));
#32600=VECTOR('',#32590,1.);
#32610=LINE('',#32580,#32600);
#32620=EDGE_CURVE('',#32550,#26820,#32610,.T.);
#32630=ORIENTED_EDGE('',*,*,#32620,.F.);
#32640=ORIENTED_EDGE('',*,*,#26830,.F.);
#32650=EDGE_LOOP('',(#32640,#32630,#32570,#32490));
#32660=FACE_OUTER_BOUND('',#32650,.T.);
#32670=ADVANCED_FACE('',(#32660),#32410,.T.);
#32680=CARTESIAN_POINT('',(19.5499995380496,-4.325,10.65));
#32690=DIRECTION('',(-0.707106781186548,0.,0.707106781186547));
#32700=DIRECTION('',(-0.707106781186547,0.,-0.707106781186548));
#32710=AXIS2_PLACEMENT_3D('',#32680,#32690,#32700);
#32720=PLANE('',#32710);
#32730=ORIENTED_EDGE('',*,*,#23270,.T.);
#32740=ORIENTED_EDGE('',*,*,#5830,.F.);
#32750=CARTESIAN_POINT('',(19.3999995380496,-6.15,10.5));
#32760=DIRECTION('',(0.707106781186543,0.,0.707106781186552));
#32770=VECTOR('',#32760,0.212132034355964);
#32780=LINE('',#32750,#32770);
#32790=EDGE_CURVE('',#13600,#5720,#32780,.T.);
#32800=ORIENTED_EDGE('',*,*,#32790,.T.);
#32810=ORIENTED_EDGE('',*,*,#13610,.T.);
#32820=EDGE_LOOP('',(#32810,#32800,#32740,#32730));
#32830=FACE_OUTER_BOUND('',#32820,.T.);
#32840=ADVANCED_FACE('',(#32830),#32720,.T.);
#32850=CARTESIAN_POINT('',(17.1199995380496,-3.88,2.));
#32860=DIRECTION('',(0.,1.,-5.55111512312578E-17));
#32870=DIRECTION('',(1.,0.,0.));
#32880=AXIS2_PLACEMENT_3D('',#32850,#32860,#32870);
#32890=PLANE('',#32880);
#32900=CARTESIAN_POINT('',(24.3499995380496,-3.88,2.5));
#32910=DIRECTION('',(1.,0.,0.));
#32920=VECTOR('',#32910,1.);
#32930=LINE('',#32900,#32920);
#32940=CARTESIAN_POINT('',(17.4799995380496,-3.88,2.5));
#32950=VERTEX_POINT('',#32940);
#32960=EDGE_CURVE('',#32950,#22230,#32930,.T.);
#32970=ORIENTED_EDGE('',*,*,#32960,.F.);
#32980=ORIENTED_EDGE('',*,*,#22240,.F.);
#32990=ORIENTED_EDGE('',*,*,#21800,.F.);
#33000=CARTESIAN_POINT('',(17.4799995380496,-3.88,7.));
#33010=DIRECTION('',(0.,-5.55111512312578E-17,-1.));
#33020=VECTOR('',#33010,1.);
#33030=LINE('',#33000,#33020);
#33040=EDGE_CURVE('',#16070,#32950,#33030,.T.);
#33050=ORIENTED_EDGE('',*,*,#33040,.F.);
#33060=EDGE_LOOP('',(#33050,#32990,#32980,#32970));
#33070=FACE_OUTER_BOUND('',#33060,.T.);
#33080=ADVANCED_FACE('',(#33070),#32890,.T.);
#33090=CARTESIAN_POINT('',(17.4799995380496,-4.52,7.));
#33100=DIRECTION('',(-1.,-0.,0.));
#33110=DIRECTION('',(0.,-5.55111512312578E-17,-1.));
#33120=AXIS2_PLACEMENT_3D('',#33090,#33100,#33110);
#33130=PLANE('',#33120);
#33140=CARTESIAN_POINT('',(17.4799995380496,0.,2.5));
#33150=DIRECTION('',(0.,1.,0.));
#33160=VECTOR('',#33150,1.);
#33170=LINE('',#33140,#33160);
#33180=EDGE_CURVE('',#12780,#32950,#33170,.T.);
#33190=ORIENTED_EDGE('',*,*,#33180,.F.);
#33200=ORIENTED_EDGE('',*,*,#33040,.T.);
#33210=ORIENTED_EDGE('',*,*,#16080,.T.);
#33220=ORIENTED_EDGE('',*,*,#12890,.F.);
#33230=EDGE_LOOP('',(#33220,#33210,#33200,#33190));
#33240=FACE_OUTER_BOUND('',#33230,.T.);
#33250=ADVANCED_FACE('',(#33240),#33130,.T.);
#33260=CARTESIAN_POINT('',(18.0999995380496,0.,0.));
#33270=DIRECTION('',(0.,0.,-1.));
#33280=DIRECTION('',(-1.,0.,0.));
#33290=AXIS2_PLACEMENT_3D('',#33260,#33270,#33280);
#33300=PLANE('',#33290);
#33310=CARTESIAN_POINT('',(18.7999995380496,-7.9,0.));
#33320=CARTESIAN_POINT('',(18.6242636067616,-7.9,0.));
#33330=CARTESIAN_POINT('',(18.4999995380496,-7.77573593128807,0.));
#33340=CARTESIAN_POINT('',(18.4999995380496,-7.6,0.));
#33350=(BOUNDED_CURVE() B_SPLINE_CURVE(3,(#33310,#33320,#33330,#33340),
.UNSPECIFIED.,.F.,.F.) B_SPLINE_CURVE_WITH_KNOTS((4,4),(0.,1.),
.UNSPECIFIED.) CURVE() GEOMETRIC_REPRESENTATION_ITEM() 
RATIONAL_B_SPLINE_CURVE((1.,0.804737854124363,0.804737854124363,1.)) 
REPRESENTATION_ITEM(''));
#33360=CARTESIAN_POINT('',(18.7999995380496,-7.9,0.));
#33370=VERTEX_POINT('',#33360);
#33380=CARTESIAN_POINT('',(18.4999995380496,-7.6,0.));
#33390=VERTEX_POINT('',#33380);
#33400=EDGE_CURVE('',#33370,#33390,#33350,.T.);
#33410=ORIENTED_EDGE('',*,*,#33400,.T.);
#33420=CARTESIAN_POINT('',(0.,-7.9,0.));
#33430=DIRECTION('',(1.,0.,0.));
#33440=VECTOR('',#33430,1.);
#33450=LINE('',#33420,#33440);
#33460=CARTESIAN_POINT('',(19.9999995380496,-7.9,0.));
#33470=VERTEX_POINT('',#33460);
#33480=EDGE_CURVE('',#33370,#33470,#33450,.T.);
#33490=ORIENTED_EDGE('',*,*,#33480,.F.);
#33500=CARTESIAN_POINT('',(19.9999995380496,-7.9,0.));
#33510=CARTESIAN_POINT('',(20.1757354693377,-7.9,0.));
#33520=CARTESIAN_POINT('',(20.2999995380496,-7.77573593128807,0.));
#33530=CARTESIAN_POINT('',(20.2999995380496,-7.6,0.));
#33540=(BOUNDED_CURVE() B_SPLINE_CURVE(3,(#33500,#33510,#33520,#33530),
.UNSPECIFIED.,.F.,.F.) B_SPLINE_CURVE_WITH_KNOTS((4,4),(0.,1.),
.UNSPECIFIED.) CURVE() GEOMETRIC_REPRESENTATION_ITEM() 
RATIONAL_B_SPLINE_CURVE((1.,0.804737854124363,0.804737854124363,1.)) 
REPRESENTATION_ITEM(''));
#33550=CARTESIAN_POINT('',(20.2999995380496,-7.6,0.));
#33560=VERTEX_POINT('',#33550);
#33570=EDGE_CURVE('',#33470,#33560,#33540,.T.);
#33580=ORIENTED_EDGE('',*,*,#33570,.F.);
#33590=CARTESIAN_POINT('',(20.2999995380496,0.,0.));
#33600=DIRECTION('',(0.,1.,0.));
#33610=VECTOR('',#33600,1.);
#33620=LINE('',#33590,#33610);
#33630=CARTESIAN_POINT('',(20.2999995380496,-3.5,0.));
#33640=VERTEX_POINT('',#33630);
#33650=EDGE_CURVE('',#33560,#33640,#33620,.T.);
#33660=ORIENTED_EDGE('',*,*,#33650,.F.);
#33670=CARTESIAN_POINT('',(18.0999995380496,-3.5,0.));
#33680=DIRECTION('',(-1.,0.,0.));
#33690=VECTOR('',#33680,1.);
#33700=LINE('',#33670,#33690);
#33710=CARTESIAN_POINT('',(18.9499995380496,-3.5,0.));
#33720=VERTEX_POINT('',#33710);
#33730=EDGE_CURVE('',#33640,#33720,#33700,.T.);
#33740=ORIENTED_EDGE('',*,*,#33730,.F.);
#33750=CARTESIAN_POINT('',(18.9499995380496,0.,0.));
#33760=DIRECTION('',(0.,1.,0.));
#33770=VECTOR('',#33760,1.);
#33780=LINE('',#33750,#33770);
#33790=CARTESIAN_POINT('',(18.9499995380496,-5.9,0.));
#33800=VERTEX_POINT('',#33790);
#33810=EDGE_CURVE('',#33800,#33720,#33780,.T.);
#33820=ORIENTED_EDGE('',*,*,#33810,.T.);
#33830=CARTESIAN_POINT('',(18.0999995380496,-5.9,0.));
#33840=DIRECTION('',(-1.,0.,0.));
#33850=VECTOR('',#33840,1.);
#33860=LINE('',#33830,#33850);
#33870=CARTESIAN_POINT('',(18.2499995380496,-5.9,0.));
#33880=VERTEX_POINT('',#33870);
#33890=EDGE_CURVE('',#33800,#33880,#33860,.T.);
#33900=ORIENTED_EDGE('',*,*,#33890,.F.);
#33910=CARTESIAN_POINT('',(18.2499995380496,-6.65,0.));
#33920=DIRECTION('',(0.,1.,0.));
#33930=VECTOR('',#33920,1.);
#33940=LINE('',#33910,#33930);
#33950=CARTESIAN_POINT('',(18.2499995380496,-7.4,0.));
#33960=VERTEX_POINT('',#33950);
#33970=EDGE_CURVE('',#33960,#33880,#33940,.T.);
#33980=ORIENTED_EDGE('',*,*,#33970,.T.);
#33990=CARTESIAN_POINT('',(24.3499995380496,-7.4,0.));
#34000=DIRECTION('',(-1.,0.,0.));
#34010=VECTOR('',#34000,1.);
#34020=LINE('',#33990,#34010);
#34030=CARTESIAN_POINT('',(18.4999995380496,-7.4,0.));
#34040=VERTEX_POINT('',#34030);
#34050=EDGE_CURVE('',#34040,#33960,#34020,.T.);
#34060=ORIENTED_EDGE('',*,*,#34050,.T.);
#34070=CARTESIAN_POINT('',(18.4999995380496,0.,0.));
#34080=DIRECTION('',(0.,-1.,0.));
#34090=VECTOR('',#34080,1.);
#34100=LINE('',#34070,#34090);
#34110=EDGE_CURVE('',#34040,#33390,#34100,.T.);
#34120=ORIENTED_EDGE('',*,*,#34110,.F.);
#34130=EDGE_LOOP('',(#34120,#34060,#33980,#33900,#33820,#33740,#33660,
#33580,#33490,#33410));
#34140=FACE_OUTER_BOUND('',#34130,.T.);
#34150=ADVANCED_FACE('',(#34140),#33300,.T.);
#34160=CARTESIAN_POINT('',(18.1749995380496,-6.65,0.0750000000000002));
#34170=DIRECTION('',(0.707106781186548,-0.,0.707106781186547));
#34180=DIRECTION('',(0.707106781186547,0.,-0.707106781186548));
#34190=AXIS2_PLACEMENT_3D('',#34160,#34170,#34180);
#34200=PLANE('',#34190);
#34210=CARTESIAN_POINT('',(18.0999995380496,0.,0.15));
#34220=DIRECTION('',(0.,-1.,0.));
#34230=VECTOR('',#34220,1.);
#34240=LINE('',#34210,#34230);
#34250=CARTESIAN_POINT('',(18.0999995380496,-5.9,0.15));
#34260=VERTEX_POINT('',#34250);
#34270=CARTESIAN_POINT('',(18.0999995380496,-7.4,0.150000000000002));
#34280=VERTEX_POINT('',#34270);
#34290=EDGE_CURVE('',#34260,#34280,#34240,.T.);
#34300=ORIENTED_EDGE('',*,*,#34290,.F.);
#34310=CARTESIAN_POINT('',(18.2499995380496,-7.4,0.));
#34320=DIRECTION('',(0.707106781186547,0.,-0.707106781186548));
#34330=VECTOR('',#34320,1.);
#34340=LINE('',#34310,#34330);
#34350=EDGE_CURVE('',#34280,#33960,#34340,.T.);
#34360=ORIENTED_EDGE('',*,*,#34350,.F.);
#34370=ORIENTED_EDGE('',*,*,#33970,.F.);
#34380=CARTESIAN_POINT('',(18.2499995380496,-5.9,0.));
#34390=DIRECTION('',(0.707106781186547,0.,-0.707106781186548));
#34400=VECTOR('',#34390,1.);
#34410=LINE('',#34380,#34400);
#34420=EDGE_CURVE('',#34260,#33880,#34410,.T.);
#34430=ORIENTED_EDGE('',*,*,#34420,.T.);
#34440=EDGE_LOOP('',(#34430,#34370,#34360,#34300));
#34450=FACE_OUTER_BOUND('',#34440,.T.);
#34460=ADVANCED_FACE('',(#34450),#34200,.F.);
#34470=ORIENTED_EDGE('',*,*,#27750,.F.);
#34480=CARTESIAN_POINT('',(0.,-2.5,0.));
#34490=DIRECTION('',(1.,0.,0.));
#34500=VECTOR('',#34490,1.);
#34510=LINE('',#34480,#34500);
#34520=EDGE_CURVE('',#15610,#27680,#34510,.T.);
#34530=ORIENTED_EDGE('',*,*,#34520,.T.);
#34540=ORIENTED_EDGE('',*,*,#15620,.F.);
#34550=EDGE_CURVE('',#15530,#27500,#29070,.T.);
#34560=ORIENTED_EDGE('',*,*,#34550,.F.);
#34570=EDGE_LOOP('',(#34560,#34540,#34530,#34470));
#34580=FACE_OUTER_BOUND('',#34570,.T.);
#34590=ADVANCED_FACE('',(#34580),#25310,.F.);
#34600=CARTESIAN_POINT('',(9.98,-4.52,7.));
#34610=DIRECTION('',(-1.,-0.,0.));
#34620=DIRECTION('',(0.,-5.55111512312578E-17,-1.));
#34630=AXIS2_PLACEMENT_3D('',#34600,#34610,#34620);
#34640=PLANE('',#34630);
#34650=CARTESIAN_POINT('',(9.98,-4.14,-3.25));
#34660=DIRECTION('',(0.,1.,-5.55111512312578E-17));
#34670=VECTOR('',#34660,1.);
#34680=LINE('',#34650,#34670);
#34690=CARTESIAN_POINT('',(9.98,-3.88,-3.25));
#34700=VERTEX_POINT('',#34690);
#34710=EDGE_CURVE('',#4500,#34700,#34680,.T.);
#34720=ORIENTED_EDGE('',*,*,#34710,.F.);
#34730=CARTESIAN_POINT('',(9.98,-3.88,-3.6));
#34740=DIRECTION('',(0.,5.55111512312578E-17,1.));
#34750=VECTOR('',#34740,1.);
#34760=LINE('',#34730,#34750);
#34770=CARTESIAN_POINT('',(9.98,-3.88,0.5));
#34780=VERTEX_POINT('',#34770);
#34790=EDGE_CURVE('',#34700,#34780,#34760,.T.);
#34800=ORIENTED_EDGE('',*,*,#34790,.F.);
#34810=CARTESIAN_POINT('',(9.98,0.,0.5));
#34820=DIRECTION('',(0.,-1.,0.));
#34830=VECTOR('',#34820,1.);
#34840=LINE('',#34810,#34830);
#34850=EDGE_CURVE('',#34780,#4600,#34840,.T.);
#34860=ORIENTED_EDGE('',*,*,#34850,.F.);
#34870=ORIENTED_EDGE('',*,*,#4610,.F.);
#34880=EDGE_LOOP('',(#34870,#34860,#34800,#34720));
#34890=FACE_OUTER_BOUND('',#34880,.T.);
#34900=ADVANCED_FACE('',(#34890),#34640,.T.);
#34910=CARTESIAN_POINT('',(15.3,-4.55,1.));
#34920=DIRECTION('',(0.,-1.,0.));
#34930=DIRECTION('',(0.,0.,1.));
#34940=AXIS2_PLACEMENT_3D('',#34910,#34920,#34930);
#34950=PLANE('',#34940);
#34960=CARTESIAN_POINT('',(15.,-4.55,0.5));
#34970=DIRECTION('',(0.,0.,1.));
#34980=VECTOR('',#34970,1.);
#34990=LINE('',#34960,#34980);
#35000=CARTESIAN_POINT('',(15.,-4.55,0.999994106992523));
#35010=VERTEX_POINT('',#35000);
#35020=CARTESIAN_POINT('',(15.,-4.55,1.));
#35030=VERTEX_POINT('',#35020);
#35040=EDGE_CURVE('',#35010,#35030,#34990,.T.);
#35050=ORIENTED_EDGE('',*,*,#35040,.T.);
#35060=CARTESIAN_POINT('',(11.2499995380496,-4.55,0.999994106992523));
#35070=DIRECTION('',(-1.,0.,0.));
#35080=VECTOR('',#35070,1.);
#35090=LINE('',#35060,#35080);
#35100=CARTESIAN_POINT('',(15.6,-4.55,0.999994106992523));
#35110=VERTEX_POINT('',#35100);
#35120=EDGE_CURVE('',#35110,#35010,#35090,.T.);
#35130=ORIENTED_EDGE('',*,*,#35120,.T.);
#35140=CARTESIAN_POINT('',(15.6,-4.55,0.5));
#35150=DIRECTION('',(0.,0.,1.));
#35160=VECTOR('',#35150,1.);
#35170=LINE('',#35140,#35160);
#35180=CARTESIAN_POINT('',(15.6,-4.55,1.));
#35190=VERTEX_POINT('',#35180);
#35200=EDGE_CURVE('',#35110,#35190,#35170,.T.);
#35210=ORIENTED_EDGE('',*,*,#35200,.F.);
#35220=CARTESIAN_POINT('',(15.3,-4.55,1.));
#35230=DIRECTION('',(-1.,0.,0.));
#35240=VECTOR('',#35230,1.);
#35250=LINE('',#35220,#35240);
#35260=EDGE_CURVE('',#35190,#35030,#35250,.T.);
#35270=ORIENTED_EDGE('',*,*,#35260,.F.);
#35280=EDGE_LOOP('',(#35270,#35210,#35130,#35050));
#35290=FACE_OUTER_BOUND('',#35280,.T.);
#35300=ADVANCED_FACE('',(#35290),#34950,.F.);
#35310=CARTESIAN_POINT('',(14.35,0.,0.));
#35320=DIRECTION('',(0.,0.,-1.));
#35330=DIRECTION('',(-1.,0.,0.));
#35340=AXIS2_PLACEMENT_3D('',#35310,#35320,#35330);
#35350=PLANE('',#35340);
#35360=ORIENTED_EDGE('',*,*,#27690,.F.);
#35370=ORIENTED_EDGE('',*,*,#29780,.F.);
#35380=ORIENTED_EDGE('',*,*,#15700,.F.);
#35390=ORIENTED_EDGE('',*,*,#34520,.F.);
#35400=EDGE_LOOP('',(#35390,#35380,#35370,#35360));
#35410=FACE_OUTER_BOUND('',#35400,.T.);
#35420=ADVANCED_FACE('',(#35410),#35350,.T.);
#35430=CARTESIAN_POINT('',(2.8,-7.9,0.));
#35440=DIRECTION('',(-1.,0.,0.));
#35450=DIRECTION('',(0.,1.,0.));
#35460=AXIS2_PLACEMENT_3D('',#35430,#35440,#35450);
#35470=PLANE('',#35460);
#35480=CARTESIAN_POINT('',(2.8,0.,0.));
#35490=DIRECTION('',(0.,1.,0.));
#35500=VECTOR('',#35490,1.);
#35510=LINE('',#35480,#35500);
#35520=CARTESIAN_POINT('',(2.8,-7.6,0.));
#35530=VERTEX_POINT('',#35520);
#35540=CARTESIAN_POINT('',(2.8,-3.5,0.));
#35550=VERTEX_POINT('',#35540);
#35560=EDGE_CURVE('',#35530,#35550,#35510,.T.);
#35570=ORIENTED_EDGE('',*,*,#35560,.F.);
#35580=CARTESIAN_POINT('',(2.8,-3.5,0.));
#35590=DIRECTION('',(0.,0.,1.));
#35600=VECTOR('',#35590,1.);
#35610=LINE('',#35580,#35600);
#35620=CARTESIAN_POINT('',(2.8,-3.5,0.5));
#35630=VERTEX_POINT('',#35620);
#35640=EDGE_CURVE('',#35550,#35630,#35610,.T.);
#35650=ORIENTED_EDGE('',*,*,#35640,.F.);
#35660=CARTESIAN_POINT('',(2.8,0.,0.5));
#35670=DIRECTION('',(0.,1.,0.));
#35680=VECTOR('',#35670,1.);
#35690=LINE('',#35660,#35680);
#35700=EDGE_CURVE('',#35630,#30560,#35690,.T.);
#35710=ORIENTED_EDGE('',*,*,#35700,.F.);
#35720=ORIENTED_EDGE('',*,*,#30570,.F.);
#35730=ORIENTED_EDGE('',*,*,#17330,.F.);
#35740=ORIENTED_EDGE('',*,*,#29630,.T.);
#35750=CARTESIAN_POINT('',(2.8,0.,1.8));
#35760=DIRECTION('',(0.,1.,0.));
#35770=VECTOR('',#35760,1.);
#35780=LINE('',#35750,#35770);
#35790=CARTESIAN_POINT('',(2.8,-0.95,1.8));
#35800=VERTEX_POINT('',#35790);
#35810=EDGE_CURVE('',#29560,#35800,#35780,.T.);
#35820=ORIENTED_EDGE('',*,*,#35810,.F.);
#35830=CARTESIAN_POINT('',(2.8,-0.95,0.));
#35840=DIRECTION('',(0.,0.,1.));
#35850=VECTOR('',#35840,1.);
#35860=LINE('',#35830,#35850);
#35870=CARTESIAN_POINT('',(2.8,-0.95,10.3));
#35880=VERTEX_POINT('',#35870);
#35890=EDGE_CURVE('',#35800,#35880,#35860,.T.);
#35900=ORIENTED_EDGE('',*,*,#35890,.F.);
#35910=CARTESIAN_POINT('',(2.8,0.,10.3));
#35920=DIRECTION('',(0.,1.,0.));
#35930=VECTOR('',#35920,1.);
#35940=LINE('',#35910,#35930);
#35950=CARTESIAN_POINT('',(2.8,-7.59999999840841,10.3));
#35960=VERTEX_POINT('',#35950);
#35970=EDGE_CURVE('',#35960,#35880,#35940,.T.);
#35980=ORIENTED_EDGE('',*,*,#35970,.T.);
#35990=CARTESIAN_POINT('',(2.8,-7.6,0.));
#36000=DIRECTION('',(0.,0.,1.));
#36010=VECTOR('',#36000,1.);
#36020=LINE('',#35990,#36010);
#36030=EDGE_CURVE('',#35530,#35960,#36020,.T.);
#36040=ORIENTED_EDGE('',*,*,#36030,.T.);
#36050=EDGE_LOOP('',(#36040,#35980,#35900,#35820,#35740,#35730,#35720,
#35710,#35650,#35570));
#36060=FACE_OUTER_BOUND('',#36050,.T.);
#36070=ADVANCED_FACE('',(#36060),#35470,.T.);
#36080=CARTESIAN_POINT('',(5.,0.,0.));
#36090=DIRECTION('',(0.,0.,1.));
#36100=DIRECTION('',(1.,0.,0.));
#36110=AXIS2_PLACEMENT_3D('',#36080,#36090,#36100);
#36120=PLANE('',#36110);
#36130=CARTESIAN_POINT('',(2.8,-7.6,0.));
#36140=CARTESIAN_POINT('',(2.8,-7.77573593128807,0.));
#36150=CARTESIAN_POINT('',(2.92426406871193,-7.9,0.));
#36160=CARTESIAN_POINT('',(3.1,-7.9,0.));
#36170=(BOUNDED_CURVE() B_SPLINE_CURVE(3,(#36130,#36140,#36150,#36160),
.UNSPECIFIED.,.F.,.F.) B_SPLINE_CURVE_WITH_KNOTS((4,4),(0.,1.),
.UNSPECIFIED.) CURVE() GEOMETRIC_REPRESENTATION_ITEM() 
RATIONAL_B_SPLINE_CURVE((1.,0.804737854124365,0.804737854124365,1.)) 
REPRESENTATION_ITEM(''));
#36180=CARTESIAN_POINT('',(3.1,-7.9,0.));
#36190=VERTEX_POINT('',#36180);
#36200=EDGE_CURVE('',#35530,#36190,#36170,.T.);
#36210=ORIENTED_EDGE('',*,*,#36200,.F.);
#36220=CARTESIAN_POINT('',(0.,-7.9,0.));
#36230=DIRECTION('',(-1.,0.,0.));
#36240=VECTOR('',#36230,1.);
#36250=LINE('',#36220,#36240);
#36260=CARTESIAN_POINT('',(4.3,-7.9,0.));
#36270=VERTEX_POINT('',#36260);
#36280=EDGE_CURVE('',#36270,#36190,#36250,.T.);
#36290=ORIENTED_EDGE('',*,*,#36280,.T.);
#36300=CARTESIAN_POINT('',(4.6,-7.6,0.));
#36310=CARTESIAN_POINT('',(4.6,-7.77573593128807,0.));
#36320=CARTESIAN_POINT('',(4.47573593128807,-7.9,0.));
#36330=CARTESIAN_POINT('',(4.3,-7.9,0.));
#36340=(BOUNDED_CURVE() B_SPLINE_CURVE(3,(#36300,#36310,#36320,#36330),
.UNSPECIFIED.,.F.,.F.) B_SPLINE_CURVE_WITH_KNOTS((4,4),(0.,1.),
.UNSPECIFIED.) CURVE() GEOMETRIC_REPRESENTATION_ITEM() 
RATIONAL_B_SPLINE_CURVE((1.,0.804737854124365,0.804737854124365,1.)) 
REPRESENTATION_ITEM(''));
#36350=CARTESIAN_POINT('',(4.6,-7.6,0.));
#36360=VERTEX_POINT('',#36350);
#36370=EDGE_CURVE('',#36360,#36270,#36340,.T.);
#36380=ORIENTED_EDGE('',*,*,#36370,.T.);
#36390=CARTESIAN_POINT('',(4.6,0.,0.));
#36400=DIRECTION('',(0.,-1.,0.));
#36410=VECTOR('',#36400,1.);
#36420=LINE('',#36390,#36410);
#36430=CARTESIAN_POINT('',(4.6,-7.4,0.));
#36440=VERTEX_POINT('',#36430);
#36450=EDGE_CURVE('',#36440,#36360,#36420,.T.);
#36460=ORIENTED_EDGE('',*,*,#36450,.T.);
#36470=CARTESIAN_POINT('',(-1.25,-7.4,0.));
#36480=DIRECTION('',(-1.,0.,0.));
#36490=VECTOR('',#36480,1.);
#36500=LINE('',#36470,#36490);
#36510=CARTESIAN_POINT('',(4.85,-7.4,0.));
#36520=VERTEX_POINT('',#36510);
#36530=EDGE_CURVE('',#36520,#36440,#36500,.T.);
#36540=ORIENTED_EDGE('',*,*,#36530,.T.);
#36550=CARTESIAN_POINT('',(4.85,-6.65,0.));
#36560=DIRECTION('',(0.,1.,0.));
#36570=VECTOR('',#36560,1.);
#36580=LINE('',#36550,#36570);
#36590=CARTESIAN_POINT('',(4.85,-5.9,0.));
#36600=VERTEX_POINT('',#36590);
#36610=EDGE_CURVE('',#36520,#36600,#36580,.T.);
#36620=ORIENTED_EDGE('',*,*,#36610,.F.);
#36630=CARTESIAN_POINT('',(5.,-5.9,0.));
#36640=DIRECTION('',(1.,0.,0.));
#36650=VECTOR('',#36640,1.);
#36660=LINE('',#36630,#36650);
#36670=CARTESIAN_POINT('',(4.15,-5.9,0.));
#36680=VERTEX_POINT('',#36670);
#36690=EDGE_CURVE('',#36680,#36600,#36660,.T.);
#36700=ORIENTED_EDGE('',*,*,#36690,.T.);
#36710=CARTESIAN_POINT('',(4.15,0.,0.));
#36720=DIRECTION('',(0.,1.,0.));
#36730=VECTOR('',#36720,1.);
#36740=LINE('',#36710,#36730);
#36750=CARTESIAN_POINT('',(4.15,-3.5,0.));
#36760=VERTEX_POINT('',#36750);
#36770=EDGE_CURVE('',#36680,#36760,#36740,.T.);
#36780=ORIENTED_EDGE('',*,*,#36770,.F.);
#36790=CARTESIAN_POINT('',(5.,-3.5,0.));
#36800=DIRECTION('',(1.,0.,0.));
#36810=VECTOR('',#36800,1.);
#36820=LINE('',#36790,#36810);
#36830=EDGE_CURVE('',#35550,#36760,#36820,.T.);
#36840=ORIENTED_EDGE('',*,*,#36830,.T.);
#36850=ORIENTED_EDGE('',*,*,#35560,.T.);
#36860=EDGE_LOOP('',(#36850,#36840,#36780,#36700,#36620,#36540,#36460,
#36380,#36290,#36210));
#36870=FACE_OUTER_BOUND('',#36860,.T.);
#36880=ADVANCED_FACE('',(#36870),#36120,.F.);
#36890=CARTESIAN_POINT('',(4.925,-6.65,0.0750000000000002));
#36900=DIRECTION('',(0.707106781186548,0.,-0.707106781186547));
#36910=DIRECTION('',(-0.707106781186547,0.,-0.707106781186548));
#36920=AXIS2_PLACEMENT_3D('',#36890,#36900,#36910);
#36930=PLANE('',#36920);
#36940=CARTESIAN_POINT('',(4.85,-7.4,0.));
#36950=DIRECTION('',(0.707106781186547,0.,0.707106781186548));
#36960=VECTOR('',#36950,1.);
#36970=LINE('',#36940,#36960);
#36980=CARTESIAN_POINT('',(5.,-7.4,0.15));
#36990=VERTEX_POINT('',#36980);
#37000=EDGE_CURVE('',#36520,#36990,#36970,.T.);
#37010=ORIENTED_EDGE('',*,*,#37000,.F.);
#37020=CARTESIAN_POINT('',(5.,0.,0.15));
#37030=DIRECTION('',(0.,-1.,0.));
#37040=VECTOR('',#37030,1.);
#37050=LINE('',#37020,#37040);
#37060=CARTESIAN_POINT('',(5.,-5.9,0.15));
#37070=VERTEX_POINT('',#37060);
#37080=EDGE_CURVE('',#37070,#36990,#37050,.T.);
#37090=ORIENTED_EDGE('',*,*,#37080,.T.);
#37100=CARTESIAN_POINT('',(4.85,-5.9,0.));
#37110=DIRECTION('',(-0.707106781186547,0.,-0.707106781186548));
#37120=VECTOR('',#37110,1.);
#37130=LINE('',#37100,#37120);
#37140=EDGE_CURVE('',#37070,#36600,#37130,.T.);
#37150=ORIENTED_EDGE('',*,*,#37140,.F.);
#37160=ORIENTED_EDGE('',*,*,#36610,.T.);
#37170=EDGE_LOOP('',(#37160,#37150,#37090,#37010));
#37180=FACE_OUTER_BOUND('',#37170,.T.);
#37190=ADVANCED_FACE('',(#37180),#36930,.T.);
#37200=CARTESIAN_POINT('',(5.,-6.85,5.4));
#37210=DIRECTION('',(1.,0.,0.));
#37220=DIRECTION('',(0.,1.,0.));
#37230=AXIS2_PLACEMENT_3D('',#37200,#37210,#37220);
#37240=PLANE('',#37230);
#37250=CARTESIAN_POINT('',(5.,-7.4,0.));
#37260=DIRECTION('',(0.,0.,1.));
#37270=VECTOR('',#37260,1.);
#37280=LINE('',#37250,#37270);
#37290=CARTESIAN_POINT('',(5.,-7.4,1.));
#37300=VERTEX_POINT('',#37290);
#37310=EDGE_CURVE('',#36990,#37300,#37280,.T.);
#37320=ORIENTED_EDGE('',*,*,#37310,.F.);
#37330=CARTESIAN_POINT('',(5.,0.,-0.611383261947974));
#37340=DIRECTION('',(0.,0.977102639903886,-0.212768491776527));
#37350=VECTOR('',#37340,1.);
#37360=LINE('',#37330,#37350);
#37370=CARTESIAN_POINT('',(5.,-5.90000000000001,0.673368257713251));
#37380=VERTEX_POINT('',#37370);
#37390=EDGE_CURVE('',#37300,#37380,#37360,.T.);
#37400=ORIENTED_EDGE('',*,*,#37390,.F.);
#37410=CARTESIAN_POINT('',(5.,-5.9,0.));
#37420=DIRECTION('',(0.,0.,-1.));
#37430=VECTOR('',#37420,1.);
#37440=LINE('',#37410,#37430);
#37450=EDGE_CURVE('',#37380,#37070,#37440,.T.);
#37460=ORIENTED_EDGE('',*,*,#37450,.F.);
#37470=ORIENTED_EDGE('',*,*,#37080,.F.);
#37480=EDGE_LOOP('',(#37470,#37460,#37400,#37320));
#37490=FACE_OUTER_BOUND('',#37480,.T.);
#37500=ADVANCED_FACE('',(#37490),#37240,.T.);
#37510=CARTESIAN_POINT('',(4.15,-5.45,0.331896551724138));
#37520=DIRECTION('',(1.,0.,0.));
#37530=DIRECTION('',(0.,1.,0.));
#37540=AXIS2_PLACEMENT_3D('',#37510,#37520,#37530);
#37550=PLANE('',#37540);
#37560=ORIENTED_EDGE('',*,*,#36770,.T.);
#37570=CARTESIAN_POINT('',(4.15,-5.9,0.));
#37580=DIRECTION('',(0.,0.,-1.));
#37590=VECTOR('',#37580,1.);
#37600=LINE('',#37570,#37590);
#37610=CARTESIAN_POINT('',(4.15,-5.9,0.673368257713248));
#37620=VERTEX_POINT('',#37610);
#37630=EDGE_CURVE('',#37620,#36680,#37600,.T.);
#37640=ORIENTED_EDGE('',*,*,#37630,.T.);
#37650=CARTESIAN_POINT('',(4.15,0.,-0.611383261947974));
#37660=DIRECTION('',(0.,0.977102639903886,-0.212768491776527));
#37670=VECTOR('',#37660,1.);
#37680=LINE('',#37650,#37670);
#37690=CARTESIAN_POINT('',(4.15,-5.15638420477083,0.511442575854815));
#37700=VERTEX_POINT('',#37690);
#37710=EDGE_CURVE('',#37620,#37700,#37680,.T.);
#37720=ORIENTED_EDGE('',*,*,#37710,.F.);
#37730=CARTESIAN_POINT('',(4.15,-5.05,0.999994106992523));
#37740=DIRECTION('',(1.,0.,0.));
#37750=DIRECTION('',(0.,1.,0.));
#37760=AXIS2_PLACEMENT_3D('',#37730,#37740,#37750);
#37770=CIRCLE('',#37760,0.5);
#37780=CARTESIAN_POINT('',(4.15,-5.04757245540732,0.5));
#37790=VERTEX_POINT('',#37780);
#37800=EDGE_CURVE('',#37700,#37790,#37770,.T.);
#37810=ORIENTED_EDGE('',*,*,#37800,.F.);
#37820=CARTESIAN_POINT('',(4.15,0.,0.5));
#37830=DIRECTION('',(0.,-1.,0.));
#37840=VECTOR('',#37830,1.);
#37850=LINE('',#37820,#37840);
#37860=CARTESIAN_POINT('',(4.15,-3.5,0.5));
#37870=VERTEX_POINT('',#37860);
#37880=EDGE_CURVE('',#37870,#37790,#37850,.T.);
#37890=ORIENTED_EDGE('',*,*,#37880,.T.);
#37900=CARTESIAN_POINT('',(4.15,-3.5,0.));
#37910=DIRECTION('',(0.,0.,1.));
#37920=VECTOR('',#37910,1.);
#37930=LINE('',#37900,#37920);
#37940=EDGE_CURVE('',#36760,#37870,#37930,.T.);
#37950=ORIENTED_EDGE('',*,*,#37940,.T.);
#37960=EDGE_LOOP('',(#37950,#37890,#37810,#37720,#37640,#37560));
#37970=FACE_OUTER_BOUND('',#37960,.T.);
#37980=ADVANCED_FACE('',(#37970),#37550,.T.);
#37990=CARTESIAN_POINT('',(2.2999976,-3.5,0.));
#38000=DIRECTION('',(0.,-1.,0.));
#38010=DIRECTION('',(0.,0.,1.));
#38020=AXIS2_PLACEMENT_3D('',#37990,#38000,#38010);
#38030=PLANE('',#38020);
#38040=CARTESIAN_POINT('',(-1.25,-3.5,0.5));
#38050=DIRECTION('',(-1.,0.,0.));
#38060=VECTOR('',#38050,1.);
#38070=LINE('',#38040,#38060);
#38080=EDGE_CURVE('',#37870,#35630,#38070,.T.);
#38090=ORIENTED_EDGE('',*,*,#38080,.F.);
#38100=ORIENTED_EDGE('',*,*,#35640,.T.);
#38110=ORIENTED_EDGE('',*,*,#36830,.F.);
#38120=ORIENTED_EDGE('',*,*,#37940,.F.);
#38130=EDGE_LOOP('',(#38120,#38110,#38100,#38090));
#38140=FACE_OUTER_BOUND('',#38130,.T.);
#38150=ADVANCED_FACE('',(#38140),#38030,.F.);
#38160=CARTESIAN_POINT('',(5.,-5.9,0.741379310344828));
#38170=DIRECTION('',(0.,-1.,0.));
#38180=DIRECTION('',(0.,0.,1.));
#38190=AXIS2_PLACEMENT_3D('',#38160,#38170,#38180);
#38200=PLANE('',#38190);
#38210=ORIENTED_EDGE('',*,*,#37140,.T.);
#38220=ORIENTED_EDGE('',*,*,#37450,.T.);
#38230=CARTESIAN_POINT('',(0.,-5.9,0.673368257713248));
#38240=DIRECTION('',(1.,0.,0.));
#38250=VECTOR('',#38240,1.);
#38260=LINE('',#38230,#38250);
#38270=EDGE_CURVE('',#37620,#37380,#38260,.T.);
#38280=ORIENTED_EDGE('',*,*,#38270,.T.);
#38290=ORIENTED_EDGE('',*,*,#37630,.F.);
#38300=ORIENTED_EDGE('',*,*,#36690,.F.);
#38310=EDGE_LOOP('',(#38300,#38290,#38280,#38220,#38210));
#38320=FACE_OUTER_BOUND('',#38310,.T.);
#38330=ADVANCED_FACE('',(#38320),#38200,.F.);
#38340=CARTESIAN_POINT('',(16.55,-3.2,0.5));
#38350=DIRECTION('',(0.,0.,1.));
#38360=DIRECTION('',(-1.,0.,0.));
#38370=AXIS2_PLACEMENT_3D('',#38340,#38350,#38360);
#38380=PLANE('',#38370);
#38390=ORIENTED_EDGE('',*,*,#15540,.T.);
#38400=ORIENTED_EDGE('',*,*,#29710,.F.);
#38410=ORIENTED_EDGE('',*,*,#16870,.F.);
#38420=ORIENTED_EDGE('',*,*,#30590,.T.);
#38430=ORIENTED_EDGE('',*,*,#35700,.T.);
#38440=ORIENTED_EDGE('',*,*,#38080,.T.);
#38450=ORIENTED_EDGE('',*,*,#37880,.F.);
#38460=CARTESIAN_POINT('',(5.,-5.04757245540736,0.5));
#38470=DIRECTION('',(-1.,0.,0.));
#38480=VECTOR('',#38470,1.);
#38490=LINE('',#38460,#38480);
#38500=CARTESIAN_POINT('',(5.,-5.04757245540732,0.5));
#38510=VERTEX_POINT('',#38500);
#38520=EDGE_CURVE('',#38510,#37790,#38490,.T.);
#38530=ORIENTED_EDGE('',*,*,#38520,.T.);
#38540=CARTESIAN_POINT('',(5.,0.,0.5));
#38550=DIRECTION('',(0.,-1.,0.));
#38560=VECTOR('',#38550,1.);
#38570=LINE('',#38540,#38560);
#38580=EDGE_CURVE('',#28080,#38510,#38570,.T.);
#38590=ORIENTED_EDGE('',*,*,#38580,.T.);
#38600=ORIENTED_EDGE('',*,*,#28090,.F.);
#38610=CARTESIAN_POINT('',(4.98,0.,0.5));
#38620=DIRECTION('',(0.,1.,0.));
#38630=VECTOR('',#38620,1.);
#38640=LINE('',#38610,#38630);
#38650=CARTESIAN_POINT('',(4.98,-3.88,0.5));
#38660=VERTEX_POINT('',#38650);
#38670=EDGE_CURVE('',#28000,#38660,#38640,.T.);
#38680=ORIENTED_EDGE('',*,*,#38670,.F.);
#38690=CARTESIAN_POINT('',(-1.25,-3.88,0.5));
#38700=DIRECTION('',(-1.,0.,0.));
#38710=VECTOR('',#38700,1.);
#38720=LINE('',#38690,#38710);
#38730=CARTESIAN_POINT('',(5.62,-3.88,0.5));
#38740=VERTEX_POINT('',#38730);
#38750=EDGE_CURVE('',#38740,#38660,#38720,.T.);
#38760=ORIENTED_EDGE('',*,*,#38750,.T.);
#38770=CARTESIAN_POINT('',(5.62,0.,0.5));
#38780=DIRECTION('',(0.,1.,0.));
#38790=VECTOR('',#38780,1.);
#38800=LINE('',#38770,#38790);
#38810=EDGE_CURVE('',#28360,#38740,#38800,.T.);
#38820=ORIENTED_EDGE('',*,*,#38810,.T.);
#38830=ORIENTED_EDGE('',*,*,#28370,.F.);
#38840=CARTESIAN_POINT('',(5.6,0.,0.5));
#38850=DIRECTION('',(0.,1.,0.));
#38860=VECTOR('',#38850,1.);
#38870=LINE('',#38840,#38860);
#38880=CARTESIAN_POINT('',(5.6,-5.04753115459057,0.500000202227331));
#38890=VERTEX_POINT('',#38880);
#38900=EDGE_CURVE('',#38890,#28320,#38870,.T.);
#38910=ORIENTED_EDGE('',*,*,#38900,.T.);
#38920=CARTESIAN_POINT('',(6.25,-5.04753115359224,0.5));
#38930=DIRECTION('',(-1.,0.,0.));
#38940=VECTOR('',#38930,1.);
#38950=LINE('',#38920,#38940);
#38960=CARTESIAN_POINT('',(7.5,-5.04753115459079,0.50000020222733));
#38970=VERTEX_POINT('',#38960);
#38980=EDGE_CURVE('',#38970,#38890,#38950,.T.);
#38990=ORIENTED_EDGE('',*,*,#38980,.T.);
#39000=CARTESIAN_POINT('',(7.5,-5.05,0.5));
#39010=DIRECTION('',(0.,1.,0.));
#39020=VECTOR('',#39010,1.);
#39030=LINE('',#39000,#39020);
#39040=CARTESIAN_POINT('',(7.5,-4.52,0.5));
#39050=VERTEX_POINT('',#39040);
#39060=EDGE_CURVE('',#38970,#39050,#39030,.T.);
#39070=ORIENTED_EDGE('',*,*,#39060,.F.);
#39080=CARTESIAN_POINT('',(5.,-4.52,0.5));
#39090=DIRECTION('',(1.,0.,0.));
#39100=VECTOR('',#39090,1.);
#39110=LINE('',#39080,#39100);
#39120=CARTESIAN_POINT('',(7.48,-4.52,0.5));
#39130=VERTEX_POINT('',#39120);
#39140=EDGE_CURVE('',#39130,#39050,#39110,.T.);
#39150=ORIENTED_EDGE('',*,*,#39140,.T.);
#39160=CARTESIAN_POINT('',(7.48,0.,0.5));
#39170=DIRECTION('',(0.,-1.,0.));
#39180=VECTOR('',#39170,1.);
#39190=LINE('',#39160,#39180);
#39200=CARTESIAN_POINT('',(7.48,-3.88,0.5));
#39210=VERTEX_POINT('',#39200);
#39220=EDGE_CURVE('',#39210,#39130,#39190,.T.);
#39230=ORIENTED_EDGE('',*,*,#39220,.T.);
#39240=CARTESIAN_POINT('',(5.,-3.88,0.5));
#39250=DIRECTION('',(1.,0.,0.));
#39260=VECTOR('',#39250,1.);
#39270=LINE('',#39240,#39260);
#39280=CARTESIAN_POINT('',(8.12,-3.88,0.5));
#39290=VERTEX_POINT('',#39280);
#39300=EDGE_CURVE('',#39210,#39290,#39270,.T.);
#39310=ORIENTED_EDGE('',*,*,#39300,.F.);
#39320=CARTESIAN_POINT('',(8.12,0.,0.5));
#39330=DIRECTION('',(0.,-1.,0.));
#39340=VECTOR('',#39330,1.);
#39350=LINE('',#39320,#39340);
#39360=CARTESIAN_POINT('',(8.12,-4.52,0.5));
#39370=VERTEX_POINT('',#39360);
#39380=EDGE_CURVE('',#39290,#39370,#39350,.T.);
#39390=ORIENTED_EDGE('',*,*,#39380,.F.);
#39400=EDGE_CURVE('',#5240,#39370,#39110,.T.);
#39410=ORIENTED_EDGE('',*,*,#39400,.T.);
#39420=ORIENTED_EDGE('',*,*,#5250,.T.);
#39430=CARTESIAN_POINT('',(7.5,-5.04753115359224,0.5));
#39440=DIRECTION('',(-1.,0.,0.));
#39450=VECTOR('',#39440,1.);
#39460=LINE('',#39430,#39450);
#39470=CARTESIAN_POINT('',(10.,-5.04753115459079,0.50000020222733));
#39480=VERTEX_POINT('',#39470);
#39490=EDGE_CURVE('',#39480,#5220,#39460,.T.);
#39500=ORIENTED_EDGE('',*,*,#39490,.T.);
#39510=CARTESIAN_POINT('',(10.,-5.05,0.5));
#39520=DIRECTION('',(0.,1.,0.));
#39530=VECTOR('',#39520,1.);
#39540=LINE('',#39510,#39530);
#39550=EDGE_CURVE('',#39480,#4680,#39540,.T.);
#39560=ORIENTED_EDGE('',*,*,#39550,.F.);
#39570=ORIENTED_EDGE('',*,*,#4690,.T.);
#39580=ORIENTED_EDGE('',*,*,#34850,.T.);
#39590=CARTESIAN_POINT('',(7.5,-3.88,0.5));
#39600=DIRECTION('',(1.,0.,0.));
#39610=VECTOR('',#39600,1.);
#39620=LINE('',#39590,#39610);
#39630=CARTESIAN_POINT('',(10.62,-3.88,0.5));
#39640=VERTEX_POINT('',#39630);
#39650=EDGE_CURVE('',#34780,#39640,#39620,.T.);
#39660=ORIENTED_EDGE('',*,*,#39650,.F.);
#39670=CARTESIAN_POINT('',(10.62,0.,0.5));
#39680=DIRECTION('',(0.,-1.,0.));
#39690=VECTOR('',#39680,1.);
#39700=LINE('',#39670,#39690);
#39710=EDGE_CURVE('',#39640,#5000,#39700,.T.);
#39720=ORIENTED_EDGE('',*,*,#39710,.F.);
#39730=ORIENTED_EDGE('',*,*,#5010,.T.);
#39740=CARTESIAN_POINT('',(10.6,-5.05,0.5));
#39750=DIRECTION('',(0.,1.,0.));
#39760=VECTOR('',#39750,1.);
#39770=LINE('',#39740,#39760);
#39780=CARTESIAN_POINT('',(10.6,-5.04753115459079,0.50000020222733));
#39790=VERTEX_POINT('',#39780);
#39800=EDGE_CURVE('',#39790,#4920,#39770,.T.);
#39810=ORIENTED_EDGE('',*,*,#39800,.T.);
#39820=CARTESIAN_POINT('',(13.1,-5.04753115359224,0.5));
#39830=DIRECTION('',(1.,0.,0.));
#39840=VECTOR('',#39830,1.);
#39850=LINE('',#39820,#39840);
#39860=CARTESIAN_POINT('',(12.5,-5.04753115459079,0.5));
#39870=VERTEX_POINT('',#39860);
#39880=EDGE_CURVE('',#39790,#39870,#39850,.T.);
#39890=ORIENTED_EDGE('',*,*,#39880,.F.);
#39900=CARTESIAN_POINT('',(12.5,-5.05,0.5));
#39910=DIRECTION('',(0.,1.,0.));
#39920=VECTOR('',#39910,1.);
#39930=LINE('',#39900,#39920);
#39940=EDGE_CURVE('',#39870,#26900,#39930,.T.);
#39950=ORIENTED_EDGE('',*,*,#39940,.F.);
#39960=ORIENTED_EDGE('',*,*,#26910,.T.);
#39970=ORIENTED_EDGE('',*,*,#32620,.T.);
#39980=CARTESIAN_POINT('',(10.,-3.88,0.5));
#39990=DIRECTION('',(1.,0.,0.));
#40000=VECTOR('',#39990,1.);
#40010=LINE('',#39980,#40000);
#40020=CARTESIAN_POINT('',(13.12,-3.88,0.5));
#40030=VERTEX_POINT('',#40020);
#40040=EDGE_CURVE('',#32550,#40030,#40010,.T.);
#40050=ORIENTED_EDGE('',*,*,#40040,.F.);
#40060=CARTESIAN_POINT('',(13.12,0.,0.5));
#40070=DIRECTION('',(0.,-1.,0.));
#40080=VECTOR('',#40070,1.);
#40090=LINE('',#40060,#40080);
#40100=EDGE_CURVE('',#40030,#26660,#40090,.T.);
#40110=ORIENTED_EDGE('',*,*,#40100,.F.);
#40120=ORIENTED_EDGE('',*,*,#26670,.T.);
#40130=CARTESIAN_POINT('',(13.1,-5.05,0.5));
#40140=DIRECTION('',(0.,1.,0.));
#40150=VECTOR('',#40140,1.);
#40160=LINE('',#40130,#40150);
#40170=CARTESIAN_POINT('',(13.1,-5.04753115459079,0.5));
#40180=VERTEX_POINT('',#40170);
#40190=EDGE_CURVE('',#40180,#26640,#40160,.T.);
#40200=ORIENTED_EDGE('',*,*,#40190,.T.);
#40210=CARTESIAN_POINT('',(16.8499995380496,-5.04753115359224,0.5));
#40220=DIRECTION('',(1.,0.,0.));
#40230=VECTOR('',#40220,1.);
#40240=LINE('',#40210,#40230);
#40250=CARTESIAN_POINT('',(15.,-5.04753115459079,0.50000020222733));
#40260=VERTEX_POINT('',#40250);
#40270=EDGE_CURVE('',#40180,#40260,#40240,.T.);
#40280=ORIENTED_EDGE('',*,*,#40270,.F.);
#40290=CARTESIAN_POINT('',(15.,-5.05,0.5));
#40300=DIRECTION('',(0.,1.,0.));
#40310=VECTOR('',#40300,1.);
#40320=LINE('',#40290,#40310);
#40330=EDGE_CURVE('',#40260,#23650,#40320,.T.);
#40340=ORIENTED_EDGE('',*,*,#40330,.F.);
#40350=ORIENTED_EDGE('',*,*,#23660,.T.);
#40360=CARTESIAN_POINT('',(14.98,0.,0.5));
#40370=DIRECTION('',(0.,-1.,0.));
#40380=VECTOR('',#40370,1.);
#40390=LINE('',#40360,#40380);
#40400=CARTESIAN_POINT('',(14.98,-3.88,0.5));
#40410=VERTEX_POINT('',#40400);
#40420=EDGE_CURVE('',#40410,#23570,#40390,.T.);
#40430=ORIENTED_EDGE('',*,*,#40420,.T.);
#40440=CARTESIAN_POINT('',(12.5,-3.88,0.5));
#40450=DIRECTION('',(1.,0.,0.));
#40460=VECTOR('',#40450,1.);
#40470=LINE('',#40440,#40460);
#40480=CARTESIAN_POINT('',(15.62,-3.88,0.5));
#40490=VERTEX_POINT('',#40480);
#40500=EDGE_CURVE('',#40410,#40490,#40470,.T.);
#40510=ORIENTED_EDGE('',*,*,#40500,.F.);
#40520=CARTESIAN_POINT('',(15.62,0.,0.5));
#40530=DIRECTION('',(0.,-1.,0.));
#40540=VECTOR('',#40530,1.);
#40550=LINE('',#40520,#40540);
#40560=EDGE_CURVE('',#40490,#23970,#40550,.T.);
#40570=ORIENTED_EDGE('',*,*,#40560,.F.);
#40580=ORIENTED_EDGE('',*,*,#23980,.T.);
#40590=CARTESIAN_POINT('',(15.6,-5.05,0.5));
#40600=DIRECTION('',(0.,1.,0.));
#40610=VECTOR('',#40600,1.);
#40620=LINE('',#40590,#40610);
#40630=CARTESIAN_POINT('',(15.6,-5.04753115459079,0.50000020222733));
#40640=VERTEX_POINT('',#40630);
#40650=EDGE_CURVE('',#40640,#23890,#40620,.T.);
#40660=ORIENTED_EDGE('',*,*,#40650,.T.);
#40670=CARTESIAN_POINT('',(19.3499995380496,-5.04753115359224,0.5));
#40680=DIRECTION('',(1.,0.,0.));
#40690=VECTOR('',#40680,1.);
#40700=LINE('',#40670,#40690);
#40710=CARTESIAN_POINT('',(17.4999995380496,-5.04753115359202,0.5));
#40720=VERTEX_POINT('',#40710);
#40730=EDGE_CURVE('',#40640,#40720,#40700,.T.);
#40740=ORIENTED_EDGE('',*,*,#40730,.F.);
#40750=CARTESIAN_POINT('',(17.4999995380496,0.,0.5));
#40760=DIRECTION('',(0.,-1.,0.));
#40770=VECTOR('',#40760,1.);
#40780=LINE('',#40750,#40770);
#40790=CARTESIAN_POINT('',(17.4999995380496,-4.52,0.5));
#40800=VERTEX_POINT('',#40790);
#40810=EDGE_CURVE('',#40800,#40720,#40780,.T.);
#40820=ORIENTED_EDGE('',*,*,#40810,.T.);
#40830=CARTESIAN_POINT('',(24.3499995380496,-4.52,0.5));
#40840=DIRECTION('',(-1.,0.,0.));
#40850=VECTOR('',#40840,1.);
#40860=LINE('',#40830,#40850);
#40870=CARTESIAN_POINT('',(17.4799995380496,-4.52,0.5));
#40880=VERTEX_POINT('',#40870);
#40890=EDGE_CURVE('',#40800,#40880,#40860,.T.);
#40900=ORIENTED_EDGE('',*,*,#40890,.F.);
#40910=CARTESIAN_POINT('',(17.4799995380496,0.,0.5));
#40920=DIRECTION('',(0.,-1.,0.));
#40930=VECTOR('',#40920,1.);
#40940=LINE('',#40910,#40930);
#40950=CARTESIAN_POINT('',(17.4799995380496,-3.88,0.5));
#40960=VERTEX_POINT('',#40950);
#40970=EDGE_CURVE('',#40960,#40880,#40940,.T.);
#40980=ORIENTED_EDGE('',*,*,#40970,.T.);
#40990=CARTESIAN_POINT('',(24.3499995380496,-3.88,0.5));
#41000=DIRECTION('',(-1.,0.,0.));
#41010=VECTOR('',#41000,1.);
#41020=LINE('',#40990,#41010);
#41030=CARTESIAN_POINT('',(18.1199995380496,-3.88,0.5));
#41040=VERTEX_POINT('',#41030);
#41050=EDGE_CURVE('',#41040,#40960,#41020,.T.);
#41060=ORIENTED_EDGE('',*,*,#41050,.T.);
#41070=CARTESIAN_POINT('',(18.1199995380496,0.,0.5));
#41080=DIRECTION('',(0.,-1.,0.));
#41090=VECTOR('',#41080,1.);
#41100=LINE('',#41070,#41090);
#41110=CARTESIAN_POINT('',(18.1199995380496,-4.52,0.5));
#41120=VERTEX_POINT('',#41110);
#41130=EDGE_CURVE('',#41040,#41120,#41100,.T.);
#41140=ORIENTED_EDGE('',*,*,#41130,.F.);
#41150=CARTESIAN_POINT('',(18.0999995380496,-4.52,0.5));
#41160=VERTEX_POINT('',#41150);
#41170=EDGE_CURVE('',#41120,#41160,#40860,.T.);
#41180=ORIENTED_EDGE('',*,*,#41170,.F.);
#41190=CARTESIAN_POINT('',(18.0999995380496,0.,0.5));
#41200=DIRECTION('',(0.,1.,0.));
#41210=VECTOR('',#41200,1.);
#41220=LINE('',#41190,#41210);
#41230=CARTESIAN_POINT('',(18.0999995380496,-5.04757245540732,0.5));
#41240=VERTEX_POINT('',#41230);
#41250=EDGE_CURVE('',#41240,#41160,#41220,.T.);
#41260=ORIENTED_EDGE('',*,*,#41250,.T.);
#41270=CARTESIAN_POINT('',(18.0999995380496,-5.04757245540736,0.5));
#41280=DIRECTION('',(1.,0.,0.));
#41290=VECTOR('',#41280,1.);
#41300=LINE('',#41270,#41290);
#41310=CARTESIAN_POINT('',(18.9499995380496,-5.04757245540732,0.5));
#41320=VERTEX_POINT('',#41310);
#41330=EDGE_CURVE('',#41240,#41320,#41300,.T.);
#41340=ORIENTED_EDGE('',*,*,#41330,.F.);
#41350=CARTESIAN_POINT('',(18.9499995380496,0.,0.5));
#41360=DIRECTION('',(0.,1.,0.));
#41370=VECTOR('',#41360,1.);
#41380=LINE('',#41350,#41370);
#41390=CARTESIAN_POINT('',(18.9499995380496,-3.5,0.5));
#41400=VERTEX_POINT('',#41390);
#41410=EDGE_CURVE('',#41320,#41400,#41380,.T.);
#41420=ORIENTED_EDGE('',*,*,#41410,.F.);
#41430=CARTESIAN_POINT('',(24.3499995380496,-3.5,0.5));
#41440=DIRECTION('',(-1.,0.,0.));
#41450=VECTOR('',#41440,1.);
#41460=LINE('',#41430,#41450);
#41470=CARTESIAN_POINT('',(20.2999995380496,-3.5,0.5));
#41480=VERTEX_POINT('',#41470);
#41490=EDGE_CURVE('',#41480,#41400,#41460,.T.);
#41500=ORIENTED_EDGE('',*,*,#41490,.T.);
#41510=CARTESIAN_POINT('',(20.2999995380496,0.,0.5));
#41520=DIRECTION('',(0.,-1.,0.));
#41530=VECTOR('',#41520,1.);
#41540=LINE('',#41510,#41530);
#41550=EDGE_CURVE('',#28990,#41480,#41540,.T.);
#41560=ORIENTED_EDGE('',*,*,#41550,.T.);
#41570=ORIENTED_EDGE('',*,*,#29080,.T.);
#41580=ORIENTED_EDGE('',*,*,#14630,.F.);
#41590=ORIENTED_EDGE('',*,*,#29850,.F.);
#41600=ORIENTED_EDGE('',*,*,#27530,.T.);
#41610=ORIENTED_EDGE('',*,*,#34550,.T.);
#41620=EDGE_LOOP('',(#41610,#41600,#41590,#41580,#41570,#41560,#41500,
#41420,#41340,#41260,#41180,#41140,#41060,#40980,#40900,#40820,#40740,
#40660,#40580,#40570,#40510,#40430,#40350,#40340,#40280,#40200,#40120,
#40110,#40050,#39970,#39960,#39950,#39890,#39810,#39730,#39720,#39660,
#39580,#39570,#39560,#39500,#39420,#39410,#39390,#39310,#39230,#39150,
#39070,#38990,#38910,#38830,#38820,#38760,#38680,#38600,#38590,#38530,
#38450,#38440,#38430,#38420,#38410,#38400,#38390));
#41630=FACE_OUTER_BOUND('',#41620,.T.);
#41640=ADVANCED_FACE('',(#41630),#38380,.F.);
#41650=CARTESIAN_POINT('',(3.55,-4.325,10.65));
#41660=DIRECTION('',(-0.707106781186548,-0.,-0.707106781186547));
#41670=DIRECTION('',(0.707106781186547,0.,-0.707106781186548));
#41680=AXIS2_PLACEMENT_3D('',#41650,#41660,#41670);
#41690=PLANE('',#41680);
#41700=ORIENTED_EDGE('',*,*,#21650,.F.);
#41710=CARTESIAN_POINT('',(3.7,-4.325,10.5));
#41720=DIRECTION('',(0.,-1.,0.));
#41730=VECTOR('',#41720,1.);
#41740=LINE('',#41710,#41730);
#41750=CARTESIAN_POINT('',(3.70000000000002,-6.15,10.5));
#41760=VERTEX_POINT('',#41750);
#41770=EDGE_CURVE('',#21580,#41760,#41740,.T.);
#41780=ORIENTED_EDGE('',*,*,#41770,.F.);
#41790=CARTESIAN_POINT('',(3.7,-6.15,10.5));
#41800=DIRECTION('',(-0.707106781186546,0.,0.707106781186549));
#41810=VECTOR('',#41800,0.212132034355964);
#41820=LINE('',#41790,#41810);
#41830=EDGE_CURVE('',#41760,#6850,#41820,.T.);
#41840=ORIENTED_EDGE('',*,*,#41830,.F.);
#41850=ORIENTED_EDGE('',*,*,#6860,.F.);
#41860=EDGE_LOOP('',(#41850,#41840,#41780,#41700));
#41870=FACE_OUTER_BOUND('',#41860,.T.);
#41880=ADVANCED_FACE('',(#41870),#41690,.F.);
#41890=CARTESIAN_POINT('',(3.7,-2.5,10.8));
#41900=DIRECTION('',(-1.,0.,0.));
#41910=DIRECTION('',(0.,1.,0.));
#41920=AXIS2_PLACEMENT_3D('',#41890,#41900,#41910);
#41930=PLANE('',#41920);
#41940=ORIENTED_EDGE('',*,*,#41770,.T.);
#41950=ORIENTED_EDGE('',*,*,#30700,.T.);
#41960=CARTESIAN_POINT('',(3.7,0.,2.5));
#41970=DIRECTION('',(0.,-1.,0.));
#41980=VECTOR('',#41970,1.);
#41990=LINE('',#41960,#41980);
#42000=CARTESIAN_POINT('',(3.7,-6.15,2.5));
#42010=VERTEX_POINT('',#42000);
#42020=EDGE_CURVE('',#30690,#42010,#41990,.T.);
#42030=ORIENTED_EDGE('',*,*,#42020,.F.);
#42040=CARTESIAN_POINT('',(3.7,-6.15,0.));
#42050=DIRECTION('',(0.,0.,-1.));
#42060=VECTOR('',#42050,1.);
#42070=LINE('',#42040,#42060);
#42080=EDGE_CURVE('',#41760,#42010,#42070,.T.);
#42090=ORIENTED_EDGE('',*,*,#42080,.T.);
#42100=EDGE_LOOP('',(#42090,#42030,#41950,#41940));
#42110=FACE_OUTER_BOUND('',#42100,.T.);
#42120=ADVANCED_FACE('',(#42110),#41930,.F.);
#42130=CARTESIAN_POINT('',(5.,-4.5,0.5));
#42140=DIRECTION('',(1.,0.,0.));
#42150=DIRECTION('',(0.,1.,0.));
#42160=AXIS2_PLACEMENT_3D('',#42130,#42140,#42150);
#42170=PLANE('',#42160);
#42180=CARTESIAN_POINT('',(5.,-5.05,0.999994106992523));
#42190=DIRECTION('',(1.,0.,0.));
#42200=DIRECTION('',(0.,1.,0.));
#42210=AXIS2_PLACEMENT_3D('',#42180,#42190,#42200);
#42220=CIRCLE('',#42210,0.5);
#42230=CARTESIAN_POINT('',(5.,-4.55,0.999994106992523));
#42240=VERTEX_POINT('',#42230);
#42250=EDGE_CURVE('',#38510,#42240,#42220,.T.);
#42260=ORIENTED_EDGE('',*,*,#42250,.F.);
#42270=CARTESIAN_POINT('',(5.,-4.55,0.));
#42280=DIRECTION('',(0.,0.,-1.));
#42290=VECTOR('',#42280,1.);
#42300=LINE('',#42270,#42290);
#42310=CARTESIAN_POINT('',(5.,-4.55,1.));
#42320=VERTEX_POINT('',#42310);
#42330=EDGE_CURVE('',#42320,#42240,#42300,.T.);
#42340=ORIENTED_EDGE('',*,*,#42330,.T.);
#42350=CARTESIAN_POINT('',(5.,0.,1.));
#42360=DIRECTION('',(0.,1.,0.));
#42370=VECTOR('',#42360,1.);
#42380=LINE('',#42350,#42370);
#42390=EDGE_CURVE('',#42320,#28160,#42380,.T.);
#42400=ORIENTED_EDGE('',*,*,#42390,.F.);
#42410=ORIENTED_EDGE('',*,*,#28170,.F.);
#42420=ORIENTED_EDGE('',*,*,#38580,.F.);
#42430=EDGE_LOOP('',(#42420,#42410,#42400,#42340,#42260));
#42440=FACE_OUTER_BOUND('',#42430,.T.);
#42450=ADVANCED_FACE('',(#42440),#42170,.T.);
#42460=CARTESIAN_POINT('',(5.6,-5.05,0.5));
#42470=DIRECTION('',(-1.,0.,0.));
#42480=DIRECTION('',(0.,-1.,0.));
#42490=AXIS2_PLACEMENT_3D('',#42460,#42470,#42480);
#42500=PLANE('',#42490);
#42510=CARTESIAN_POINT('',(5.6,-5.05,0.999994106992523));
#42520=DIRECTION('',(1.,0.,0.));
#42530=DIRECTION('',(0.,1.,0.));
#42540=AXIS2_PLACEMENT_3D('',#42510,#42520,#42530);
#42550=CIRCLE('',#42540,0.5);
#42560=CARTESIAN_POINT('',(5.6,-4.55,0.999994106992523));
#42570=VERTEX_POINT('',#42560);
#42580=EDGE_CURVE('',#38890,#42570,#42550,.T.);
#42590=ORIENTED_EDGE('',*,*,#42580,.T.);
#42600=ORIENTED_EDGE('',*,*,#38900,.F.);
#42610=ORIENTED_EDGE('',*,*,#28330,.F.);
#42620=CARTESIAN_POINT('',(5.6,0.,1.));
#42630=DIRECTION('',(0.,1.,0.));
#42640=VECTOR('',#42630,1.);
#42650=LINE('',#42620,#42640);
#42660=CARTESIAN_POINT('',(5.6,-4.55,1.));
#42670=VERTEX_POINT('',#42660);
#42680=EDGE_CURVE('',#42670,#28240,#42650,.T.);
#42690=ORIENTED_EDGE('',*,*,#42680,.T.);
#42700=CARTESIAN_POINT('',(5.6,-4.55,0.));
#42710=DIRECTION('',(0.,0.,-1.));
#42720=VECTOR('',#42710,1.);
#42730=LINE('',#42700,#42720);
#42740=EDGE_CURVE('',#42670,#42570,#42730,.T.);
#42750=ORIENTED_EDGE('',*,*,#42740,.F.);
#42760=EDGE_LOOP('',(#42750,#42690,#42610,#42600,#42590));
#42770=FACE_OUTER_BOUND('',#42760,.T.);
#42780=ADVANCED_FACE('',(#42770),#42500,.T.);
#42790=CARTESIAN_POINT('',(9.95,0.0999999999999991,2.));
#42800=DIRECTION('',(0.,1.,-0.));
#42810=DIRECTION('',(-1.,0.,0.));
#42820=AXIS2_PLACEMENT_3D('',#42790,#42800,#42810);
#42830=PLANE('',#42820);
#42840=ORIENTED_EDGE('',*,*,#8750,.F.);
#42850=CARTESIAN_POINT('',(9.95,0.0999999999999991,2.));
#42860=DIRECTION('',(0.,0.,1.));
#42870=VECTOR('',#42860,1.);
#42880=LINE('',#42850,#42870);
#42890=EDGE_CURVE('',#8660,#460,#42880,.T.);
#42900=ORIENTED_EDGE('',*,*,#42890,.F.);
#42910=ORIENTED_EDGE('',*,*,#470,.F.);
#42920=CARTESIAN_POINT('',(11.25,0.0999999999999991,2.));
#42930=DIRECTION('',(0.,0.,-1.));
#42940=VECTOR('',#42930,1.);
#42950=LINE('',#42920,#42940);
#42960=EDGE_CURVE('',#380,#8740,#42950,.T.);
#42970=ORIENTED_EDGE('',*,*,#42960,.F.);
#42980=EDGE_LOOP('',(#42970,#42910,#42900,#42840));
#42990=FACE_OUTER_BOUND('',#42980,.T.);
#43000=ADVANCED_FACE('',(#42990),#42830,.F.);
#43010=CARTESIAN_POINT('',(5.98,-3.88,2.));
#43020=DIRECTION('',(0.,-1.,5.55111512312578E-17));
#43030=DIRECTION('',(-1.,0.,0.));
#43040=AXIS2_PLACEMENT_3D('',#43010,#43020,#43030);
#43050=PLANE('',#43040);
#43060=ORIENTED_EDGE('',*,*,#38750,.F.);
#43070=CARTESIAN_POINT('',(4.98,-3.88,-3.6));
#43080=DIRECTION('',(0.,5.55111512312578E-17,1.));
#43090=VECTOR('',#43080,1.);
#43100=LINE('',#43070,#43090);
#43110=CARTESIAN_POINT('',(4.98,-3.88,-3.25));
#43120=VERTEX_POINT('',#43110);
#43130=EDGE_CURVE('',#43120,#38660,#43100,.T.);
#43140=ORIENTED_EDGE('',*,*,#43130,.T.);
#43150=CARTESIAN_POINT('',(5.36,-3.88,-3.25));
#43160=DIRECTION('',(1.,0.,0.));
#43170=VECTOR('',#43160,1.);
#43180=LINE('',#43150,#43170);
#43190=CARTESIAN_POINT('',(5.62,-3.88,-3.25));
#43200=VERTEX_POINT('',#43190);
#43210=EDGE_CURVE('',#43120,#43200,#43180,.T.);
#43220=ORIENTED_EDGE('',*,*,#43210,.F.);
#43230=CARTESIAN_POINT('',(5.62,-3.88,7.));
#43240=DIRECTION('',(0.,-5.55111512312578E-17,-1.));
#43250=VECTOR('',#43240,1.);
#43260=LINE('',#43230,#43250);
#43270=EDGE_CURVE('',#38740,#43200,#43260,.T.);
#43280=ORIENTED_EDGE('',*,*,#43270,.T.);
#43290=EDGE_LOOP('',(#43280,#43220,#43140,#43060));
#43300=FACE_OUTER_BOUND('',#43290,.T.);
#43310=ADVANCED_FACE('',(#43300),#43050,.F.);
#43320=CARTESIAN_POINT('',(5.04,-4.14,-3.425));
#43330=DIRECTION('',(-0.945945945945946,-1.80036166155431E-17,
-0.324324324324325));
#43340=DIRECTION('',(-0.324324324324325,5.25105484620007E-17,
0.945945945945946));
#43350=AXIS2_PLACEMENT_3D('',#43320,#43330,#43340);
#43360=PLANE('',#43350);
#43370=CARTESIAN_POINT('',(5.1,-4.14,-3.6));
#43380=DIRECTION('',(0.,1.,-5.55111512312578E-17));
#43390=VECTOR('',#43380,1.);
#43400=LINE('',#43370,#43390);
#43410=CARTESIAN_POINT('',(5.1,-4.4,-3.6));
#43420=VERTEX_POINT('',#43410);
#43430=CARTESIAN_POINT('',(5.1,-4.,-3.6));
#43440=VERTEX_POINT('',#43430);
#43450=EDGE_CURVE('',#43420,#43440,#43400,.T.);
#43460=ORIENTED_EDGE('',*,*,#43450,.F.);
#43470=CARTESIAN_POINT('',(3.18,-2.08,2.));
#43480=DIRECTION('',(-0.308504698037437,0.308504698037437,
0.899805369275856));
#43490=VECTOR('',#43480,1.);
#43500=LINE('',#43470,#43490);
#43510=EDGE_CURVE('',#43440,#43120,#43500,.T.);
#43520=ORIENTED_EDGE('',*,*,#43510,.F.);
#43530=CARTESIAN_POINT('',(4.98,-4.14,-3.25));
#43540=DIRECTION('',(0.,1.,-5.55111512312578E-17));
#43550=VECTOR('',#43540,1.);
#43560=LINE('',#43530,#43550);
#43570=EDGE_CURVE('',#27900,#43120,#43560,.T.);
#43580=ORIENTED_EDGE('',*,*,#43570,.T.);
#43590=CARTESIAN_POINT('',(3.18,-6.32,2.));
#43600=DIRECTION('',(0.308504698037437,0.308504698037437,
-0.899805369275856));
#43610=VECTOR('',#43600,1.);
#43620=LINE('',#43590,#43610);
#43630=EDGE_CURVE('',#27900,#43420,#43620,.T.);
#43640=ORIENTED_EDGE('',*,*,#43630,.F.);
#43650=EDGE_LOOP('',(#43640,#43580,#43520,#43460));
#43660=FACE_OUTER_BOUND('',#43650,.T.);
#43670=ADVANCED_FACE('',(#43660),#43360,.T.);
#43680=CARTESIAN_POINT('',(5.36,-3.94,-3.425));
#43690=DIRECTION('',(0.,-0.945945945945946,0.324324324324325));
#43700=DIRECTION('',(0.,-0.324324324324325,-0.945945945945946));
#43710=AXIS2_PLACEMENT_3D('',#43680,#43690,#43700);
#43720=PLANE('',#43710);
#43730=ORIENTED_EDGE('',*,*,#43210,.T.);
#43740=ORIENTED_EDGE('',*,*,#43510,.T.);
#43750=CARTESIAN_POINT('',(5.36,-4.,-3.6));
#43760=DIRECTION('',(1.,0.,0.));
#43770=VECTOR('',#43760,1.);
#43780=LINE('',#43750,#43770);
#43790=CARTESIAN_POINT('',(5.5,-4.,-3.6));
#43800=VERTEX_POINT('',#43790);
#43810=EDGE_CURVE('',#43440,#43800,#43780,.T.);
#43820=ORIENTED_EDGE('',*,*,#43810,.F.);
#43830=CARTESIAN_POINT('',(7.42,-2.08,2.));
#43840=DIRECTION('',(-0.308504698037437,-0.308504698037437,
-0.899805369275856));
#43850=VECTOR('',#43840,1.);
#43860=LINE('',#43830,#43850);
#43870=EDGE_CURVE('',#43200,#43800,#43860,.T.);
#43880=ORIENTED_EDGE('',*,*,#43870,.T.);
#43890=EDGE_LOOP('',(#43880,#43820,#43740,#43730));
#43900=FACE_OUTER_BOUND('',#43890,.T.);
#43910=ADVANCED_FACE('',(#43900),#43720,.F.);
#43920=CARTESIAN_POINT('',(9.98,0.,2.5));
#43930=DIRECTION('',(0.,1.,0.));
#43940=VECTOR('',#43930,1.);
#43950=LINE('',#43920,#43940);
#43960=CARTESIAN_POINT('',(9.98,-4.52,2.5));
#43970=VERTEX_POINT('',#43960);
#43980=CARTESIAN_POINT('',(9.98,-3.88,2.5));
#43990=VERTEX_POINT('',#43980);
#44000=EDGE_CURVE('',#43970,#43990,#43950,.T.);
#44010=ORIENTED_EDGE('',*,*,#44000,.F.);
#44020=CARTESIAN_POINT('',(9.98,-3.88,6.65));
#44030=VERTEX_POINT('',#44020);
#44040=EDGE_CURVE('',#43990,#44030,#34760,.T.);
#44050=ORIENTED_EDGE('',*,*,#44040,.F.);
#44060=CARTESIAN_POINT('',(9.98,-4.14,6.65));
#44070=DIRECTION('',(0.,1.,-5.55111512312578E-17));
#44080=VECTOR('',#44070,1.);
#44090=LINE('',#44060,#44080);
#44100=CARTESIAN_POINT('',(9.98,-4.52,6.65));
#44110=VERTEX_POINT('',#44100);
#44120=EDGE_CURVE('',#44110,#44030,#44090,.T.);
#44130=ORIENTED_EDGE('',*,*,#44120,.T.);
#44140=EDGE_CURVE('',#44110,#43970,#4580,.T.);
#44150=ORIENTED_EDGE('',*,*,#44140,.F.);
#44160=EDGE_LOOP('',(#44150,#44130,#44050,#44010));
#44170=FACE_OUTER_BOUND('',#44160,.T.);
#44180=ADVANCED_FACE('',(#44170),#34640,.T.);
#44190=CARTESIAN_POINT('',(4.1,0.,10.3));
#44200=DIRECTION('',(0.,1.,0.));
#44210=DIRECTION('',(1.,0.,0.));
#44220=AXIS2_PLACEMENT_3D('',#44190,#44200,#44210);
#44230=CYLINDRICAL_SURFACE('',#44220,0.5);
#44240=ORIENTED_EDGE('',*,*,#7290,.T.);
#44250=CARTESIAN_POINT('',(4.1,-6.9,10.3));
#44260=DIRECTION('',(-0.707106781186548,-0.707106781186548,0.));
#44270=DIRECTION('',(-0.707106781186548,0.707106781186548,0.));
#44280=AXIS2_PLACEMENT_3D('',#44250,#44260,#44270);
#44290=ELLIPSE('',#44280,0.707106781186548,0.5);
#44300=CARTESIAN_POINT('',(4.6,-7.4,10.3));
#44310=VERTEX_POINT('',#44300);
#44320=EDGE_CURVE('',#44310,#7200,#44290,.T.);
#44330=ORIENTED_EDGE('',*,*,#44320,.T.);
#44340=CARTESIAN_POINT('',(4.6,0.,10.3));
#44350=DIRECTION('',(0.,1.,0.));
#44360=VECTOR('',#44350,1.);
#44370=LINE('',#44340,#44360);
#44380=CARTESIAN_POINT('',(4.6,-7.59999999840841,10.3));
#44390=VERTEX_POINT('',#44380);
#44400=EDGE_CURVE('',#44390,#44310,#44370,.T.);
#44410=ORIENTED_EDGE('',*,*,#44400,.T.);
#44420=CARTESIAN_POINT('',(4.6,-7.59999999840841,10.3));
#44430=CARTESIAN_POINT('',(4.6,-7.60000001266169,10.3141434450534));
#44440=CARTESIAN_POINT('',(4.59939965615403,-7.59975986246172,
10.3282794816952));
#44450=CARTESIAN_POINT('',(4.59793703597207,-7.59917481438889,
10.3454805663222));
#44460=CARTESIAN_POINT('',(4.59764280005742,-7.59905712002303,
10.3485944983946));
#44470=CARTESIAN_POINT('',(4.59573508506262,-7.59829403402511,
10.3669435560758));
#44480=CARTESIAN_POINT('',(4.59345238109646,-7.59738095245469,
10.3820880848313));
#44490=CARTESIAN_POINT('',(4.58475075398887,-7.59390030161165,
10.4260498445332));
#44500=CARTESIAN_POINT('',(4.57647800025633,-7.59059120011026,
10.4543621979278));
#44510=CARTESIAN_POINT('',(4.55559616370829,-7.58223846549104,
10.507907123324));
#44520=CARTESIAN_POINT('',(4.54321181688166,-7.57728472675266,
10.5331103175615));
#44530=CARTESIAN_POINT('',(4.5134917388477,-7.56539669553908,
10.5827028937002));
#44540=CARTESIAN_POINT('',(4.49592309055302,-7.55836923622121,
10.6067875584364));
#44550=CARTESIAN_POINT('',(4.45788457685755,-7.54315383074302,
10.6503088805699));
#44560=CARTESIAN_POINT('',(4.43764863178015,-7.53505945272648,
10.6698264311611));
#44570=CARTESIAN_POINT('',(4.40133401746209,-7.52053360699926,
10.6994465431028));
#44580=CARTESIAN_POINT('',(4.38602608084476,-7.51441043234353,
10.7105401985434));
#44590=CARTESIAN_POINT('',(4.35470436782249,-7.50188174713462,
10.7306558270158));
#44600=CARTESIAN_POINT('',(4.33873587622699,-7.4954943504908,
10.7397037765842));
#44610=CARTESIAN_POINT('',(4.30626240286078,-7.48250496114431,
10.7558277004333));
#44620=CARTESIAN_POINT('',(4.28979245714962,-7.47591698286093,
10.7629237073926));
#44630=CARTESIAN_POINT('',(4.25647458059765,-7.46258983224014,
10.7752123146346));
#44640=CARTESIAN_POINT('',(4.23965540317378,-7.45586216126951,
10.7804215114132));
#44650=CARTESIAN_POINT('',(4.20249433190469,-7.44099773276187,
10.7898226756347));
#44660=CARTESIAN_POINT('',(4.18210142958529,-7.43284057183412,
10.7936476620818));
#44670=CARTESIAN_POINT('',(4.14112101569403,-7.41644840627763,
10.7987314196658));
#44680=CARTESIAN_POINT('',(4.12055632131034,-7.40825900407681,10.8));
#44690=CARTESIAN_POINT('',(4.1,-7.4,10.8));
#44700=B_SPLINE_CURVE_WITH_KNOTS('',3,(#44420,#44430,#44440,#44450,
#44460,#44470,#44480,#44490,#44500,#44510,#44520,#44530,#44540,#44550,
#44560,#44570,#44580,#44590,#44600,#44610,#44620,#44630,#44640,#44650,
#44660,#44670,#44680,#44690),.UNSPECIFIED.,.F.,.F.,(4,2,2,2,2,2,2,2,2,2,
2,2,2,4),(0.,0.042427206719343,0.0518153809841067,0.0978032406724588,
0.186627331454379,0.271984959706273,0.363655876322276,0.451248076170229,
0.510802236078283,0.569045774888305,0.626308816050419,0.682805338616098,
0.749614003988499,0.816056017586318),.UNSPECIFIED.);
#44710=EDGE_CURVE('',#44390,#7280,#44700,.T.);
#44720=ORIENTED_EDGE('',*,*,#44710,.F.);
#44730=EDGE_LOOP('',(#44720,#44410,#44330,#44240));
#44740=FACE_OUTER_BOUND('',#44730,.T.);
#44750=ADVANCED_FACE('',(#44740),#44230,.T.);
#44760=CARTESIAN_POINT('',(5.56,-4.2,-3.425));
#44770=DIRECTION('',(-0.945945945945946,1.80036166155431E-17,
0.324324324324325));
#44780=DIRECTION('',(0.324324324324325,5.25105484620007E-17,
0.945945945945946));
#44790=AXIS2_PLACEMENT_3D('',#44760,#44770,#44780);
#44800=PLANE('',#44790);
#44810=CARTESIAN_POINT('',(5.5,-4.2,-3.6));
#44820=DIRECTION('',(0.,1.,-5.55111512312578E-17));
#44830=VECTOR('',#44820,1.);
#44840=LINE('',#44810,#44830);
#44850=CARTESIAN_POINT('',(5.5,-4.4,-3.6));
#44860=VERTEX_POINT('',#44850);
#44870=EDGE_CURVE('',#44860,#43800,#44840,.T.);
#44880=ORIENTED_EDGE('',*,*,#44870,.T.);
#44890=CARTESIAN_POINT('',(7.42,-6.32,2.));
#44900=DIRECTION('',(-0.308504698037437,0.308504698037437,
-0.899805369275856));
#44910=VECTOR('',#44900,1.);
#44920=LINE('',#44890,#44910);
#44930=EDGE_CURVE('',#27920,#44860,#44920,.T.);
#44940=ORIENTED_EDGE('',*,*,#44930,.T.);
#44950=CARTESIAN_POINT('',(5.62,-4.2,-3.25));
#44960=DIRECTION('',(0.,1.,-5.55111512312578E-17));
#44970=VECTOR('',#44960,1.);
#44980=LINE('',#44950,#44970);
#44990=EDGE_CURVE('',#27920,#43200,#44980,.T.);
#45000=ORIENTED_EDGE('',*,*,#44990,.F.);
#45010=ORIENTED_EDGE('',*,*,#43870,.F.);
#45020=EDGE_LOOP('',(#45010,#45000,#44940,#44880));
#45030=FACE_OUTER_BOUND('',#45020,.T.);
#45040=ADVANCED_FACE('',(#45030),#44800,.F.);
#45050=CARTESIAN_POINT('',(5.62,-4.52,-3.6));
#45060=DIRECTION('',(0.,5.55111512312578E-17,1.));
#45070=DIRECTION('',(-1.,0.,0.));
#45080=AXIS2_PLACEMENT_3D('',#45050,#45060,#45070);
#45090=PLANE('',#45080);
#45100=ORIENTED_EDGE('',*,*,#44870,.F.);
#45110=ORIENTED_EDGE('',*,*,#43810,.T.);
#45120=ORIENTED_EDGE('',*,*,#43450,.T.);
#45130=CARTESIAN_POINT('',(5.3,-4.4,-3.6));
#45140=DIRECTION('',(1.,0.,0.));
#45150=VECTOR('',#45140,1.);
#45160=LINE('',#45130,#45150);
#45170=EDGE_CURVE('',#43420,#44860,#45160,.T.);
#45180=ORIENTED_EDGE('',*,*,#45170,.F.);
#45190=EDGE_LOOP('',(#45180,#45120,#45110,#45100));
#45200=FACE_OUTER_BOUND('',#45190,.T.);
#45210=ADVANCED_FACE('',(#45200),#45090,.F.);
#45220=CARTESIAN_POINT('',(5.3,-4.46,-3.425));
#45230=DIRECTION('',(0.,-0.945945945945946,-0.324324324324325));
#45240=DIRECTION('',(0.,0.324324324324325,-0.945945945945946));
#45250=AXIS2_PLACEMENT_3D('',#45220,#45230,#45240);
#45260=PLANE('',#45250);
#45270=ORIENTED_EDGE('',*,*,#27930,.F.);
#45280=ORIENTED_EDGE('',*,*,#44930,.F.);
#45290=ORIENTED_EDGE('',*,*,#45170,.T.);
#45300=ORIENTED_EDGE('',*,*,#43630,.T.);
#45310=EDGE_LOOP('',(#45300,#45290,#45280,#45270));
#45320=FACE_OUTER_BOUND('',#45310,.T.);
#45330=ADVANCED_FACE('',(#45320),#45260,.T.);
#45340=CARTESIAN_POINT('',(5.6,-4.5,1.));
#45350=DIRECTION('',(0.,-0.,1.));
#45360=DIRECTION('',(0.,1.,0.));
#45370=AXIS2_PLACEMENT_3D('',#45340,#45350,#45360);
#45380=PLANE('',#45370);
#45390=ORIENTED_EDGE('',*,*,#42680,.F.);
#45400=ORIENTED_EDGE('',*,*,#28250,.T.);
#45410=ORIENTED_EDGE('',*,*,#42390,.T.);
#45420=CARTESIAN_POINT('',(5.,-4.55,1.));
#45430=DIRECTION('',(1.,0.,0.));
#45440=VECTOR('',#45430,1.);
#45450=LINE('',#45420,#45440);
#45460=EDGE_CURVE('',#42320,#42670,#45450,.T.);
#45470=ORIENTED_EDGE('',*,*,#45460,.F.);
#45480=EDGE_LOOP('',(#45470,#45410,#45400,#45390));
#45490=FACE_OUTER_BOUND('',#45480,.T.);
#45500=ADVANCED_FACE('',(#45490),#45380,.F.);
#45510=CARTESIAN_POINT('',(5.6,-4.55,0.3794));
#45520=DIRECTION('',(0.,1.,0.));
#45530=DIRECTION('',(0.,0.,-1.));
#45540=AXIS2_PLACEMENT_3D('',#45510,#45520,#45530);
#45550=PLANE('',#45540);
#45560=ORIENTED_EDGE('',*,*,#42740,.T.);
#45570=ORIENTED_EDGE('',*,*,#45460,.T.);
#45580=ORIENTED_EDGE('',*,*,#42330,.F.);
#45590=EDGE_CURVE('',#42570,#42240,#35090,.T.);
#45600=ORIENTED_EDGE('',*,*,#45590,.T.);
#45610=EDGE_LOOP('',(#45600,#45580,#45570,#45560));
#45620=FACE_OUTER_BOUND('',#45610,.T.);
#45630=ADVANCED_FACE('',(#45620),#45550,.T.);
#45640=CARTESIAN_POINT('',(7.5,-4.5,0.5));
#45650=DIRECTION('',(1.,0.,0.));
#45660=DIRECTION('',(0.,1.,0.));
#45670=AXIS2_PLACEMENT_3D('',#45640,#45650,#45660);
#45680=PLANE('',#45670);
#45690=ORIENTED_EDGE('',*,*,#39060,.T.);
#45700=CARTESIAN_POINT('',(7.5,-5.05,0.999993904760263));
#45710=DIRECTION('',(-1.,0.,0.));
#45720=DIRECTION('',(0.,1.,0.));
#45730=AXIS2_PLACEMENT_3D('',#45700,#45710,#45720);
#45740=CIRCLE('',#45730,0.5);
#45750=CARTESIAN_POINT('',(7.5,-4.55,0.999994106992523));
#45760=VERTEX_POINT('',#45750);
#45770=EDGE_CURVE('',#45760,#38970,#45740,.T.);
#45780=ORIENTED_EDGE('',*,*,#45770,.T.);
#45790=CARTESIAN_POINT('',(7.5,-4.55,0.5));
#45800=DIRECTION('',(0.,0.,1.));
#45810=VECTOR('',#45800,1.);
#45820=LINE('',#45790,#45810);
#45830=CARTESIAN_POINT('',(7.5,-4.55,1.));
#45840=VERTEX_POINT('',#45830);
#45850=EDGE_CURVE('',#45760,#45840,#45820,.T.);
#45860=ORIENTED_EDGE('',*,*,#45850,.F.);
#45870=CARTESIAN_POINT('',(7.5,-4.55,1.));
#45880=DIRECTION('',(0.,1.,0.));
#45890=VECTOR('',#45880,1.);
#45900=LINE('',#45870,#45890);
#45910=CARTESIAN_POINT('',(7.5,-4.52,1.));
#45920=VERTEX_POINT('',#45910);
#45930=EDGE_CURVE('',#45840,#45920,#45900,.T.);
#45940=ORIENTED_EDGE('',*,*,#45930,.F.);
#45950=CARTESIAN_POINT('',(7.5,-4.52,0.));
#45960=DIRECTION('',(0.,-5.55111512312578E-17,-1.));
#45970=VECTOR('',#45960,1.);
#45980=LINE('',#45950,#45970);
#45990=EDGE_CURVE('',#45920,#39050,#45980,.T.);
#46000=ORIENTED_EDGE('',*,*,#45990,.F.);
#46010=EDGE_LOOP('',(#46000,#45940,#45860,#45780,#45690));
#46020=FACE_OUTER_BOUND('',#46010,.T.);
#46030=ADVANCED_FACE('',(#46020),#45680,.T.);
#46040=CARTESIAN_POINT('',(11.55,0.0999999999999991,2.));
#46050=DIRECTION('',(0.,0.,-1.));
#46060=DIRECTION('',(-1.,0.,0.));
#46070=AXIS2_PLACEMENT_3D('',#46040,#46050,#46060);
#46080=CYLINDRICAL_SURFACE('',#46070,0.3);
#46090=ORIENTED_EDGE('',*,*,#8820,.T.);
#46100=ORIENTED_EDGE('',*,*,#42960,.T.);
#46110=ORIENTED_EDGE('',*,*,#390,.T.);
#46120=ORIENTED_EDGE('',*,*,#1260,.F.);
#46130=ORIENTED_EDGE('',*,*,#2840,.F.);
#46140=EDGE_LOOP('',(#46130,#46120,#46110,#46100,#46090));
#46150=FACE_OUTER_BOUND('',#46140,.T.);
#46160=ADVANCED_FACE('',(#46150),#46080,.T.);
#46170=CARTESIAN_POINT('',(10.,-4.5,0.5));
#46180=DIRECTION('',(1.,0.,0.));
#46190=DIRECTION('',(0.,1.,0.));
#46200=AXIS2_PLACEMENT_3D('',#46170,#46180,#46190);
#46210=PLANE('',#46200);
#46220=ORIENTED_EDGE('',*,*,#39550,.T.);
#46230=CARTESIAN_POINT('',(10.,-5.05,0.999993904760263));
#46240=DIRECTION('',(-1.,0.,0.));
#46250=DIRECTION('',(0.,1.,0.));
#46260=AXIS2_PLACEMENT_3D('',#46230,#46240,#46250);
#46270=CIRCLE('',#46260,0.5);
#46280=CARTESIAN_POINT('',(10.,-4.55,0.999994106992523));
#46290=VERTEX_POINT('',#46280);
#46300=EDGE_CURVE('',#46290,#39480,#46270,.T.);
#46310=ORIENTED_EDGE('',*,*,#46300,.T.);
#46320=CARTESIAN_POINT('',(10.,-4.55,0.5));
#46330=DIRECTION('',(0.,0.,1.));
#46340=VECTOR('',#46330,1.);
#46350=LINE('',#46320,#46340);
#46360=CARTESIAN_POINT('',(10.,-4.55,1.));
#46370=VERTEX_POINT('',#46360);
#46380=EDGE_CURVE('',#46290,#46370,#46350,.T.);
#46390=ORIENTED_EDGE('',*,*,#46380,.F.);
#46400=CARTESIAN_POINT('',(10.,-4.55,1.));
#46410=DIRECTION('',(0.,1.,0.));
#46420=VECTOR('',#46410,1.);
#46430=LINE('',#46400,#46420);
#46440=EDGE_CURVE('',#46370,#4760,#46430,.T.);
#46450=ORIENTED_EDGE('',*,*,#46440,.F.);
#46460=ORIENTED_EDGE('',*,*,#4770,.F.);
#46470=EDGE_LOOP('',(#46460,#46450,#46390,#46310,#46220));
#46480=FACE_OUTER_BOUND('',#46470,.T.);
#46490=ADVANCED_FACE('',(#46480),#46210,.T.);
#46500=CARTESIAN_POINT('',(10.3,-4.55,1.));
#46510=DIRECTION('',(0.,-1.,0.));
#46520=DIRECTION('',(0.,0.,1.));
#46530=AXIS2_PLACEMENT_3D('',#46500,#46510,#46520);
#46540=PLANE('',#46530);
#46550=ORIENTED_EDGE('',*,*,#46380,.T.);
#46560=CARTESIAN_POINT('',(10.6,-4.55,0.999994106992523));
#46570=VERTEX_POINT('',#46560);
#46580=EDGE_CURVE('',#46570,#46290,#35090,.T.);
#46590=ORIENTED_EDGE('',*,*,#46580,.T.);
#46600=CARTESIAN_POINT('',(10.6,-4.55,0.5));
#46610=DIRECTION('',(0.,0.,1.));
#46620=VECTOR('',#46610,1.);
#46630=LINE('',#46600,#46620);
#46640=CARTESIAN_POINT('',(10.6,-4.55,1.));
#46650=VERTEX_POINT('',#46640);
#46660=EDGE_CURVE('',#46570,#46650,#46630,.T.);
#46670=ORIENTED_EDGE('',*,*,#46660,.F.);
#46680=CARTESIAN_POINT('',(10.3,-4.55,1.));
#46690=DIRECTION('',(-1.,0.,0.));
#46700=VECTOR('',#46690,1.);
#46710=LINE('',#46680,#46700);
#46720=EDGE_CURVE('',#46650,#46370,#46710,.T.);
#46730=ORIENTED_EDGE('',*,*,#46720,.F.);
#46740=EDGE_LOOP('',(#46730,#46670,#46590,#46550));
#46750=FACE_OUTER_BOUND('',#46740,.T.);
#46760=ADVANCED_FACE('',(#46750),#46540,.F.);
#46770=CARTESIAN_POINT('',(9.15,-1.,1.8));
#46780=DIRECTION('',(0.,-1.,0.));
#46790=DIRECTION('',(-1.,0.,0.));
#46800=AXIS2_PLACEMENT_3D('',#46770,#46780,#46790);
#46810=TOROIDAL_SURFACE('',#46800,0.800000000000001,0.5);
#46820=ORIENTED_EDGE('',*,*,#4120,.F.);
#46830=ORIENTED_EDGE('',*,*,#31960,.T.);
#46840=ORIENTED_EDGE('',*,*,#31640,.F.);
#46850=ORIENTED_EDGE('',*,*,#29250,.F.);
#46860=EDGE_LOOP('',(#46850,#46840,#46830,#46820));
#46870=FACE_OUTER_BOUND('',#46860,.T.);
#46880=ADVANCED_FACE('',(#46870),#46810,.F.);
#46890=CARTESIAN_POINT('',(13.55,-0.400000000000001,-1.0800024));
#46900=DIRECTION('',(-0.,-1.,-0.));
#46910=DIRECTION('',(-1.,0.,0.));
#46920=AXIS2_PLACEMENT_3D('',#46890,#46900,#46910);
#46930=PLANE('',#46920);
#46940=ORIENTED_EDGE('',*,*,#1480,.T.);
#46950=ORIENTED_EDGE('',*,*,#1790,.F.);
#46960=ORIENTED_EDGE('',*,*,#25670,.F.);
#46970=ORIENTED_EDGE('',*,*,#11320,.F.);
#46980=ORIENTED_EDGE('',*,*,#24710,.T.);
#46990=ORIENTED_EDGE('',*,*,#10230,.F.);
#47000=EDGE_LOOP('',(#46990,#46980,#46970,#46960,#46950,#46940));
#47010=FACE_OUTER_BOUND('',#47000,.T.);
#47020=ADVANCED_FACE('',(#47010),#46930,.T.);
#47030=CARTESIAN_POINT('',(13.12,-4.52,7.));
#47040=DIRECTION('',(-1.,-0.,0.));
#47050=DIRECTION('',(0.,-5.55111512312578E-17,-1.));
#47060=AXIS2_PLACEMENT_3D('',#47030,#47040,#47050);
#47070=PLANE('',#47060);
#47080=CARTESIAN_POINT('',(13.12,-4.2,-3.25));
#47090=DIRECTION('',(0.,1.,-5.55111512312578E-17));
#47100=VECTOR('',#47090,1.);
#47110=LINE('',#47080,#47100);
#47120=CARTESIAN_POINT('',(13.12,-3.88,-3.25));
#47130=VERTEX_POINT('',#47120);
#47140=EDGE_CURVE('',#26700,#47130,#47110,.T.);
#47150=ORIENTED_EDGE('',*,*,#47140,.T.);
#47160=ORIENTED_EDGE('',*,*,#26710,.T.);
#47170=ORIENTED_EDGE('',*,*,#40100,.T.);
#47180=CARTESIAN_POINT('',(13.12,-3.88,7.));
#47190=DIRECTION('',(0.,-5.55111512312578E-17,-1.));
#47200=VECTOR('',#47190,1.);
#47210=LINE('',#47180,#47200);
#47220=EDGE_CURVE('',#40030,#47130,#47210,.T.);
#47230=ORIENTED_EDGE('',*,*,#47220,.F.);
#47240=EDGE_LOOP('',(#47230,#47170,#47160,#47150));
#47250=FACE_OUTER_BOUND('',#47240,.T.);
#47260=ADVANCED_FACE('',(#47250),#47070,.F.);
#47270=CARTESIAN_POINT('',(13.75,0.1,0.));
#47280=DIRECTION('',(0.,0.,-1.));
#47290=DIRECTION('',(-1.,0.,0.));
#47300=AXIS2_PLACEMENT_3D('',#47270,#47280,#47290);
#47310=CYLINDRICAL_SURFACE('',#47300,0.5);
#47320=CARTESIAN_POINT('',(13.75,0.1,10.3));
#47330=DIRECTION('',(0.,0.,-1.));
#47340=DIRECTION('',(1.,-0.,0.));
#47350=AXIS2_PLACEMENT_3D('',#47320,#47330,#47340);
#47360=CIRCLE('',#47350,0.5);
#47370=CARTESIAN_POINT('',(14.25,0.1,10.3));
#47380=VERTEX_POINT('',#47370);
#47390=EDGE_CURVE('',#9860,#47380,#47360,.T.);
#47400=ORIENTED_EDGE('',*,*,#47390,.T.);
#47410=ORIENTED_EDGE('',*,*,#9870,.F.);
#47420=CARTESIAN_POINT('',(13.75,0.1,1.8));
#47430=DIRECTION('',(0.,0.,-1.));
#47440=DIRECTION('',(-1.,0.,0.));
#47450=AXIS2_PLACEMENT_3D('',#47420,#47430,#47440);
#47460=CIRCLE('',#47450,0.5);
#47470=CARTESIAN_POINT('',(14.25,0.1,1.8));
#47480=VERTEX_POINT('',#47470);
#47490=EDGE_CURVE('',#9780,#47480,#47460,.T.);
#47500=ORIENTED_EDGE('',*,*,#47490,.F.);
#47510=CARTESIAN_POINT('',(14.25,0.1,0.));
#47520=DIRECTION('',(0.,0.,-1.));
#47530=VECTOR('',#47520,1.);
#47540=LINE('',#47510,#47530);
#47550=EDGE_CURVE('',#47380,#47480,#47540,.T.);
#47560=ORIENTED_EDGE('',*,*,#47550,.T.);
#47570=EDGE_LOOP('',(#47560,#47500,#47410,#47400));
#47580=FACE_OUTER_BOUND('',#47570,.T.);
#47590=ADVANCED_FACE('',(#47580),#47310,.T.);
#47600=CARTESIAN_POINT('',(10.56,-4.2,-3.425));
#47610=DIRECTION('',(-0.945945945945946,1.80036166155431E-17,
0.324324324324325));
#47620=DIRECTION('',(0.324324324324325,5.25105484620007E-17,
0.945945945945946));
#47630=AXIS2_PLACEMENT_3D('',#47600,#47610,#47620);
#47640=PLANE('',#47630);
#47650=CARTESIAN_POINT('',(10.5,-4.2,-3.6));
#47660=DIRECTION('',(0.,1.,-5.55111512312578E-17));
#47670=VECTOR('',#47660,1.);
#47680=LINE('',#47650,#47670);
#47690=CARTESIAN_POINT('',(10.5,-4.4,-3.6));
#47700=VERTEX_POINT('',#47690);
#47710=CARTESIAN_POINT('',(10.5,-4.,-3.6));
#47720=VERTEX_POINT('',#47710);
#47730=EDGE_CURVE('',#47700,#47720,#47680,.T.);
#47740=ORIENTED_EDGE('',*,*,#47730,.T.);
#47750=CARTESIAN_POINT('',(12.42,-6.32,2.));
#47760=DIRECTION('',(-0.308504698037437,0.308504698037437,
-0.899805369275856));
#47770=VECTOR('',#47760,1.);
#47780=LINE('',#47750,#47770);
#47790=EDGE_CURVE('',#4520,#47700,#47780,.T.);
#47800=ORIENTED_EDGE('',*,*,#47790,.T.);
#47810=CARTESIAN_POINT('',(10.62,-4.2,-3.25));
#47820=DIRECTION('',(0.,1.,-5.55111512312578E-17));
#47830=VECTOR('',#47820,1.);
#47840=LINE('',#47810,#47830);
#47850=CARTESIAN_POINT('',(10.62,-3.88,-3.25));
#47860=VERTEX_POINT('',#47850);
#47870=EDGE_CURVE('',#4520,#47860,#47840,.T.);
#47880=ORIENTED_EDGE('',*,*,#47870,.F.);
#47890=CARTESIAN_POINT('',(12.42,-2.08,2.));
#47900=DIRECTION('',(-0.308504698037437,-0.308504698037437,
-0.899805369275856));
#47910=VECTOR('',#47900,1.);
#47920=LINE('',#47890,#47910);
#47930=EDGE_CURVE('',#47860,#47720,#47920,.T.);
#47940=ORIENTED_EDGE('',*,*,#47930,.F.);
#47950=EDGE_LOOP('',(#47940,#47880,#47800,#47740));
#47960=FACE_OUTER_BOUND('',#47950,.T.);
#47970=ADVANCED_FACE('',(#47960),#47640,.F.);
#47980=CARTESIAN_POINT('',(10.3,-4.46,-3.425));
#47990=DIRECTION('',(0.,-0.945945945945946,-0.324324324324325));
#48000=DIRECTION('',(0.,0.324324324324325,-0.945945945945946));
#48010=AXIS2_PLACEMENT_3D('',#47980,#47990,#48000);
#48020=PLANE('',#48010);
#48030=CARTESIAN_POINT('',(8.18,-6.32,2.));
#48040=DIRECTION('',(0.308504698037437,0.308504698037437,
-0.899805369275856));
#48050=VECTOR('',#48040,1.);
#48060=LINE('',#48030,#48050);
#48070=CARTESIAN_POINT('',(10.1,-4.4,-3.6));
#48080=VERTEX_POINT('',#48070);
#48090=EDGE_CURVE('',#4500,#48080,#48060,.T.);
#48100=ORIENTED_EDGE('',*,*,#48090,.T.);
#48110=ORIENTED_EDGE('',*,*,#4530,.F.);
#48120=ORIENTED_EDGE('',*,*,#47790,.F.);
#48130=CARTESIAN_POINT('',(10.3,-4.4,-3.6));
#48140=DIRECTION('',(1.,0.,0.));
#48150=VECTOR('',#48140,1.);
#48160=LINE('',#48130,#48150);
#48170=EDGE_CURVE('',#48080,#47700,#48160,.T.);
#48180=ORIENTED_EDGE('',*,*,#48170,.T.);
#48190=EDGE_LOOP('',(#48180,#48120,#48110,#48100));
#48200=FACE_OUTER_BOUND('',#48190,.T.);
#48210=ADVANCED_FACE('',(#48200),#48020,.T.);
#48220=CARTESIAN_POINT('',(10.04,-4.14,-3.425));
#48230=DIRECTION('',(-0.945945945945946,-1.80036166155431E-17,
-0.324324324324325));
#48240=DIRECTION('',(-0.324324324324325,5.25105484620007E-17,
0.945945945945946));
#48250=AXIS2_PLACEMENT_3D('',#48220,#48230,#48240);
#48260=PLANE('',#48250);
#48270=CARTESIAN_POINT('',(10.1,-4.14,-3.6));
#48280=DIRECTION('',(0.,1.,-5.55111512312578E-17));
#48290=VECTOR('',#48280,1.);
#48300=LINE('',#48270,#48290);
#48310=CARTESIAN_POINT('',(10.1,-4.,-3.6));
#48320=VERTEX_POINT('',#48310);
#48330=EDGE_CURVE('',#48080,#48320,#48300,.T.);
#48340=ORIENTED_EDGE('',*,*,#48330,.F.);
#48350=CARTESIAN_POINT('',(8.18,-2.08,2.));
#48360=DIRECTION('',(-0.308504698037437,0.308504698037437,
0.899805369275856));
#48370=VECTOR('',#48360,1.);
#48380=LINE('',#48350,#48370);
#48390=EDGE_CURVE('',#48320,#34700,#48380,.T.);
#48400=ORIENTED_EDGE('',*,*,#48390,.F.);
#48410=ORIENTED_EDGE('',*,*,#34710,.T.);
#48420=ORIENTED_EDGE('',*,*,#48090,.F.);
#48430=EDGE_LOOP('',(#48420,#48410,#48400,#48340));
#48440=FACE_OUTER_BOUND('',#48430,.T.);
#48450=ADVANCED_FACE('',(#48440),#48260,.T.);
#48460=CARTESIAN_POINT('',(10.36,-3.94,-3.425));
#48470=DIRECTION('',(0.,-0.945945945945946,0.324324324324325));
#48480=DIRECTION('',(0.,-0.324324324324325,-0.945945945945946));
#48490=AXIS2_PLACEMENT_3D('',#48460,#48470,#48480);
#48500=PLANE('',#48490);
#48510=CARTESIAN_POINT('',(10.36,-3.88,-3.25));
#48520=DIRECTION('',(1.,0.,0.));
#48530=VECTOR('',#48520,1.);
#48540=LINE('',#48510,#48530);
#48550=EDGE_CURVE('',#34700,#47860,#48540,.T.);
#48560=ORIENTED_EDGE('',*,*,#48550,.T.);
#48570=ORIENTED_EDGE('',*,*,#48390,.T.);
#48580=CARTESIAN_POINT('',(10.36,-4.,-3.6));
#48590=DIRECTION('',(1.,0.,0.));
#48600=VECTOR('',#48590,1.);
#48610=LINE('',#48580,#48600);
#48620=EDGE_CURVE('',#48320,#47720,#48610,.T.);
#48630=ORIENTED_EDGE('',*,*,#48620,.F.);
#48640=ORIENTED_EDGE('',*,*,#47930,.T.);
#48650=EDGE_LOOP('',(#48640,#48630,#48570,#48560));
#48660=FACE_OUTER_BOUND('',#48650,.T.);
#48670=ADVANCED_FACE('',(#48660),#48500,.F.);
#48680=CARTESIAN_POINT('',(10.62,-4.52,-3.6));
#48690=DIRECTION('',(0.,5.55111512312578E-17,1.));
#48700=DIRECTION('',(-1.,0.,0.));
#48710=AXIS2_PLACEMENT_3D('',#48680,#48690,#48700);
#48720=PLANE('',#48710);
#48730=ORIENTED_EDGE('',*,*,#47730,.F.);
#48740=ORIENTED_EDGE('',*,*,#48620,.T.);
#48750=ORIENTED_EDGE('',*,*,#48330,.T.);
#48760=ORIENTED_EDGE('',*,*,#48170,.F.);
#48770=EDGE_LOOP('',(#48760,#48750,#48740,#48730));
#48780=FACE_OUTER_BOUND('',#48770,.T.);
#48790=ADVANCED_FACE('',(#48780),#48720,.F.);
#48800=CARTESIAN_POINT('',(10.3,-4.5,1.));
#48810=DIRECTION('',(0.,-0.,1.));
#48820=DIRECTION('',(0.,1.,0.));
#48830=AXIS2_PLACEMENT_3D('',#48800,#48810,#48820);
#48840=PLANE('',#48830);
#48850=CARTESIAN_POINT('',(10.6,-4.55,1.));
#48860=DIRECTION('',(0.,1.,0.));
#48870=VECTOR('',#48860,1.);
#48880=LINE('',#48850,#48870);
#48890=EDGE_CURVE('',#46650,#4840,#48880,.T.);
#48900=ORIENTED_EDGE('',*,*,#48890,.F.);
#48910=ORIENTED_EDGE('',*,*,#4850,.T.);
#48920=ORIENTED_EDGE('',*,*,#46440,.T.);
#48930=ORIENTED_EDGE('',*,*,#46720,.T.);
#48940=EDGE_LOOP('',(#48930,#48920,#48910,#48900));
#48950=FACE_OUTER_BOUND('',#48940,.T.);
#48960=ADVANCED_FACE('',(#48950),#48840,.F.);
#48970=CARTESIAN_POINT('',(10.6,-4.5,0.5));
#48980=DIRECTION('',(1.,0.,0.));
#48990=DIRECTION('',(0.,1.,0.));
#49000=AXIS2_PLACEMENT_3D('',#48970,#48980,#48990);
#49010=PLANE('',#49000);
#49020=ORIENTED_EDGE('',*,*,#39800,.F.);
#49030=ORIENTED_EDGE('',*,*,#4930,.T.);
#49040=ORIENTED_EDGE('',*,*,#48890,.T.);
#49050=ORIENTED_EDGE('',*,*,#46660,.T.);
#49060=CARTESIAN_POINT('',(10.6,-5.05,0.999993904760263));
#49070=DIRECTION('',(-1.,0.,0.));
#49080=DIRECTION('',(0.,1.,0.));
#49090=AXIS2_PLACEMENT_3D('',#49060,#49070,#49080);
#49100=CIRCLE('',#49090,0.5);
#49110=EDGE_CURVE('',#46570,#39790,#49100,.T.);
#49120=ORIENTED_EDGE('',*,*,#49110,.F.);
#49130=EDGE_LOOP('',(#49120,#49050,#49040,#49030,#49020));
#49140=FACE_OUTER_BOUND('',#49130,.T.);
#49150=ADVANCED_FACE('',(#49140),#49010,.F.);
#49160=CARTESIAN_POINT('',(12.8,-4.55,1.));
#49170=DIRECTION('',(0.,-1.,0.));
#49180=DIRECTION('',(0.,0.,1.));
#49190=AXIS2_PLACEMENT_3D('',#49160,#49170,#49180);
#49200=PLANE('',#49190);
#49210=CARTESIAN_POINT('',(12.5,-4.55,0.5));
#49220=DIRECTION('',(0.,0.,1.));
#49230=VECTOR('',#49220,1.);
#49240=LINE('',#49210,#49230);
#49250=CARTESIAN_POINT('',(12.5,-4.55,0.999994106992523));
#49260=VERTEX_POINT('',#49250);
#49270=CARTESIAN_POINT('',(12.5,-4.55,1.));
#49280=VERTEX_POINT('',#49270);
#49290=EDGE_CURVE('',#49260,#49280,#49240,.T.);
#49300=ORIENTED_EDGE('',*,*,#49290,.T.);
#49310=CARTESIAN_POINT('',(13.1,-4.55,0.999994106992523));
#49320=VERTEX_POINT('',#49310);
#49330=EDGE_CURVE('',#49320,#49260,#35090,.T.);
#49340=ORIENTED_EDGE('',*,*,#49330,.T.);
#49350=CARTESIAN_POINT('',(13.1,-4.55,0.5));
#49360=DIRECTION('',(0.,0.,1.));
#49370=VECTOR('',#49360,1.);
#49380=LINE('',#49350,#49370);
#49390=CARTESIAN_POINT('',(13.1,-4.55,1.));
#49400=VERTEX_POINT('',#49390);
#49410=EDGE_CURVE('',#49320,#49400,#49380,.T.);
#49420=ORIENTED_EDGE('',*,*,#49410,.F.);
#49430=CARTESIAN_POINT('',(12.8,-4.55,1.));
#49440=DIRECTION('',(-1.,0.,0.));
#49450=VECTOR('',#49440,1.);
#49460=LINE('',#49430,#49450);
#49470=EDGE_CURVE('',#49400,#49280,#49460,.T.);
#49480=ORIENTED_EDGE('',*,*,#49470,.F.);
#49490=EDGE_LOOP('',(#49480,#49420,#49340,#49300));
#49500=FACE_OUTER_BOUND('',#49490,.T.);
#49510=ADVANCED_FACE('',(#49500),#49200,.F.);
#49520=CARTESIAN_POINT('',(12.5,-4.5,0.5));
#49530=DIRECTION('',(1.,0.,0.));
#49540=DIRECTION('',(0.,1.,0.));
#49550=AXIS2_PLACEMENT_3D('',#49520,#49530,#49540);
#49560=PLANE('',#49550);
#49570=ORIENTED_EDGE('',*,*,#39940,.T.);
#49580=CARTESIAN_POINT('',(12.5,-5.05,0.999993904760263));
#49590=DIRECTION('',(-1.,0.,0.));
#49600=DIRECTION('',(0.,1.,0.));
#49610=AXIS2_PLACEMENT_3D('',#49580,#49590,#49600);
#49620=CIRCLE('',#49610,0.5);
#49630=EDGE_CURVE('',#49260,#39870,#49620,.T.);
#49640=ORIENTED_EDGE('',*,*,#49630,.T.);
#49650=ORIENTED_EDGE('',*,*,#49290,.F.);
#49660=CARTESIAN_POINT('',(12.5,-4.55,1.));
#49670=DIRECTION('',(0.,1.,0.));
#49680=VECTOR('',#49670,1.);
#49690=LINE('',#49660,#49680);
#49700=EDGE_CURVE('',#49280,#26980,#49690,.T.);
#49710=ORIENTED_EDGE('',*,*,#49700,.F.);
#49720=ORIENTED_EDGE('',*,*,#26990,.F.);
#49730=EDGE_LOOP('',(#49720,#49710,#49650,#49640,#49570));
#49740=FACE_OUTER_BOUND('',#49730,.T.);
#49750=ADVANCED_FACE('',(#49740),#49560,.T.);
#49760=CARTESIAN_POINT('',(12.8,-4.5,1.));
#49770=DIRECTION('',(0.,-0.,1.));
#49780=DIRECTION('',(0.,1.,0.));
#49790=AXIS2_PLACEMENT_3D('',#49760,#49770,#49780);
#49800=PLANE('',#49790);
#49810=CARTESIAN_POINT('',(13.1,-4.55,1.));
#49820=DIRECTION('',(0.,1.,0.));
#49830=VECTOR('',#49820,1.);
#49840=LINE('',#49810,#49830);
#49850=EDGE_CURVE('',#49400,#27060,#49840,.T.);
#49860=ORIENTED_EDGE('',*,*,#49850,.F.);
#49870=ORIENTED_EDGE('',*,*,#27070,.T.);
#49880=ORIENTED_EDGE('',*,*,#49700,.T.);
#49890=ORIENTED_EDGE('',*,*,#49470,.T.);
#49900=EDGE_LOOP('',(#49890,#49880,#49870,#49860));
#49910=FACE_OUTER_BOUND('',#49900,.T.);
#49920=ADVANCED_FACE('',(#49910),#49800,.F.);
#49930=CARTESIAN_POINT('',(13.1,-4.5,0.5));
#49940=DIRECTION('',(1.,0.,0.));
#49950=DIRECTION('',(0.,1.,0.));
#49960=AXIS2_PLACEMENT_3D('',#49930,#49940,#49950);
#49970=PLANE('',#49960);
#49980=ORIENTED_EDGE('',*,*,#40190,.F.);
#49990=ORIENTED_EDGE('',*,*,#27130,.T.);
#50000=ORIENTED_EDGE('',*,*,#49850,.T.);
#50010=ORIENTED_EDGE('',*,*,#49410,.T.);
#50020=CARTESIAN_POINT('',(13.1,-5.05,0.999993904760263));
#50030=DIRECTION('',(-1.,0.,0.));
#50040=DIRECTION('',(0.,1.,0.));
#50050=AXIS2_PLACEMENT_3D('',#50020,#50030,#50040);
#50060=CIRCLE('',#50050,0.5);
#50070=EDGE_CURVE('',#49320,#40180,#50060,.T.);
#50080=ORIENTED_EDGE('',*,*,#50070,.F.);
#50090=EDGE_LOOP('',(#50080,#50010,#50000,#49990,#49980));
#50100=FACE_OUTER_BOUND('',#50090,.T.);
#50110=ADVANCED_FACE('',(#50100),#49970,.F.);
#50120=CARTESIAN_POINT('',(0.,-7.4,0.));
#50130=DIRECTION('',(-1.,0.,0.));
#50140=VECTOR('',#50130,1.);
#50150=LINE('',#50120,#50140);
#50160=CARTESIAN_POINT('',(8.25,-7.4,0.));
#50170=VERTEX_POINT('',#50160);
#50180=EDGE_CURVE('',#31150,#50170,#50150,.T.);
#50190=ORIENTED_EDGE('',*,*,#50180,.T.);
#50200=ORIENTED_EDGE('',*,*,#31160,.F.);
#50210=CARTESIAN_POINT('',(0.,-5.9,0.));
#50220=DIRECTION('',(-1.,0.,0.));
#50230=VECTOR('',#50220,1.);
#50240=LINE('',#50210,#50230);
#50250=CARTESIAN_POINT('',(8.25,-5.9,0.));
#50260=VERTEX_POINT('',#50250);
#50270=EDGE_CURVE('',#31070,#50260,#50240,.T.);
#50280=ORIENTED_EDGE('',*,*,#50270,.F.);
#50290=CARTESIAN_POINT('',(8.25,0.,0.));
#50300=DIRECTION('',(0.,-1.,0.));
#50310=VECTOR('',#50300,1.);
#50320=LINE('',#50290,#50310);
#50330=EDGE_CURVE('',#50260,#50170,#50320,.T.);
#50340=ORIENTED_EDGE('',*,*,#50330,.F.);
#50350=EDGE_LOOP('',(#50340,#50280,#50200,#50190));
#50360=FACE_OUTER_BOUND('',#50350,.T.);
#50370=ADVANCED_FACE('',(#50360),#620,.T.);
#50380=CARTESIAN_POINT('',(18.9999995380496,-1.35,10.8));
#50390=DIRECTION('',(-1.,0.,0.));
#50400=DIRECTION('',(0.,1.,0.));
#50410=AXIS2_PLACEMENT_3D('',#50380,#50390,#50400);
#50420=PLANE('',#50410);
#50430=CARTESIAN_POINT('',(18.9999995380496,0.,2.5));
#50440=DIRECTION('',(0.,1.,0.));
#50450=VECTOR('',#50440,1.);
#50460=LINE('',#50430,#50450);
#50470=EDGE_CURVE('',#28800,#32110,#50460,.T.);
#50480=ORIENTED_EDGE('',*,*,#50470,.F.);
#50490=ORIENTED_EDGE('',*,*,#32320,.T.);
#50500=ORIENTED_EDGE('',*,*,#24180,.F.);
#50510=ORIENTED_EDGE('',*,*,#28870,.F.);
#50520=EDGE_LOOP('',(#50510,#50500,#50490,#50480));
#50530=FACE_OUTER_BOUND('',#50520,.T.);
#50540=ADVANCED_FACE('',(#50530),#50420,.T.);
#50550=CARTESIAN_POINT('',(13.15,-6.3,10.8));
#50560=DIRECTION('',(-0.,1.,0.));
#50570=DIRECTION('',(1.,0.,0.));
#50580=AXIS2_PLACEMENT_3D('',#50550,#50560,#50570);
#50590=PLANE('',#50580);
#50600=CARTESIAN_POINT('',(19.2499995380496,-6.3,0.));
#50610=DIRECTION('',(0.,0.,-1.));
#50620=VECTOR('',#50610,1.);
#50630=LINE('',#50600,#50620);
#50640=CARTESIAN_POINT('',(19.2499995380496,-6.3,10.5));
#50650=VERTEX_POINT('',#50640);
#50660=CARTESIAN_POINT('',(19.2499995380496,-6.3,2.5));
#50670=VERTEX_POINT('',#50660);
#50680=EDGE_CURVE('',#50650,#50670,#50630,.T.);
#50690=ORIENTED_EDGE('',*,*,#50680,.T.);
#50700=CARTESIAN_POINT('',(14.7749995380496,-6.3,10.5));
#50710=DIRECTION('',(-1.,0.,0.));
#50720=VECTOR('',#50710,1.);
#50730=LINE('',#50700,#50720);
#50740=CARTESIAN_POINT('',(3.85,-6.3,10.5));
#50750=VERTEX_POINT('',#50740);
#50760=EDGE_CURVE('',#50650,#50750,#50730,.T.);
#50770=ORIENTED_EDGE('',*,*,#50760,.F.);
#50780=CARTESIAN_POINT('',(3.85,-6.3,0.));
#50790=DIRECTION('',(0.,0.,-1.));
#50800=VECTOR('',#50790,1.);
#50810=LINE('',#50780,#50800);
#50820=CARTESIAN_POINT('',(3.85,-6.3,2.5));
#50830=VERTEX_POINT('',#50820);
#50840=EDGE_CURVE('',#50750,#50830,#50810,.T.);
#50850=ORIENTED_EDGE('',*,*,#50840,.F.);
#50860=CARTESIAN_POINT('',(16.8999995380496,-6.3,2.5));
#50870=DIRECTION('',(-1.,0.,0.));
#50880=VECTOR('',#50870,1.);
#50890=LINE('',#50860,#50880);
#50900=EDGE_CURVE('',#50670,#50830,#50890,.T.);
#50910=ORIENTED_EDGE('',*,*,#50900,.T.);
#50920=EDGE_LOOP('',(#50910,#50850,#50770,#50690));
#50930=FACE_OUTER_BOUND('',#50920,.T.);
#50940=ADVANCED_FACE('',(#50930),#50590,.T.);
#50950=CARTESIAN_POINT('',(7.48,-4.52,7.));
#50960=DIRECTION('',(-1.,-0.,0.));
#50970=DIRECTION('',(0.,-5.55111512312578E-17,-1.));
#50980=AXIS2_PLACEMENT_3D('',#50950,#50960,#50970);
#50990=PLANE('',#50980);
#51000=CARTESIAN_POINT('',(7.48,-4.14,-3.25));
#51010=DIRECTION('',(0.,1.,-5.55111512312578E-17));
#51020=VECTOR('',#51010,1.);
#51030=LINE('',#51000,#51020);
#51040=CARTESIAN_POINT('',(7.48,-4.52,-3.25));
#51050=VERTEX_POINT('',#51040);
#51060=CARTESIAN_POINT('',(7.48,-3.88,-3.25));
#51070=VERTEX_POINT('',#51060);
#51080=EDGE_CURVE('',#51050,#51070,#51030,.T.);
#51090=ORIENTED_EDGE('',*,*,#51080,.F.);
#51100=CARTESIAN_POINT('',(7.48,-3.88,-3.6));
#51110=DIRECTION('',(0.,5.55111512312578E-17,1.));
#51120=VECTOR('',#51110,1.);
#51130=LINE('',#51100,#51120);
#51140=EDGE_CURVE('',#51070,#39210,#51130,.T.);
#51150=ORIENTED_EDGE('',*,*,#51140,.F.);
#51160=ORIENTED_EDGE('',*,*,#39220,.F.);
#51170=CARTESIAN_POINT('',(7.48,-4.52,7.));
#51180=DIRECTION('',(0.,-5.55111512312578E-17,-1.));
#51190=VECTOR('',#51180,1.);
#51200=LINE('',#51170,#51190);
#51210=EDGE_CURVE('',#39130,#51050,#51200,.T.);
#51220=ORIENTED_EDGE('',*,*,#51210,.F.);
#51230=EDGE_LOOP('',(#51220,#51160,#51150,#51090));
#51240=FACE_OUTER_BOUND('',#51230,.T.);
#51250=ADVANCED_FACE('',(#51240),#50990,.T.);
#51260=CARTESIAN_POINT('',(13.06,-4.2,-3.425));
#51270=DIRECTION('',(-0.945945945945946,1.80036166155431E-17,
0.324324324324325));
#51280=DIRECTION('',(0.324324324324325,5.25105484620007E-17,
0.945945945945946));
#51290=AXIS2_PLACEMENT_3D('',#51260,#51270,#51280);
#51300=PLANE('',#51290);
#51310=CARTESIAN_POINT('',(13.,-4.2,-3.6));
#51320=DIRECTION('',(0.,1.,-5.55111512312578E-17));
#51330=VECTOR('',#51320,1.);
#51340=LINE('',#51310,#51330);
#51350=CARTESIAN_POINT('',(13.,-4.4,-3.6));
#51360=VERTEX_POINT('',#51350);
#51370=CARTESIAN_POINT('',(13.,-4.,-3.6));
#51380=VERTEX_POINT('',#51370);
#51390=EDGE_CURVE('',#51360,#51380,#51340,.T.);
#51400=ORIENTED_EDGE('',*,*,#51390,.T.);
#51410=CARTESIAN_POINT('',(14.92,-6.32,2.));
#51420=DIRECTION('',(-0.308504698037437,0.308504698037437,
-0.899805369275856));
#51430=VECTOR('',#51420,1.);
#51440=LINE('',#51410,#51430);
#51450=EDGE_CURVE('',#26700,#51360,#51440,.T.);
#51460=ORIENTED_EDGE('',*,*,#51450,.T.);
#51470=ORIENTED_EDGE('',*,*,#47140,.F.);
#51480=CARTESIAN_POINT('',(14.92,-2.08,2.));
#51490=DIRECTION('',(-0.308504698037437,-0.308504698037437,
-0.899805369275856));
#51500=VECTOR('',#51490,1.);
#51510=LINE('',#51480,#51500);
#51520=EDGE_CURVE('',#47130,#51380,#51510,.T.);
#51530=ORIENTED_EDGE('',*,*,#51520,.F.);
#51540=EDGE_LOOP('',(#51530,#51470,#51460,#51400));
#51550=FACE_OUTER_BOUND('',#51540,.T.);
#51560=ADVANCED_FACE('',(#51550),#51300,.F.);
#51570=CARTESIAN_POINT('',(13.12,-4.52,-3.6));
#51580=DIRECTION('',(0.,5.55111512312578E-17,1.));
#51590=DIRECTION('',(-1.,0.,0.));
#51600=AXIS2_PLACEMENT_3D('',#51570,#51580,#51590);
#51610=PLANE('',#51600);
#51620=ORIENTED_EDGE('',*,*,#51390,.F.);
#51630=CARTESIAN_POINT('',(12.86,-4.,-3.6));
#51640=DIRECTION('',(1.,0.,0.));
#51650=VECTOR('',#51640,1.);
#51660=LINE('',#51630,#51650);
#51670=CARTESIAN_POINT('',(12.6,-4.,-3.6));
#51680=VERTEX_POINT('',#51670);
#51690=EDGE_CURVE('',#51680,#51380,#51660,.T.);
#51700=ORIENTED_EDGE('',*,*,#51690,.T.);
#51710=CARTESIAN_POINT('',(12.6,-4.14,-3.6));
#51720=DIRECTION('',(0.,1.,-5.55111512312578E-17));
#51730=VECTOR('',#51720,1.);
#51740=LINE('',#51710,#51730);
#51750=CARTESIAN_POINT('',(12.6,-4.4,-3.6));
#51760=VERTEX_POINT('',#51750);
#51770=EDGE_CURVE('',#51760,#51680,#51740,.T.);
#51780=ORIENTED_EDGE('',*,*,#51770,.T.);
#51790=CARTESIAN_POINT('',(12.8,-4.4,-3.6));
#51800=DIRECTION('',(1.,0.,0.));
#51810=VECTOR('',#51800,1.);
#51820=LINE('',#51790,#51810);
#51830=EDGE_CURVE('',#51760,#51360,#51820,.T.);
#51840=ORIENTED_EDGE('',*,*,#51830,.F.);
#51850=EDGE_LOOP('',(#51840,#51780,#51700,#51620));
#51860=FACE_OUTER_BOUND('',#51850,.T.);
#51870=ADVANCED_FACE('',(#51860),#51610,.F.);
#51880=CARTESIAN_POINT('',(12.8,-4.46,-3.425));
#51890=DIRECTION('',(0.,-0.945945945945946,-0.324324324324325));
#51900=DIRECTION('',(0.,0.324324324324325,-0.945945945945946));
#51910=AXIS2_PLACEMENT_3D('',#51880,#51890,#51900);
#51920=PLANE('',#51910);
#51930=CARTESIAN_POINT('',(10.68,-6.32,2.));
#51940=DIRECTION('',(0.308504698037437,0.308504698037437,
-0.899805369275856));
#51950=VECTOR('',#51940,1.);
#51960=LINE('',#51930,#51950);
#51970=EDGE_CURVE('',#26780,#51760,#51960,.T.);
#51980=ORIENTED_EDGE('',*,*,#51970,.T.);
#51990=ORIENTED_EDGE('',*,*,#26790,.F.);
#52000=ORIENTED_EDGE('',*,*,#51450,.F.);
#52010=ORIENTED_EDGE('',*,*,#51830,.T.);
#52020=EDGE_LOOP('',(#52010,#52000,#51990,#51980));
#52030=FACE_OUTER_BOUND('',#52020,.T.);
#52040=ADVANCED_FACE('',(#52030),#51920,.T.);
#52050=CARTESIAN_POINT('',(12.54,-4.14,-3.425));
#52060=DIRECTION('',(-0.945945945945946,-1.80036166155431E-17,
-0.324324324324325));
#52070=DIRECTION('',(-0.324324324324325,5.25105484620007E-17,
0.945945945945946));
#52080=AXIS2_PLACEMENT_3D('',#52050,#52060,#52070);
#52090=PLANE('',#52080);
#52100=ORIENTED_EDGE('',*,*,#51770,.F.);
#52110=CARTESIAN_POINT('',(10.68,-2.08,2.));
#52120=DIRECTION('',(-0.308504698037437,0.308504698037437,
0.899805369275856));
#52130=VECTOR('',#52120,1.);
#52140=LINE('',#52110,#52130);
#52150=EDGE_CURVE('',#51680,#32470,#52140,.T.);
#52160=ORIENTED_EDGE('',*,*,#52150,.F.);
#52170=ORIENTED_EDGE('',*,*,#32480,.T.);
#52180=ORIENTED_EDGE('',*,*,#51970,.F.);
#52190=EDGE_LOOP('',(#52180,#52170,#52160,#52100));
#52200=FACE_OUTER_BOUND('',#52190,.T.);
#52210=ADVANCED_FACE('',(#52200),#52090,.T.);
#52220=CARTESIAN_POINT('',(12.86,-3.94,-3.425));
#52230=DIRECTION('',(0.,-0.945945945945946,0.324324324324325));
#52240=DIRECTION('',(0.,-0.324324324324325,-0.945945945945946));
#52250=AXIS2_PLACEMENT_3D('',#52220,#52230,#52240);
#52260=PLANE('',#52250);
#52270=CARTESIAN_POINT('',(12.86,-3.88,-3.25));
#52280=DIRECTION('',(1.,0.,0.));
#52290=VECTOR('',#52280,1.);
#52300=LINE('',#52270,#52290);
#52310=EDGE_CURVE('',#32470,#47130,#52300,.T.);
#52320=ORIENTED_EDGE('',*,*,#52310,.T.);
#52330=ORIENTED_EDGE('',*,*,#52150,.T.);
#52340=ORIENTED_EDGE('',*,*,#51690,.F.);
#52350=ORIENTED_EDGE('',*,*,#51520,.T.);
#52360=EDGE_LOOP('',(#52350,#52340,#52330,#52320));
#52370=FACE_OUTER_BOUND('',#52360,.T.);
#52380=ADVANCED_FACE('',(#52370),#52260,.F.);
#52390=CARTESIAN_POINT('',(15.6,-4.5,0.5));
#52400=DIRECTION('',(1.,0.,0.));
#52410=DIRECTION('',(0.,1.,0.));
#52420=AXIS2_PLACEMENT_3D('',#52390,#52400,#52410);
#52430=PLANE('',#52420);
#52440=ORIENTED_EDGE('',*,*,#40650,.F.);
#52450=ORIENTED_EDGE('',*,*,#23900,.T.);
#52460=CARTESIAN_POINT('',(15.6,-4.55,1.));
#52470=DIRECTION('',(0.,1.,0.));
#52480=VECTOR('',#52470,1.);
#52490=LINE('',#52460,#52480);
#52500=EDGE_CURVE('',#35190,#23810,#52490,.T.);
#52510=ORIENTED_EDGE('',*,*,#52500,.T.);
#52520=ORIENTED_EDGE('',*,*,#35200,.T.);
#52530=CARTESIAN_POINT('',(15.6,-5.05,0.999993904760263));
#52540=DIRECTION('',(-1.,0.,0.));
#52550=DIRECTION('',(0.,1.,0.));
#52560=AXIS2_PLACEMENT_3D('',#52530,#52540,#52550);
#52570=CIRCLE('',#52560,0.5);
#52580=EDGE_CURVE('',#35110,#40640,#52570,.T.);
#52590=ORIENTED_EDGE('',*,*,#52580,.F.);
#52600=EDGE_LOOP('',(#52590,#52520,#52510,#52450,#52440));
#52610=FACE_OUTER_BOUND('',#52600,.T.);
#52620=ADVANCED_FACE('',(#52610),#52430,.F.);
#52630=CARTESIAN_POINT('',(15.3,-4.5,1.));
#52640=DIRECTION('',(0.,-0.,1.));
#52650=DIRECTION('',(0.,1.,0.));
#52660=AXIS2_PLACEMENT_3D('',#52630,#52640,#52650);
#52670=PLANE('',#52660);
#52680=ORIENTED_EDGE('',*,*,#52500,.F.);
#52690=ORIENTED_EDGE('',*,*,#23820,.T.);
#52700=CARTESIAN_POINT('',(15.,-4.55,1.));
#52710=DIRECTION('',(0.,1.,0.));
#52720=VECTOR('',#52710,1.);
#52730=LINE('',#52700,#52720);
#52740=EDGE_CURVE('',#35030,#23730,#52730,.T.);
#52750=ORIENTED_EDGE('',*,*,#52740,.T.);
#52760=ORIENTED_EDGE('',*,*,#35260,.T.);
#52770=EDGE_LOOP('',(#52760,#52750,#52690,#52680));
#52780=FACE_OUTER_BOUND('',#52770,.T.);
#52790=ADVANCED_FACE('',(#52780),#52670,.F.);
#52800=CARTESIAN_POINT('',(15.,-4.5,0.5));
#52810=DIRECTION('',(1.,0.,0.));
#52820=DIRECTION('',(0.,1.,0.));
#52830=AXIS2_PLACEMENT_3D('',#52800,#52810,#52820);
#52840=PLANE('',#52830);
#52850=ORIENTED_EDGE('',*,*,#40330,.T.);
#52860=CARTESIAN_POINT('',(15.,-5.05,0.999993904760263));
#52870=DIRECTION('',(-1.,0.,0.));
#52880=DIRECTION('',(0.,1.,0.));
#52890=AXIS2_PLACEMENT_3D('',#52860,#52870,#52880);
#52900=CIRCLE('',#52890,0.5);
#52910=EDGE_CURVE('',#35010,#40260,#52900,.T.);
#52920=ORIENTED_EDGE('',*,*,#52910,.T.);
#52930=ORIENTED_EDGE('',*,*,#35040,.F.);
#52940=ORIENTED_EDGE('',*,*,#52740,.F.);
#52950=ORIENTED_EDGE('',*,*,#23740,.F.);
#52960=EDGE_LOOP('',(#52950,#52940,#52930,#52920,#52850));
#52970=FACE_OUTER_BOUND('',#52960,.T.);
#52980=ADVANCED_FACE('',(#52970),#52840,.T.);
#52990=CARTESIAN_POINT('',(0.,-7.4,0.));
#53000=DIRECTION('',(1.,0.,0.));
#53010=VECTOR('',#53000,1.);
#53020=LINE('',#52990,#53010);
#53030=CARTESIAN_POINT('',(10.75,-7.4,-4.44089209850063E-16));
#53040=VERTEX_POINT('',#53030);
#53050=CARTESIAN_POINT('',(12.35,-7.4,0.));
#53060=VERTEX_POINT('',#53050);
#53070=EDGE_CURVE('',#53040,#53060,#53020,.T.);
#53080=ORIENTED_EDGE('',*,*,#53070,.F.);
#53090=CARTESIAN_POINT('',(12.35,0.,0.));
#53100=DIRECTION('',(0.,1.,0.));
#53110=VECTOR('',#53100,1.);
#53120=LINE('',#53090,#53110);
#53130=CARTESIAN_POINT('',(12.35,-5.9,0.));
#53140=VERTEX_POINT('',#53130);
#53150=EDGE_CURVE('',#53060,#53140,#53120,.T.);
#53160=ORIENTED_EDGE('',*,*,#53150,.F.);
#53170=CARTESIAN_POINT('',(0.,-5.9,0.));
#53180=DIRECTION('',(-1.,0.,0.));
#53190=VECTOR('',#53180,1.);
#53200=LINE('',#53170,#53190);
#53210=CARTESIAN_POINT('',(10.75,-5.9,0.));
#53220=VERTEX_POINT('',#53210);
#53230=EDGE_CURVE('',#53140,#53220,#53200,.T.);
#53240=ORIENTED_EDGE('',*,*,#53230,.F.);
#53250=CARTESIAN_POINT('',(10.75,0.,0.));
#53260=DIRECTION('',(0.,-1.,0.));
#53270=VECTOR('',#53260,1.);
#53280=LINE('',#53250,#53270);
#53290=EDGE_CURVE('',#53220,#53040,#53280,.T.);
#53300=ORIENTED_EDGE('',*,*,#53290,.F.);
#53310=EDGE_LOOP('',(#53300,#53240,#53160,#53080));
#53320=FACE_OUTER_BOUND('',#53310,.T.);
#53330=ADVANCED_FACE('',(#53320),#620,.T.);
#53340=CARTESIAN_POINT('',(14.98,-4.52,7.));
#53350=DIRECTION('',(-1.,-0.,0.));
#53360=DIRECTION('',(0.,-5.55111512312578E-17,-1.));
#53370=AXIS2_PLACEMENT_3D('',#53340,#53350,#53360);
#53380=PLANE('',#53370);
#53390=CARTESIAN_POINT('',(14.98,-4.14,-3.25));
#53400=DIRECTION('',(0.,1.,-5.55111512312578E-17));
#53410=VECTOR('',#53400,1.);
#53420=LINE('',#53390,#53410);
#53430=CARTESIAN_POINT('',(14.98,-3.88,-3.25));
#53440=VERTEX_POINT('',#53430);
#53450=EDGE_CURVE('',#23510,#53440,#53420,.T.);
#53460=ORIENTED_EDGE('',*,*,#53450,.F.);
#53470=CARTESIAN_POINT('',(14.98,-3.88,-3.6));
#53480=DIRECTION('',(0.,5.55111512312578E-17,1.));
#53490=VECTOR('',#53480,1.);
#53500=LINE('',#53470,#53490);
#53510=EDGE_CURVE('',#53440,#40410,#53500,.T.);
#53520=ORIENTED_EDGE('',*,*,#53510,.F.);
#53530=ORIENTED_EDGE('',*,*,#40420,.F.);
#53540=ORIENTED_EDGE('',*,*,#23580,.F.);
#53550=EDGE_LOOP('',(#53540,#53530,#53520,#53460));
#53560=FACE_OUTER_BOUND('',#53550,.T.);
#53570=ADVANCED_FACE('',(#53560),#53380,.T.);
#53580=CARTESIAN_POINT('',(8.4,-7.4,1.5));
#53590=DIRECTION('',(0.,0.,-1.));
#53600=DIRECTION('',(-1.,0.,0.));
#53610=AXIS2_PLACEMENT_3D('',#53580,#53590,#53600);
#53620=PLANE('',#53610);
#53630=CARTESIAN_POINT('',(-3.65,-7.9,1.5));
#53640=DIRECTION('',(-1.,0.,0.));
#53650=VECTOR('',#53640,1.);
#53660=LINE('',#53630,#53650);
#53670=CARTESIAN_POINT('',(8.30000026902482,-7.9,1.5));
#53680=VERTEX_POINT('',#53670);
#53690=CARTESIAN_POINT('',(7.4,-7.9,1.5));
#53700=VERTEX_POINT('',#53690);
#53710=EDGE_CURVE('',#53680,#53700,#53660,.T.);
#53720=ORIENTED_EDGE('',*,*,#53710,.T.);
#53730=CARTESIAN_POINT('',(8.30000026902482,0.,1.5));
#53740=DIRECTION('',(0.,1.,0.));
#53750=VECTOR('',#53740,1.);
#53760=LINE('',#53730,#53750);
#53770=CARTESIAN_POINT('',(8.30000026902482,-7.4,1.5));
#53780=VERTEX_POINT('',#53770);
#53790=EDGE_CURVE('',#53680,#53780,#53760,.T.);
#53800=ORIENTED_EDGE('',*,*,#53790,.F.);
#53810=CARTESIAN_POINT('',(0.,-7.4,1.5));
#53820=DIRECTION('',(-1.,0.,0.));
#53830=VECTOR('',#53820,1.);
#53840=LINE('',#53810,#53830);
#53850=CARTESIAN_POINT('',(7.4,-7.4,1.5));
#53860=VERTEX_POINT('',#53850);
#53870=EDGE_CURVE('',#53780,#53860,#53840,.T.);
#53880=ORIENTED_EDGE('',*,*,#53870,.F.);
#53890=CARTESIAN_POINT('',(7.4,0.,1.5));
#53900=DIRECTION('',(0.,1.,0.));
#53910=VECTOR('',#53900,1.);
#53920=LINE('',#53890,#53910);
#53930=EDGE_CURVE('',#53700,#53860,#53920,.T.);
#53940=ORIENTED_EDGE('',*,*,#53930,.T.);
#53950=EDGE_LOOP('',(#53940,#53880,#53800,#53720));
#53960=FACE_OUTER_BOUND('',#53950,.T.);
#53970=ADVANCED_FACE('',(#53960),#53620,.T.);
#53980=CARTESIAN_POINT('',(7.4,-7.4,1.5));
#53990=DIRECTION('',(-1.,0.,0.));
#54000=DIRECTION('',(0.,0.,1.));
#54010=AXIS2_PLACEMENT_3D('',#53980,#53990,#54000);
#54020=PLANE('',#54010);
#54030=CARTESIAN_POINT('',(7.4,-7.4,0.));
#54040=DIRECTION('',(0.,0.,1.));
#54050=VECTOR('',#54040,1.);
#54060=LINE('',#54030,#54050);
#54070=CARTESIAN_POINT('',(7.4,-7.4,5.));
#54080=VERTEX_POINT('',#54070);
#54090=EDGE_CURVE('',#53860,#54080,#54060,.T.);
#54100=ORIENTED_EDGE('',*,*,#54090,.F.);
#54110=CARTESIAN_POINT('',(7.4,0.,5.));
#54120=DIRECTION('',(0.,-1.,0.));
#54130=VECTOR('',#54120,1.);
#54140=LINE('',#54110,#54130);
#54150=CARTESIAN_POINT('',(7.4,-7.9,5.));
#54160=VERTEX_POINT('',#54150);
#54170=EDGE_CURVE('',#54080,#54160,#54140,.T.);
#54180=ORIENTED_EDGE('',*,*,#54170,.F.);
#54190=CARTESIAN_POINT('',(7.4,-7.9,0.));
#54200=DIRECTION('',(0.,0.,-1.));
#54210=VECTOR('',#54200,1.);
#54220=LINE('',#54190,#54210);
#54230=EDGE_CURVE('',#54160,#53700,#54220,.T.);
#54240=ORIENTED_EDGE('',*,*,#54230,.F.);
#54250=ORIENTED_EDGE('',*,*,#53930,.F.);
#54260=EDGE_LOOP('',(#54250,#54240,#54180,#54100));
#54270=FACE_OUTER_BOUND('',#54260,.T.);
#54280=ADVANCED_FACE('',(#54270),#54020,.T.);
#54290=CARTESIAN_POINT('',(15.56,-4.2,-3.425));
#54300=DIRECTION('',(-0.945945945945946,1.80036166155431E-17,
0.324324324324325));
#54310=DIRECTION('',(0.324324324324325,5.25105484620007E-17,
0.945945945945946));
#54320=AXIS2_PLACEMENT_3D('',#54290,#54300,#54310);
#54330=PLANE('',#54320);
#54340=CARTESIAN_POINT('',(15.5,-4.2,-3.6));
#54350=DIRECTION('',(0.,1.,-5.55111512312578E-17));
#54360=VECTOR('',#54350,1.);
#54370=LINE('',#54340,#54360);
#54380=CARTESIAN_POINT('',(15.5,-4.4,-3.6));
#54390=VERTEX_POINT('',#54380);
#54400=CARTESIAN_POINT('',(15.5,-4.,-3.6));
#54410=VERTEX_POINT('',#54400);
#54420=EDGE_CURVE('',#54390,#54410,#54370,.T.);
#54430=ORIENTED_EDGE('',*,*,#54420,.T.);
#54440=CARTESIAN_POINT('',(17.42,-6.32,2.));
#54450=DIRECTION('',(-0.308504698037437,0.308504698037437,
-0.899805369275856));
#54460=VECTOR('',#54450,1.);
#54470=LINE('',#54440,#54460);
#54480=EDGE_CURVE('',#23530,#54390,#54470,.T.);
#54490=ORIENTED_EDGE('',*,*,#54480,.T.);
#54500=CARTESIAN_POINT('',(15.62,-4.2,-3.25));
#54510=DIRECTION('',(0.,1.,-5.55111512312578E-17));
#54520=VECTOR('',#54510,1.);
#54530=LINE('',#54500,#54520);
#54540=CARTESIAN_POINT('',(15.62,-3.88,-3.25));
#54550=VERTEX_POINT('',#54540);
#54560=EDGE_CURVE('',#23530,#54550,#54530,.T.);
#54570=ORIENTED_EDGE('',*,*,#54560,.F.);
#54580=CARTESIAN_POINT('',(17.42,-2.08,2.));
#54590=DIRECTION('',(-0.308504698037437,-0.308504698037437,
-0.899805369275856));
#54600=VECTOR('',#54590,1.);
#54610=LINE('',#54580,#54600);
#54620=EDGE_CURVE('',#54550,#54410,#54610,.T.);
#54630=ORIENTED_EDGE('',*,*,#54620,.F.);
#54640=EDGE_LOOP('',(#54630,#54570,#54490,#54430));
#54650=FACE_OUTER_BOUND('',#54640,.T.);
#54660=ADVANCED_FACE('',(#54650),#54330,.F.);
#54670=CARTESIAN_POINT('',(15.62,-4.52,-3.6));
#54680=DIRECTION('',(0.,5.55111512312578E-17,1.));
#54690=DIRECTION('',(-1.,0.,0.));
#54700=AXIS2_PLACEMENT_3D('',#54670,#54680,#54690);
#54710=PLANE('',#54700);
#54720=ORIENTED_EDGE('',*,*,#54420,.F.);
#54730=CARTESIAN_POINT('',(15.36,-4.,-3.6));
#54740=DIRECTION('',(1.,0.,0.));
#54750=VECTOR('',#54740,1.);
#54760=LINE('',#54730,#54750);
#54770=CARTESIAN_POINT('',(15.1,-4.,-3.6));
#54780=VERTEX_POINT('',#54770);
#54790=EDGE_CURVE('',#54780,#54410,#54760,.T.);
#54800=ORIENTED_EDGE('',*,*,#54790,.T.);
#54810=CARTESIAN_POINT('',(15.1,-4.14,-3.6));
#54820=DIRECTION('',(0.,1.,-5.55111512312578E-17));
#54830=VECTOR('',#54820,1.);
#54840=LINE('',#54810,#54830);
#54850=CARTESIAN_POINT('',(15.1,-4.4,-3.6));
#54860=VERTEX_POINT('',#54850);
#54870=EDGE_CURVE('',#54860,#54780,#54840,.T.);
#54880=ORIENTED_EDGE('',*,*,#54870,.T.);
#54890=CARTESIAN_POINT('',(15.3,-4.4,-3.6));
#54900=DIRECTION('',(1.,0.,0.));
#54910=VECTOR('',#54900,1.);
#54920=LINE('',#54890,#54910);
#54930=EDGE_CURVE('',#54860,#54390,#54920,.T.);
#54940=ORIENTED_EDGE('',*,*,#54930,.F.);
#54950=EDGE_LOOP('',(#54940,#54880,#54800,#54720));
#54960=FACE_OUTER_BOUND('',#54950,.T.);
#54970=ADVANCED_FACE('',(#54960),#54710,.F.);
#54980=CARTESIAN_POINT('',(15.3,-4.46,-3.425));
#54990=DIRECTION('',(0.,-0.945945945945946,-0.324324324324325));
#55000=DIRECTION('',(0.,0.324324324324325,-0.945945945945946));
#55010=AXIS2_PLACEMENT_3D('',#54980,#54990,#55000);
#55020=PLANE('',#55010);
#55030=CARTESIAN_POINT('',(13.18,-6.32,2.));
#55040=DIRECTION('',(0.308504698037437,0.308504698037437,
-0.899805369275856));
#55050=VECTOR('',#55040,1.);
#55060=LINE('',#55030,#55050);
#55070=EDGE_CURVE('',#23510,#54860,#55060,.T.);
#55080=ORIENTED_EDGE('',*,*,#55070,.T.);
#55090=ORIENTED_EDGE('',*,*,#23540,.F.);
#55100=ORIENTED_EDGE('',*,*,#54480,.F.);
#55110=ORIENTED_EDGE('',*,*,#54930,.T.);
#55120=EDGE_LOOP('',(#55110,#55100,#55090,#55080));
#55130=FACE_OUTER_BOUND('',#55120,.T.);
#55140=ADVANCED_FACE('',(#55130),#55020,.T.);
#55150=CARTESIAN_POINT('',(15.04,-4.14,-3.425));
#55160=DIRECTION('',(-0.945945945945946,-1.80036166155431E-17,
-0.324324324324325));
#55170=DIRECTION('',(-0.324324324324325,5.25105484620007E-17,
0.945945945945946));
#55180=AXIS2_PLACEMENT_3D('',#55150,#55160,#55170);
#55190=PLANE('',#55180);
#55200=ORIENTED_EDGE('',*,*,#54870,.F.);
#55210=CARTESIAN_POINT('',(13.18,-2.08,2.));
#55220=DIRECTION('',(-0.308504698037437,0.308504698037437,
0.899805369275856));
#55230=VECTOR('',#55220,1.);
#55240=LINE('',#55210,#55230);
#55250=EDGE_CURVE('',#54780,#53440,#55240,.T.);
#55260=ORIENTED_EDGE('',*,*,#55250,.F.);
#55270=ORIENTED_EDGE('',*,*,#53450,.T.);
#55280=ORIENTED_EDGE('',*,*,#55070,.F.);
#55290=EDGE_LOOP('',(#55280,#55270,#55260,#55200));
#55300=FACE_OUTER_BOUND('',#55290,.T.);
#55310=ADVANCED_FACE('',(#55300),#55190,.T.);
#55320=CARTESIAN_POINT('',(15.36,-3.94,-3.425));
#55330=DIRECTION('',(0.,-0.945945945945946,0.324324324324325));
#55340=DIRECTION('',(0.,-0.324324324324325,-0.945945945945946));
#55350=AXIS2_PLACEMENT_3D('',#55320,#55330,#55340);
#55360=PLANE('',#55350);
#55370=CARTESIAN_POINT('',(15.36,-3.88,-3.25));
#55380=DIRECTION('',(1.,0.,0.));
#55390=VECTOR('',#55380,1.);
#55400=LINE('',#55370,#55390);
#55410=EDGE_CURVE('',#53440,#54550,#55400,.T.);
#55420=ORIENTED_EDGE('',*,*,#55410,.T.);
#55430=ORIENTED_EDGE('',*,*,#55250,.T.);
#55440=ORIENTED_EDGE('',*,*,#54790,.F.);
#55450=ORIENTED_EDGE('',*,*,#54620,.T.);
#55460=EDGE_LOOP('',(#55450,#55440,#55430,#55420));
#55470=FACE_OUTER_BOUND('',#55460,.T.);
#55480=ADVANCED_FACE('',(#55470),#55360,.F.);
#55490=CARTESIAN_POINT('',(7.8,-4.55,1.));
#55500=DIRECTION('',(0.,-1.,0.));
#55510=DIRECTION('',(0.,0.,1.));
#55520=AXIS2_PLACEMENT_3D('',#55490,#55500,#55510);
#55530=PLANE('',#55520);
#55540=EDGE_CURVE('',#5480,#45760,#35090,.T.);
#55550=ORIENTED_EDGE('',*,*,#55540,.T.);
#55560=ORIENTED_EDGE('',*,*,#5490,.F.);
#55570=CARTESIAN_POINT('',(7.8,-4.55,1.));
#55580=DIRECTION('',(-1.,0.,0.));
#55590=VECTOR('',#55580,1.);
#55600=LINE('',#55570,#55590);
#55610=EDGE_CURVE('',#5400,#45840,#55600,.T.);
#55620=ORIENTED_EDGE('',*,*,#55610,.F.);
#55630=ORIENTED_EDGE('',*,*,#45850,.T.);
#55640=EDGE_LOOP('',(#55630,#55620,#55560,#55550));
#55650=FACE_OUTER_BOUND('',#55640,.T.);
#55660=ADVANCED_FACE('',(#55650),#55530,.F.);
#55670=CARTESIAN_POINT('',(7.8,-4.5,1.));
#55680=DIRECTION('',(0.,-0.,1.));
#55690=DIRECTION('',(0.,1.,0.));
#55700=AXIS2_PLACEMENT_3D('',#55670,#55680,#55690);
#55710=PLANE('',#55700);
#55720=ORIENTED_EDGE('',*,*,#5410,.F.);
#55730=CARTESIAN_POINT('',(5.,-4.52,1.));
#55740=DIRECTION('',(1.,0.,0.));
#55750=VECTOR('',#55740,1.);
#55760=LINE('',#55730,#55750);
#55770=EDGE_CURVE('',#45920,#5320,#55760,.T.);
#55780=ORIENTED_EDGE('',*,*,#55770,.T.);
#55790=ORIENTED_EDGE('',*,*,#45930,.T.);
#55800=ORIENTED_EDGE('',*,*,#55610,.T.);
#55810=EDGE_LOOP('',(#55800,#55790,#55780,#55720));
#55820=FACE_OUTER_BOUND('',#55810,.T.);
#55830=ADVANCED_FACE('',(#55820),#55710,.F.);
#55840=CARTESIAN_POINT('',(8.48,-4.52,2.));
#55850=DIRECTION('',(0.,-1.,5.55111512312578E-17));
#55860=DIRECTION('',(-1.,0.,0.));
#55870=AXIS2_PLACEMENT_3D('',#55840,#55850,#55860);
#55880=PLANE('',#55870);
#55890=CARTESIAN_POINT('',(7.8,-4.52,-3.25));
#55900=DIRECTION('',(1.,0.,0.));
#55910=VECTOR('',#55900,1.);
#55920=LINE('',#55890,#55910);
#55930=CARTESIAN_POINT('',(8.12,-4.52,-3.25));
#55940=VERTEX_POINT('',#55930);
#55950=EDGE_CURVE('',#51050,#55940,#55920,.T.);
#55960=ORIENTED_EDGE('',*,*,#55950,.T.);
#55970=ORIENTED_EDGE('',*,*,#51210,.T.);
#55980=ORIENTED_EDGE('',*,*,#39140,.F.);
#55990=ORIENTED_EDGE('',*,*,#45990,.T.);
#56000=ORIENTED_EDGE('',*,*,#55770,.F.);
#56010=ORIENTED_EDGE('',*,*,#5330,.F.);
#56020=ORIENTED_EDGE('',*,*,#39400,.F.);
#56030=CARTESIAN_POINT('',(8.12,-4.52,7.));
#56040=DIRECTION('',(0.,-5.55111512312578E-17,-1.));
#56050=VECTOR('',#56040,1.);
#56060=LINE('',#56030,#56050);
#56070=EDGE_CURVE('',#39370,#55940,#56060,.T.);
#56080=ORIENTED_EDGE('',*,*,#56070,.F.);
#56090=EDGE_LOOP('',(#56080,#56020,#56010,#56000,#55990,#55980,#55970,
#55960));
#56100=FACE_OUTER_BOUND('',#56090,.T.);
#56110=ADVANCED_FACE('',(#56100),#55880,.T.);
#56120=CARTESIAN_POINT('',(15.98,-3.88,2.));
#56130=DIRECTION('',(0.,-1.,5.55111512312578E-17));
#56140=DIRECTION('',(-1.,0.,0.));
#56150=AXIS2_PLACEMENT_3D('',#56120,#56130,#56140);
#56160=PLANE('',#56150);
#56170=CARTESIAN_POINT('',(15.36,-3.88,6.65));
#56180=DIRECTION('',(1.,0.,0.));
#56190=VECTOR('',#56180,1.);
#56200=LINE('',#56170,#56190);
#56210=CARTESIAN_POINT('',(14.98,-3.88,6.65));
#56220=VERTEX_POINT('',#56210);
#56230=CARTESIAN_POINT('',(15.62,-3.88,6.65));
#56240=VERTEX_POINT('',#56230);
#56250=EDGE_CURVE('',#56220,#56240,#56200,.T.);
#56260=ORIENTED_EDGE('',*,*,#56250,.T.);
#56270=CARTESIAN_POINT('',(14.98,-3.88,2.5));
#56280=VERTEX_POINT('',#56270);
#56290=EDGE_CURVE('',#56280,#56220,#53500,.T.);
#56300=ORIENTED_EDGE('',*,*,#56290,.T.);
#56310=CARTESIAN_POINT('',(12.5,-3.88,2.5));
#56320=DIRECTION('',(-1.,0.,0.));
#56330=VECTOR('',#56320,1.);
#56340=LINE('',#56310,#56330);
#56350=CARTESIAN_POINT('',(15.62,-3.88,2.5));
#56360=VERTEX_POINT('',#56350);
#56370=EDGE_CURVE('',#56360,#56280,#56340,.T.);
#56380=ORIENTED_EDGE('',*,*,#56370,.T.);
#56390=CARTESIAN_POINT('',(15.62,-3.88,7.));
#56400=DIRECTION('',(0.,-5.55111512312578E-17,-1.));
#56410=VECTOR('',#56400,1.);
#56420=LINE('',#56390,#56410);
#56430=EDGE_CURVE('',#56240,#56360,#56420,.T.);
#56440=ORIENTED_EDGE('',*,*,#56430,.T.);
#56450=EDGE_LOOP('',(#56440,#56380,#56300,#56260));
#56460=FACE_OUTER_BOUND('',#56450,.T.);
#56470=ADVANCED_FACE('',(#56460),#56160,.F.);
#56480=CARTESIAN_POINT('',(7.54,-4.14,-3.425));
#56490=DIRECTION('',(-0.945945945945946,-1.80036166155431E-17,
-0.324324324324325));
#56500=DIRECTION('',(-0.324324324324325,5.25105484620007E-17,
0.945945945945946));
#56510=AXIS2_PLACEMENT_3D('',#56480,#56490,#56500);
#56520=PLANE('',#56510);
#56530=CARTESIAN_POINT('',(7.6,-4.14,-3.6));
#56540=DIRECTION('',(0.,1.,-5.55111512312578E-17));
#56550=VECTOR('',#56540,1.);
#56560=LINE('',#56530,#56550);
#56570=CARTESIAN_POINT('',(7.6,-4.4,-3.6));
#56580=VERTEX_POINT('',#56570);
#56590=CARTESIAN_POINT('',(7.6,-4.,-3.6));
#56600=VERTEX_POINT('',#56590);
#56610=EDGE_CURVE('',#56580,#56600,#56560,.T.);
#56620=ORIENTED_EDGE('',*,*,#56610,.F.);
#56630=CARTESIAN_POINT('',(5.68,-2.08,2.));
#56640=DIRECTION('',(-0.308504698037437,0.308504698037437,
0.899805369275856));
#56650=VECTOR('',#56640,1.);
#56660=LINE('',#56630,#56650);
#56670=EDGE_CURVE('',#56600,#51070,#56660,.T.);
#56680=ORIENTED_EDGE('',*,*,#56670,.F.);
#56690=ORIENTED_EDGE('',*,*,#51080,.T.);
#56700=CARTESIAN_POINT('',(5.68,-6.32,2.));
#56710=DIRECTION('',(0.308504698037437,0.308504698037437,
-0.899805369275856));
#56720=VECTOR('',#56710,1.);
#56730=LINE('',#56700,#56720);
#56740=EDGE_CURVE('',#51050,#56580,#56730,.T.);
#56750=ORIENTED_EDGE('',*,*,#56740,.F.);
#56760=EDGE_LOOP('',(#56750,#56690,#56680,#56620));
#56770=FACE_OUTER_BOUND('',#56760,.T.);
#56780=ADVANCED_FACE('',(#56770),#56520,.T.);
#56790=CARTESIAN_POINT('',(8.12,-4.52,-3.6));
#56800=DIRECTION('',(0.,5.55111512312578E-17,1.));
#56810=DIRECTION('',(-1.,0.,0.));
#56820=AXIS2_PLACEMENT_3D('',#56790,#56800,#56810);
#56830=PLANE('',#56820);
#56840=CARTESIAN_POINT('',(8.,-4.2,-3.6));
#56850=DIRECTION('',(0.,1.,-5.55111512312578E-17));
#56860=VECTOR('',#56850,1.);
#56870=LINE('',#56840,#56860);
#56880=CARTESIAN_POINT('',(8.,-4.4,-3.6));
#56890=VERTEX_POINT('',#56880);
#56900=CARTESIAN_POINT('',(8.,-4.,-3.6));
#56910=VERTEX_POINT('',#56900);
#56920=EDGE_CURVE('',#56890,#56910,#56870,.T.);
#56930=ORIENTED_EDGE('',*,*,#56920,.F.);
#56940=CARTESIAN_POINT('',(7.86,-4.,-3.6));
#56950=DIRECTION('',(1.,0.,0.));
#56960=VECTOR('',#56950,1.);
#56970=LINE('',#56940,#56960);
#56980=EDGE_CURVE('',#56600,#56910,#56970,.T.);
#56990=ORIENTED_EDGE('',*,*,#56980,.T.);
#57000=ORIENTED_EDGE('',*,*,#56610,.T.);
#57010=CARTESIAN_POINT('',(7.8,-4.4,-3.6));
#57020=DIRECTION('',(1.,0.,0.));
#57030=VECTOR('',#57020,1.);
#57040=LINE('',#57010,#57030);
#57050=EDGE_CURVE('',#56580,#56890,#57040,.T.);
#57060=ORIENTED_EDGE('',*,*,#57050,.F.);
#57070=EDGE_LOOP('',(#57060,#57000,#56990,#56930));
#57080=FACE_OUTER_BOUND('',#57070,.T.);
#57090=ADVANCED_FACE('',(#57080),#56830,.F.);
#57100=CARTESIAN_POINT('',(8.06,-4.2,-3.425));
#57110=DIRECTION('',(-0.945945945945946,1.80036166155431E-17,
0.324324324324325));
#57120=DIRECTION('',(0.324324324324325,5.25105484620007E-17,
0.945945945945946));
#57130=AXIS2_PLACEMENT_3D('',#57100,#57110,#57120);
#57140=PLANE('',#57130);
#57150=ORIENTED_EDGE('',*,*,#56920,.T.);
#57160=CARTESIAN_POINT('',(9.92,-6.32,2.));
#57170=DIRECTION('',(-0.308504698037437,0.308504698037437,
-0.899805369275856));
#57180=VECTOR('',#57170,1.);
#57190=LINE('',#57160,#57180);
#57200=EDGE_CURVE('',#55940,#56890,#57190,.T.);
#57210=ORIENTED_EDGE('',*,*,#57200,.T.);
#57220=CARTESIAN_POINT('',(8.12,-4.2,-3.25));
#57230=DIRECTION('',(0.,1.,-5.55111512312578E-17));
#57240=VECTOR('',#57230,1.);
#57250=LINE('',#57220,#57240);
#57260=CARTESIAN_POINT('',(8.12,-3.88,-3.25));
#57270=VERTEX_POINT('',#57260);
#57280=EDGE_CURVE('',#55940,#57270,#57250,.T.);
#57290=ORIENTED_EDGE('',*,*,#57280,.F.);
#57300=CARTESIAN_POINT('',(9.92,-2.08,2.));
#57310=DIRECTION('',(-0.308504698037437,-0.308504698037437,
-0.899805369275856));
#57320=VECTOR('',#57310,1.);
#57330=LINE('',#57300,#57320);
#57340=EDGE_CURVE('',#57270,#56910,#57330,.T.);
#57350=ORIENTED_EDGE('',*,*,#57340,.F.);
#57360=EDGE_LOOP('',(#57350,#57290,#57210,#57150));
#57370=FACE_OUTER_BOUND('',#57360,.T.);
#57380=ADVANCED_FACE('',(#57370),#57140,.F.);
#57390=CARTESIAN_POINT('',(8.12,-4.52,7.));
#57400=DIRECTION('',(-1.,-0.,0.));
#57410=DIRECTION('',(0.,-5.55111512312578E-17,-1.));
#57420=AXIS2_PLACEMENT_3D('',#57390,#57400,#57410);
#57430=PLANE('',#57420);
#57440=ORIENTED_EDGE('',*,*,#39380,.T.);
#57450=CARTESIAN_POINT('',(8.12,-3.88,7.));
#57460=DIRECTION('',(0.,-5.55111512312578E-17,-1.));
#57470=VECTOR('',#57460,1.);
#57480=LINE('',#57450,#57470);
#57490=EDGE_CURVE('',#39290,#57270,#57480,.T.);
#57500=ORIENTED_EDGE('',*,*,#57490,.F.);
#57510=ORIENTED_EDGE('',*,*,#57280,.T.);
#57520=ORIENTED_EDGE('',*,*,#56070,.T.);
#57530=EDGE_LOOP('',(#57520,#57510,#57500,#57440));
#57540=FACE_OUTER_BOUND('',#57530,.T.);
#57550=ADVANCED_FACE('',(#57540),#57430,.F.);
#57560=CARTESIAN_POINT('',(7.8,-4.46,-3.425));
#57570=DIRECTION('',(0.,-0.945945945945946,-0.324324324324325));
#57580=DIRECTION('',(0.,0.324324324324325,-0.945945945945946));
#57590=AXIS2_PLACEMENT_3D('',#57560,#57570,#57580);
#57600=PLANE('',#57590);
#57610=ORIENTED_EDGE('',*,*,#55950,.F.);
#57620=ORIENTED_EDGE('',*,*,#57200,.F.);
#57630=ORIENTED_EDGE('',*,*,#57050,.T.);
#57640=ORIENTED_EDGE('',*,*,#56740,.T.);
#57650=EDGE_LOOP('',(#57640,#57630,#57620,#57610));
#57660=FACE_OUTER_BOUND('',#57650,.T.);
#57670=ADVANCED_FACE('',(#57660),#57600,.T.);
#57680=CARTESIAN_POINT('',(7.5,-4.52,2.5));
#57690=DIRECTION('',(-1.,0.,0.));
#57700=VECTOR('',#57690,1.);
#57710=LINE('',#57680,#57700);
#57720=CARTESIAN_POINT('',(10.62,-4.52,2.5));
#57730=VERTEX_POINT('',#57720);
#57740=EDGE_CURVE('',#57730,#43970,#57710,.T.);
#57750=ORIENTED_EDGE('',*,*,#57740,.F.);
#57760=ORIENTED_EDGE('',*,*,#44140,.T.);
#57770=CARTESIAN_POINT('',(10.3,-4.52,6.65));
#57780=DIRECTION('',(1.,0.,0.));
#57790=VECTOR('',#57780,1.);
#57800=LINE('',#57770,#57790);
#57810=CARTESIAN_POINT('',(10.62,-4.52,6.65));
#57820=VERTEX_POINT('',#57810);
#57830=EDGE_CURVE('',#44110,#57820,#57800,.T.);
#57840=ORIENTED_EDGE('',*,*,#57830,.F.);
#57850=EDGE_CURVE('',#57820,#57730,#5060,.T.);
#57860=ORIENTED_EDGE('',*,*,#57850,.F.);
#57870=EDGE_LOOP('',(#57860,#57840,#57760,#57750));
#57880=FACE_OUTER_BOUND('',#57870,.T.);
#57890=ADVANCED_FACE('',(#57880),#4440,.T.);
#57900=CARTESIAN_POINT('',(7.86,-3.94,-3.425));
#57910=DIRECTION('',(0.,-0.945945945945946,0.324324324324325));
#57920=DIRECTION('',(0.,-0.324324324324325,-0.945945945945946));
#57930=AXIS2_PLACEMENT_3D('',#57900,#57910,#57920);
#57940=PLANE('',#57930);
#57950=CARTESIAN_POINT('',(7.86,-3.88,-3.25));
#57960=DIRECTION('',(1.,0.,0.));
#57970=VECTOR('',#57960,1.);
#57980=LINE('',#57950,#57970);
#57990=EDGE_CURVE('',#51070,#57270,#57980,.T.);
#58000=ORIENTED_EDGE('',*,*,#57990,.T.);
#58010=ORIENTED_EDGE('',*,*,#56670,.T.);
#58020=ORIENTED_EDGE('',*,*,#56980,.F.);
#58030=ORIENTED_EDGE('',*,*,#57340,.T.);
#58040=EDGE_LOOP('',(#58030,#58020,#58010,#58000));
#58050=FACE_OUTER_BOUND('',#58040,.T.);
#58060=ADVANCED_FACE('',(#58050),#57940,.F.);
#58070=CARTESIAN_POINT('',(17.4999995380496,-5.05,0.5));
#58080=DIRECTION('',(-1.,0.,0.));
#58090=DIRECTION('',(0.,-1.,0.));
#58100=AXIS2_PLACEMENT_3D('',#58070,#58080,#58090);
#58110=PLANE('',#58100);
#58120=CARTESIAN_POINT('',(17.4999995380496,-4.55,0.));
#58130=DIRECTION('',(0.,0.,-1.));
#58140=VECTOR('',#58130,1.);
#58150=LINE('',#58120,#58140);
#58160=CARTESIAN_POINT('',(17.4999995380496,-4.55,1.));
#58170=VERTEX_POINT('',#58160);
#58180=CARTESIAN_POINT('',(17.4999995380496,-4.55,0.999994106992523));
#58190=VERTEX_POINT('',#58180);
#58200=EDGE_CURVE('',#58170,#58190,#58150,.T.);
#58210=ORIENTED_EDGE('',*,*,#58200,.T.);
#58220=CARTESIAN_POINT('',(17.4999995380496,0.,1.));
#58230=DIRECTION('',(0.,1.,0.));
#58240=VECTOR('',#58230,1.);
#58250=LINE('',#58220,#58240);
#58260=CARTESIAN_POINT('',(17.4999995380496,-4.52,1.));
#58270=VERTEX_POINT('',#58260);
#58280=EDGE_CURVE('',#58170,#58270,#58250,.T.);
#58290=ORIENTED_EDGE('',*,*,#58280,.F.);
#58300=CARTESIAN_POINT('',(17.4999995380496,-4.52,0.));
#58310=DIRECTION('',(0.,5.55111512312578E-17,1.));
#58320=VECTOR('',#58310,1.);
#58330=LINE('',#58300,#58320);
#58340=EDGE_CURVE('',#40800,#58270,#58330,.T.);
#58350=ORIENTED_EDGE('',*,*,#58340,.T.);
#58360=ORIENTED_EDGE('',*,*,#40810,.F.);
#58370=CARTESIAN_POINT('',(17.4999995380496,-5.05,0.999994106992523));
#58380=DIRECTION('',(1.,0.,0.));
#58390=DIRECTION('',(0.,1.,0.));
#58400=AXIS2_PLACEMENT_3D('',#58370,#58380,#58390);
#58410=CIRCLE('',#58400,0.5);
#58420=EDGE_CURVE('',#40720,#58190,#58410,.T.);
#58430=ORIENTED_EDGE('',*,*,#58420,.F.);
#58440=EDGE_LOOP('',(#58430,#58360,#58350,#58290,#58210));
#58450=FACE_OUTER_BOUND('',#58440,.T.);
#58460=ADVANCED_FACE('',(#58450),#58110,.F.);
#58470=CARTESIAN_POINT('',(17.4799995380496,-4.52,-3.25));
#58480=VERTEX_POINT('',#58470);
#58490=EDGE_CURVE('',#40880,#58480,#12860,.T.);
#58500=ORIENTED_EDGE('',*,*,#58490,.T.);
#58510=ORIENTED_EDGE('',*,*,#40890,.T.);
#58520=ORIENTED_EDGE('',*,*,#58340,.F.);
#58530=CARTESIAN_POINT('',(18.0999995380496,-4.52,1.));
#58540=DIRECTION('',(-1.,0.,0.));
#58550=VECTOR('',#58540,1.);
#58560=LINE('',#58530,#58550);
#58570=CARTESIAN_POINT('',(18.0999995380496,-4.52,1.));
#58580=VERTEX_POINT('',#58570);
#58590=EDGE_CURVE('',#58580,#58270,#58560,.T.);
#58600=ORIENTED_EDGE('',*,*,#58590,.T.);
#58610=CARTESIAN_POINT('',(18.0999995380496,-4.52,0.));
#58620=DIRECTION('',(0.,-5.55111512312578E-17,-1.));
#58630=VECTOR('',#58620,1.);
#58640=LINE('',#58610,#58630);
#58650=EDGE_CURVE('',#58580,#41160,#58640,.T.);
#58660=ORIENTED_EDGE('',*,*,#58650,.F.);
#58670=ORIENTED_EDGE('',*,*,#41170,.T.);
#58680=CARTESIAN_POINT('',(18.1199995380496,-4.52,-3.25));
#58690=VERTEX_POINT('',#58680);
#58700=EDGE_CURVE('',#41120,#58690,#13020,.T.);
#58710=ORIENTED_EDGE('',*,*,#58700,.F.);
#58720=CARTESIAN_POINT('',(17.7999995380496,-4.52,-3.25));
#58730=DIRECTION('',(-1.,0.,0.));
#58740=VECTOR('',#58730,1.);
#58750=LINE('',#58720,#58740);
#58760=EDGE_CURVE('',#58690,#58480,#58750,.T.);
#58770=ORIENTED_EDGE('',*,*,#58760,.F.);
#58780=EDGE_LOOP('',(#58770,#58710,#58670,#58660,#58600,#58520,#58510,
#58500));
#58790=FACE_OUTER_BOUND('',#58780,.T.);
#58800=ADVANCED_FACE('',(#58790),#12720,.F.);
#58810=ORIENTED_EDGE('',*,*,#58700,.T.);
#58820=ORIENTED_EDGE('',*,*,#41130,.T.);
#58830=CARTESIAN_POINT('',(18.1199995380496,-3.88,-3.25));
#58840=VERTEX_POINT('',#58830);
#58850=EDGE_CURVE('',#58840,#41040,#22210,.T.);
#58860=ORIENTED_EDGE('',*,*,#58850,.T.);
#58870=CARTESIAN_POINT('',(18.1199995380496,-4.14,-3.25));
#58880=DIRECTION('',(0.,1.,-5.55111512312578E-17));
#58890=VECTOR('',#58880,1.);
#58900=LINE('',#58870,#58890);
#58910=EDGE_CURVE('',#58690,#58840,#58900,.T.);
#58920=ORIENTED_EDGE('',*,*,#58910,.T.);
#58930=EDGE_LOOP('',(#58920,#58860,#58820,#58810));
#58940=FACE_OUTER_BOUND('',#58930,.T.);
#58950=ADVANCED_FACE('',(#58940),#22160,.F.);
#58960=CARTESIAN_POINT('',(18.0599995380496,-4.14,-3.425));
#58970=DIRECTION('',(-0.945945945945946,1.80036166155431E-17,
0.324324324324325));
#58980=DIRECTION('',(0.324324324324325,5.25105484620007E-17,
0.945945945945946));
#58990=AXIS2_PLACEMENT_3D('',#58960,#58970,#58980);
#59000=PLANE('',#58990);
#59010=CARTESIAN_POINT('',(19.9199995380496,-6.32,2.));
#59020=DIRECTION('',(-0.308504698037437,0.308504698037437,
-0.899805369275856));
#59030=VECTOR('',#59020,1.);
#59040=LINE('',#59010,#59030);
#59050=CARTESIAN_POINT('',(17.9999995380496,-4.4,-3.6));
#59060=VERTEX_POINT('',#59050);
#59070=EDGE_CURVE('',#58690,#59060,#59040,.T.);
#59080=ORIENTED_EDGE('',*,*,#59070,.T.);
#59090=ORIENTED_EDGE('',*,*,#58910,.F.);
#59100=CARTESIAN_POINT('',(19.9199995380496,-2.08,2.));
#59110=DIRECTION('',(0.308504698037437,0.308504698037437,
0.899805369275856));
#59120=VECTOR('',#59110,1.);
#59130=LINE('',#59100,#59120);
#59140=CARTESIAN_POINT('',(17.9999995380496,-4.,-3.6));
#59150=VERTEX_POINT('',#59140);
#59160=EDGE_CURVE('',#59150,#58840,#59130,.T.);
#59170=ORIENTED_EDGE('',*,*,#59160,.T.);
#59180=CARTESIAN_POINT('',(17.9999995380496,-4.14,-3.6));
#59190=DIRECTION('',(0.,1.,-5.55111512312578E-17));
#59200=VECTOR('',#59190,1.);
#59210=LINE('',#59180,#59200);
#59220=EDGE_CURVE('',#59060,#59150,#59210,.T.);
#59230=ORIENTED_EDGE('',*,*,#59220,.T.);
#59240=EDGE_LOOP('',(#59230,#59170,#59090,#59080));
#59250=FACE_OUTER_BOUND('',#59240,.T.);
#59260=ADVANCED_FACE('',(#59250),#59000,.F.);
#59270=CARTESIAN_POINT('',(17.7999995380496,-4.46,-3.425));
#59280=DIRECTION('',(0.,0.945945945945946,0.324324324324325));
#59290=DIRECTION('',(0.,0.324324324324325,-0.945945945945946));
#59300=AXIS2_PLACEMENT_3D('',#59270,#59280,#59290);
#59310=PLANE('',#59300);
#59320=ORIENTED_EDGE('',*,*,#59070,.F.);
#59330=CARTESIAN_POINT('',(17.7999995380496,-4.4,-3.6));
#59340=DIRECTION('',(-1.,0.,0.));
#59350=VECTOR('',#59340,1.);
#59360=LINE('',#59330,#59350);
#59370=CARTESIAN_POINT('',(17.5999995380496,-4.4,-3.6));
#59380=VERTEX_POINT('',#59370);
#59390=EDGE_CURVE('',#59060,#59380,#59360,.T.);
#59400=ORIENTED_EDGE('',*,*,#59390,.F.);
#59410=CARTESIAN_POINT('',(15.6799995380496,-6.32,2.));
#59420=DIRECTION('',(0.308504698037437,0.308504698037437,
-0.899805369275856));
#59430=VECTOR('',#59420,1.);
#59440=LINE('',#59410,#59430);
#59450=EDGE_CURVE('',#58480,#59380,#59440,.T.);
#59460=ORIENTED_EDGE('',*,*,#59450,.T.);
#59470=ORIENTED_EDGE('',*,*,#58760,.T.);
#59480=EDGE_LOOP('',(#59470,#59460,#59400,#59320));
#59490=FACE_OUTER_BOUND('',#59480,.T.);
#59500=ADVANCED_FACE('',(#59490),#59310,.F.);
#59510=ORIENTED_EDGE('',*,*,#58490,.F.);
#59520=CARTESIAN_POINT('',(17.4799995380496,-4.2,-3.25));
#59530=DIRECTION('',(0.,1.,-5.55111512312578E-17));
#59540=VECTOR('',#59530,1.);
#59550=LINE('',#59520,#59540);
#59560=CARTESIAN_POINT('',(17.4799995380496,-3.88,-3.25));
#59570=VERTEX_POINT('',#59560);
#59580=EDGE_CURVE('',#58480,#59570,#59550,.T.);
#59590=ORIENTED_EDGE('',*,*,#59580,.F.);
#59600=EDGE_CURVE('',#40960,#59570,#33030,.T.);
#59610=ORIENTED_EDGE('',*,*,#59600,.T.);
#59620=ORIENTED_EDGE('',*,*,#40970,.F.);
#59630=EDGE_LOOP('',(#59620,#59610,#59590,#59510));
#59640=FACE_OUTER_BOUND('',#59630,.T.);
#59650=ADVANCED_FACE('',(#59640),#33130,.T.);
#59660=CARTESIAN_POINT('',(17.7399995380496,-3.94,-3.425));
#59670=DIRECTION('',(0.,0.945945945945946,-0.324324324324325));
#59680=DIRECTION('',(0.,-0.324324324324325,-0.945945945945946));
#59690=AXIS2_PLACEMENT_3D('',#59660,#59670,#59680);
#59700=PLANE('',#59690);
#59710=CARTESIAN_POINT('',(15.6799995380496,-2.08,2.));
#59720=DIRECTION('',(0.308504698037437,-0.308504698037437,
-0.899805369275856));
#59730=VECTOR('',#59720,1.);
#59740=LINE('',#59710,#59730);
#59750=CARTESIAN_POINT('',(17.5999995380496,-4.,-3.6));
#59760=VERTEX_POINT('',#59750);
#59770=EDGE_CURVE('',#59570,#59760,#59740,.T.);
#59780=ORIENTED_EDGE('',*,*,#59770,.F.);
#59790=CARTESIAN_POINT('',(17.7399995380496,-4.,-3.6));
#59800=DIRECTION('',(-1.,0.,0.));
#59810=VECTOR('',#59800,1.);
#59820=LINE('',#59790,#59810);
#59830=EDGE_CURVE('',#59150,#59760,#59820,.T.);
#59840=ORIENTED_EDGE('',*,*,#59830,.T.);
#59850=ORIENTED_EDGE('',*,*,#59160,.F.);
#59860=CARTESIAN_POINT('',(17.7399995380496,-3.88,-3.25));
#59870=DIRECTION('',(-1.,0.,0.));
#59880=VECTOR('',#59870,1.);
#59890=LINE('',#59860,#59880);
#59900=EDGE_CURVE('',#58840,#59570,#59890,.T.);
#59910=ORIENTED_EDGE('',*,*,#59900,.F.);
#59920=EDGE_LOOP('',(#59910,#59850,#59840,#59780));
#59930=FACE_OUTER_BOUND('',#59920,.T.);
#59940=ADVANCED_FACE('',(#59930),#59700,.T.);
#59950=ORIENTED_EDGE('',*,*,#41050,.F.);
#59960=ORIENTED_EDGE('',*,*,#59600,.F.);
#59970=ORIENTED_EDGE('',*,*,#59900,.T.);
#59980=ORIENTED_EDGE('',*,*,#58850,.F.);
#59990=EDGE_LOOP('',(#59980,#59970,#59960,#59950));
#60000=FACE_OUTER_BOUND('',#59990,.T.);
#60010=ADVANCED_FACE('',(#60000),#32890,.T.);
#60020=CARTESIAN_POINT('',(17.4799995380496,-4.52,-3.6));
#60030=DIRECTION('',(0.,-5.55111512312578E-17,-1.));
#60040=DIRECTION('',(1.,0.,0.));
#60050=AXIS2_PLACEMENT_3D('',#60020,#60030,#60040);
#60060=PLANE('',#60050);
#60070=ORIENTED_EDGE('',*,*,#59390,.T.);
#60080=ORIENTED_EDGE('',*,*,#59220,.F.);
#60090=ORIENTED_EDGE('',*,*,#59830,.F.);
#60100=CARTESIAN_POINT('',(17.5999995380496,-4.2,-3.6));
#60110=DIRECTION('',(0.,1.,-5.55111512312578E-17));
#60120=VECTOR('',#60110,1.);
#60130=LINE('',#60100,#60120);
#60140=EDGE_CURVE('',#59380,#59760,#60130,.T.);
#60150=ORIENTED_EDGE('',*,*,#60140,.T.);
#60160=EDGE_LOOP('',(#60150,#60090,#60080,#60070));
#60170=FACE_OUTER_BOUND('',#60160,.T.);
#60180=ADVANCED_FACE('',(#60170),#60060,.T.);
#60190=CARTESIAN_POINT('',(17.5399995380496,-4.2,-3.425));
#60200=DIRECTION('',(-0.945945945945946,-1.80036166155431E-17,
-0.324324324324325));
#60210=DIRECTION('',(-0.324324324324325,5.25105484620007E-17,
0.945945945945946));
#60220=AXIS2_PLACEMENT_3D('',#60190,#60200,#60210);
#60230=PLANE('',#60220);
#60240=ORIENTED_EDGE('',*,*,#59770,.T.);
#60250=ORIENTED_EDGE('',*,*,#59580,.T.);
#60260=ORIENTED_EDGE('',*,*,#59450,.F.);
#60270=ORIENTED_EDGE('',*,*,#60140,.F.);
#60280=EDGE_LOOP('',(#60270,#60260,#60250,#60240));
#60290=FACE_OUTER_BOUND('',#60280,.T.);
#60300=ADVANCED_FACE('',(#60290),#60230,.T.);
#60310=CARTESIAN_POINT('',(17.4999995380496,-4.5,1.));
#60320=DIRECTION('',(0.,0.,-1.));
#60330=DIRECTION('',(0.,1.,0.));
#60340=AXIS2_PLACEMENT_3D('',#60310,#60320,#60330);
#60350=PLANE('',#60340);
#60360=CARTESIAN_POINT('',(18.0999995380496,-4.55,1.));
#60370=DIRECTION('',(-1.,0.,0.));
#60380=VECTOR('',#60370,1.);
#60390=LINE('',#60360,#60380);
#60400=CARTESIAN_POINT('',(18.0999995380496,-4.55,1.));
#60410=VERTEX_POINT('',#60400);
#60420=EDGE_CURVE('',#60410,#58170,#60390,.T.);
#60430=ORIENTED_EDGE('',*,*,#60420,.T.);
#60440=CARTESIAN_POINT('',(18.0999995380496,0.,1.));
#60450=DIRECTION('',(0.,1.,0.));
#60460=VECTOR('',#60450,1.);
#60470=LINE('',#60440,#60460);
#60480=EDGE_CURVE('',#60410,#58580,#60470,.T.);
#60490=ORIENTED_EDGE('',*,*,#60480,.F.);
#60500=ORIENTED_EDGE('',*,*,#58590,.F.);
#60510=ORIENTED_EDGE('',*,*,#58280,.T.);
#60520=EDGE_LOOP('',(#60510,#60500,#60490,#60430));
#60530=FACE_OUTER_BOUND('',#60520,.T.);
#60540=ADVANCED_FACE('',(#60530),#60350,.T.);
#60550=CARTESIAN_POINT('',(17.4999995380496,-4.55,0.3794));
#60560=DIRECTION('',(0.,-1.,0.));
#60570=DIRECTION('',(0.,0.,-1.));
#60580=AXIS2_PLACEMENT_3D('',#60550,#60560,#60570);
#60590=PLANE('',#60580);
#60600=CARTESIAN_POINT('',(18.0999995380496,-4.55,0.999994106992523));
#60610=VERTEX_POINT('',#60600);
#60620=EDGE_CURVE('',#60610,#58190,#35090,.T.);
#60630=ORIENTED_EDGE('',*,*,#60620,.T.);
#60640=CARTESIAN_POINT('',(18.0999995380496,-4.55,0.));
#60650=DIRECTION('',(0.,0.,-1.));
#60660=VECTOR('',#60650,1.);
#60670=LINE('',#60640,#60660);
#60680=EDGE_CURVE('',#60410,#60610,#60670,.T.);
#60690=ORIENTED_EDGE('',*,*,#60680,.T.);
#60700=ORIENTED_EDGE('',*,*,#60420,.F.);
#60710=ORIENTED_EDGE('',*,*,#58200,.F.);
#60720=EDGE_LOOP('',(#60710,#60700,#60690,#60630));
#60730=FACE_OUTER_BOUND('',#60720,.T.);
#60740=ADVANCED_FACE('',(#60730),#60590,.F.);
#60750=CARTESIAN_POINT('',(18.0999995380496,-4.5,0.5));
#60760=DIRECTION('',(1.,0.,0.));
#60770=DIRECTION('',(0.,1.,0.));
#60780=AXIS2_PLACEMENT_3D('',#60750,#60760,#60770);
#60790=PLANE('',#60780);
#60800=ORIENTED_EDGE('',*,*,#41250,.F.);
#60810=ORIENTED_EDGE('',*,*,#58650,.T.);
#60820=ORIENTED_EDGE('',*,*,#60480,.T.);
#60830=ORIENTED_EDGE('',*,*,#60680,.F.);
#60840=CARTESIAN_POINT('',(18.0999995380496,-5.05,0.999994106992523));
#60850=DIRECTION('',(1.,0.,0.));
#60860=DIRECTION('',(0.,1.,0.));
#60870=AXIS2_PLACEMENT_3D('',#60840,#60850,#60860);
#60880=CIRCLE('',#60870,0.5);
#60890=EDGE_CURVE('',#41240,#60610,#60880,.T.);
#60900=ORIENTED_EDGE('',*,*,#60890,.T.);
#60910=EDGE_LOOP('',(#60900,#60830,#60820,#60810,#60800));
#60920=FACE_OUTER_BOUND('',#60910,.T.);
#60930=ADVANCED_FACE('',(#60920),#60790,.F.);
#60940=CARTESIAN_POINT('',(20.8000019380496,-3.5,0.));
#60950=DIRECTION('',(0.,1.,0.));
#60960=DIRECTION('',(0.,0.,1.));
#60970=AXIS2_PLACEMENT_3D('',#60940,#60950,#60960);
#60980=PLANE('',#60970);
#60990=CARTESIAN_POINT('',(18.9499995380496,-3.5,0.));
#61000=DIRECTION('',(0.,0.,1.));
#61010=VECTOR('',#61000,1.);
#61020=LINE('',#60990,#61010);
#61030=EDGE_CURVE('',#33720,#41400,#61020,.T.);
#61040=ORIENTED_EDGE('',*,*,#61030,.T.);
#61050=ORIENTED_EDGE('',*,*,#33730,.T.);
#61060=CARTESIAN_POINT('',(20.2999995380496,-3.5,0.));
#61070=DIRECTION('',(0.,0.,1.));
#61080=VECTOR('',#61070,1.);
#61090=LINE('',#61060,#61080);
#61100=EDGE_CURVE('',#33640,#41480,#61090,.T.);
#61110=ORIENTED_EDGE('',*,*,#61100,.F.);
#61120=ORIENTED_EDGE('',*,*,#41490,.F.);
#61130=EDGE_LOOP('',(#61120,#61110,#61050,#61040));
#61140=FACE_OUTER_BOUND('',#61130,.T.);
#61150=ADVANCED_FACE('',(#61140),#60980,.T.);
#61160=CARTESIAN_POINT('',(18.9499995380496,-5.45,0.331896551724138));
#61170=DIRECTION('',(1.,0.,0.));
#61180=DIRECTION('',(0.,1.,0.));
#61190=AXIS2_PLACEMENT_3D('',#61160,#61170,#61180);
#61200=PLANE('',#61190);
#61210=ORIENTED_EDGE('',*,*,#61030,.F.);
#61220=ORIENTED_EDGE('',*,*,#41410,.T.);
#61230=CARTESIAN_POINT('',(18.9499995380496,-5.05,0.999994106992523));
#61240=DIRECTION('',(1.,0.,0.));
#61250=DIRECTION('',(0.,1.,0.));
#61260=AXIS2_PLACEMENT_3D('',#61230,#61240,#61250);
#61270=CIRCLE('',#61260,0.5);
#61280=CARTESIAN_POINT('',(18.9499995380496,-5.15638420477084,
0.511442575854816));
#61290=VERTEX_POINT('',#61280);
#61300=EDGE_CURVE('',#61290,#41320,#61270,.T.);
#61310=ORIENTED_EDGE('',*,*,#61300,.T.);
#61320=CARTESIAN_POINT('',(18.9499995380496,0.,-0.611383261947974));
#61330=DIRECTION('',(0.,0.977102639903886,-0.212768491776527));
#61340=VECTOR('',#61330,1.);
#61350=LINE('',#61320,#61340);
#61360=CARTESIAN_POINT('',(18.9499995380496,-5.9,0.673368257713248));
#61370=VERTEX_POINT('',#61360);
#61380=EDGE_CURVE('',#61370,#61290,#61350,.T.);
#61390=ORIENTED_EDGE('',*,*,#61380,.T.);
#61400=CARTESIAN_POINT('',(18.9499995380496,-5.9,0.));
#61410=DIRECTION('',(0.,0.,-1.));
#61420=VECTOR('',#61410,1.);
#61430=LINE('',#61400,#61420);
#61440=EDGE_CURVE('',#61370,#33800,#61430,.T.);
#61450=ORIENTED_EDGE('',*,*,#61440,.F.);
#61460=ORIENTED_EDGE('',*,*,#33810,.F.);
#61470=EDGE_LOOP('',(#61460,#61450,#61390,#61310,#61220,#61210));
#61480=FACE_OUTER_BOUND('',#61470,.T.);
#61490=ADVANCED_FACE('',(#61480),#61200,.F.);
#61500=CARTESIAN_POINT('',(18.0999995380496,-5.9,0.741379310344828));
#61510=DIRECTION('',(0.,1.,0.));
#61520=DIRECTION('',(0.,0.,1.));
#61530=AXIS2_PLACEMENT_3D('',#61500,#61510,#61520);
#61540=PLANE('',#61530);
#61550=ORIENTED_EDGE('',*,*,#33890,.T.);
#61560=ORIENTED_EDGE('',*,*,#61440,.T.);
#61570=CARTESIAN_POINT('',(0.,-5.9,0.673368257713248));
#61580=DIRECTION('',(-1.,0.,0.));
#61590=VECTOR('',#61580,1.);
#61600=LINE('',#61570,#61590);
#61610=CARTESIAN_POINT('',(18.0999995380496,-5.9,0.673368257713248));
#61620=VERTEX_POINT('',#61610);
#61630=EDGE_CURVE('',#61370,#61620,#61600,.T.);
#61640=ORIENTED_EDGE('',*,*,#61630,.F.);
#61650=CARTESIAN_POINT('',(18.0999995380496,-5.9,0.));
#61660=DIRECTION('',(0.,0.,-1.));
#61670=VECTOR('',#61660,1.);
#61680=LINE('',#61650,#61670);
#61690=EDGE_CURVE('',#61620,#34260,#61680,.T.);
#61700=ORIENTED_EDGE('',*,*,#61690,.F.);
#61710=ORIENTED_EDGE('',*,*,#34420,.F.);
#61720=EDGE_LOOP('',(#61710,#61700,#61640,#61560,#61550));
#61730=FACE_OUTER_BOUND('',#61720,.T.);
#61740=ADVANCED_FACE('',(#61730),#61540,.T.);
#61750=CARTESIAN_POINT('',(0.,-7.4,0.));
#61760=DIRECTION('',(1.,0.,0.));
#61770=VECTOR('',#61760,1.);
#61780=LINE('',#61750,#61770);
#61790=CARTESIAN_POINT('',(13.25,-7.4,0.));
#61800=VERTEX_POINT('',#61790);
#61810=CARTESIAN_POINT('',(14.85,-7.4,0.));
#61820=VERTEX_POINT('',#61810);
#61830=EDGE_CURVE('',#61800,#61820,#61780,.T.);
#61840=ORIENTED_EDGE('',*,*,#61830,.F.);
#61850=CARTESIAN_POINT('',(14.85,0.,0.));
#61860=DIRECTION('',(0.,1.,0.));
#61870=VECTOR('',#61860,1.);
#61880=LINE('',#61850,#61870);
#61890=CARTESIAN_POINT('',(14.85,-5.9,0.));
#61900=VERTEX_POINT('',#61890);
#61910=EDGE_CURVE('',#61820,#61900,#61880,.T.);
#61920=ORIENTED_EDGE('',*,*,#61910,.F.);
#61930=CARTESIAN_POINT('',(0.,-5.9,0.));
#61940=DIRECTION('',(-1.,0.,0.));
#61950=VECTOR('',#61940,1.);
#61960=LINE('',#61930,#61950);
#61970=CARTESIAN_POINT('',(13.25,-5.9,0.));
#61980=VERTEX_POINT('',#61970);
#61990=EDGE_CURVE('',#61900,#61980,#61960,.T.);
#62000=ORIENTED_EDGE('',*,*,#61990,.F.);
#62010=CARTESIAN_POINT('',(13.25,0.,0.));
#62020=DIRECTION('',(0.,-1.,0.));
#62030=VECTOR('',#62020,1.);
#62040=LINE('',#62010,#62030);
#62050=EDGE_CURVE('',#61980,#61800,#62040,.T.);
#62060=ORIENTED_EDGE('',*,*,#62050,.F.);
#62070=EDGE_LOOP('',(#62060,#62000,#61920,#61840));
#62080=FACE_OUTER_BOUND('',#62070,.T.);
#62090=ADVANCED_FACE('',(#62080),#620,.T.);
#62100=CARTESIAN_POINT('',(17.4999995380496,-5.9,0.));
#62110=DIRECTION('',(0.,-1.,0.));
#62120=DIRECTION('',(1.,0.,0.));
#62130=AXIS2_PLACEMENT_3D('',#62100,#62110,#62120);
#62140=PLANE('',#62130);
#62150=CARTESIAN_POINT('',(0.,-5.9,0.673368257713248));
#62160=DIRECTION('',(1.,0.,0.));
#62170=VECTOR('',#62160,1.);
#62180=LINE('',#62150,#62170);
#62190=CARTESIAN_POINT('',(15.6,-5.9,0.673368257713248));
#62200=VERTEX_POINT('',#62190);
#62210=CARTESIAN_POINT('',(17.4999995380496,-5.9,0.673368257713248));
#62220=VERTEX_POINT('',#62210);
#62230=EDGE_CURVE('',#62200,#62220,#62180,.T.);
#62240=ORIENTED_EDGE('',*,*,#62230,.T.);
#62250=CARTESIAN_POINT('',(15.6,-5.9,0.));
#62260=DIRECTION('',(0.,0.,1.));
#62270=VECTOR('',#62260,1.);
#62280=LINE('',#62250,#62270);
#62290=CARTESIAN_POINT('',(15.6,-5.9,0.150000000000002));
#62300=VERTEX_POINT('',#62290);
#62310=EDGE_CURVE('',#62300,#62200,#62280,.T.);
#62320=ORIENTED_EDGE('',*,*,#62310,.T.);
#62330=CARTESIAN_POINT('',(1.25,-5.9,14.5));
#62340=DIRECTION('',(-0.707106781186548,0.,0.707106781186547));
#62350=VECTOR('',#62340,1.);
#62360=LINE('',#62330,#62350);
#62370=CARTESIAN_POINT('',(15.75,-5.9,0.));
#62380=VERTEX_POINT('',#62370);
#62390=EDGE_CURVE('',#62380,#62300,#62360,.T.);
#62400=ORIENTED_EDGE('',*,*,#62390,.T.);
#62410=CARTESIAN_POINT('',(0.,-5.9,0.));
#62420=DIRECTION('',(1.,0.,0.));
#62430=VECTOR('',#62420,1.);
#62440=LINE('',#62410,#62430);
#62450=CARTESIAN_POINT('',(17.3499995380496,-5.9,0.));
#62460=VERTEX_POINT('',#62450);
#62470=EDGE_CURVE('',#62380,#62460,#62440,.T.);
#62480=ORIENTED_EDGE('',*,*,#62470,.F.);
#62490=CARTESIAN_POINT('',(17.3499995380496,-5.9,0.));
#62500=DIRECTION('',(-0.707106781186547,0.,-0.707106781186548));
#62510=VECTOR('',#62500,1.);
#62520=LINE('',#62490,#62510);
#62530=CARTESIAN_POINT('',(17.4999995380496,-5.9,0.15));
#62540=VERTEX_POINT('',#62530);
#62550=EDGE_CURVE('',#62540,#62460,#62520,.T.);
#62560=ORIENTED_EDGE('',*,*,#62550,.T.);
#62570=CARTESIAN_POINT('',(17.4999995380496,-5.9,0.));
#62580=DIRECTION('',(0.,0.,1.));
#62590=VECTOR('',#62580,1.);
#62600=LINE('',#62570,#62590);
#62610=EDGE_CURVE('',#62540,#62220,#62600,.T.);
#62620=ORIENTED_EDGE('',*,*,#62610,.F.);
#62630=EDGE_LOOP('',(#62620,#62560,#62480,#62400,#62320,#62240));
#62640=FACE_OUTER_BOUND('',#62630,.T.);
#62650=ADVANCED_FACE('',(#62640),#62140,.F.);
#62660=CARTESIAN_POINT('',(17.4249995380496,-6.65,0.075));
#62670=DIRECTION('',(0.707106781186548,0.,-0.707106781186547));
#62680=DIRECTION('',(0.707106781186547,0.,0.707106781186548));
#62690=AXIS2_PLACEMENT_3D('',#62660,#62670,#62680);
#62700=PLANE('',#62690);
#62710=CARTESIAN_POINT('',(17.3499995380496,0.,0.));
#62720=DIRECTION('',(0.,1.,0.));
#62730=VECTOR('',#62720,1.);
#62740=LINE('',#62710,#62730);
#62750=CARTESIAN_POINT('',(17.3499995380496,-7.4,0.));
#62760=VERTEX_POINT('',#62750);
#62770=EDGE_CURVE('',#62760,#62460,#62740,.T.);
#62780=ORIENTED_EDGE('',*,*,#62770,.T.);
#62790=CARTESIAN_POINT('',(17.3499995380496,-7.4,0.));
#62800=DIRECTION('',(-0.707106781186547,0.,-0.707106781186548));
#62810=VECTOR('',#62800,1.);
#62820=LINE('',#62790,#62810);
#62830=CARTESIAN_POINT('',(17.4999995380496,-7.4,0.150000000000002));
#62840=VERTEX_POINT('',#62830);
#62850=EDGE_CURVE('',#62840,#62760,#62820,.T.);
#62860=ORIENTED_EDGE('',*,*,#62850,.T.);
#62870=CARTESIAN_POINT('',(17.4999995380496,0.,0.15));
#62880=DIRECTION('',(0.,-1.,0.));
#62890=VECTOR('',#62880,1.);
#62900=LINE('',#62870,#62890);
#62910=EDGE_CURVE('',#62540,#62840,#62900,.T.);
#62920=ORIENTED_EDGE('',*,*,#62910,.T.);
#62930=ORIENTED_EDGE('',*,*,#62550,.F.);
#62940=EDGE_LOOP('',(#62930,#62920,#62860,#62780));
#62950=FACE_OUTER_BOUND('',#62940,.T.);
#62960=ADVANCED_FACE('',(#62950),#62700,.T.);
#62970=CARTESIAN_POINT('',(17.4999995380496,-7.4,0.));
#62980=DIRECTION('',(0.,0.,1.));
#62990=VECTOR('',#62980,1.);
#63000=LINE('',#62970,#62990);
#63010=CARTESIAN_POINT('',(17.4999995380496,-7.4,1.));
#63020=VERTEX_POINT('',#63010);
#63030=EDGE_CURVE('',#62840,#63020,#63000,.T.);
#63040=ORIENTED_EDGE('',*,*,#63030,.F.);
#63050=CARTESIAN_POINT('',(17.4999995380496,0.,-0.611383261947974));
#63060=DIRECTION('',(0.,-0.977102639903886,0.212768491776527));
#63070=VECTOR('',#63060,1.);
#63080=LINE('',#63050,#63070);
#63090=EDGE_CURVE('',#62220,#63020,#63080,.T.);
#63100=ORIENTED_EDGE('',*,*,#63090,.T.);
#63110=ORIENTED_EDGE('',*,*,#62610,.T.);
#63120=ORIENTED_EDGE('',*,*,#62910,.F.);
#63130=EDGE_LOOP('',(#63120,#63110,#63100,#63040));
#63140=FACE_OUTER_BOUND('',#63130,.T.);
#63150=ADVANCED_FACE('',(#63140),#58110,.F.);
#63160=CARTESIAN_POINT('',(16.2776249102049,-0.577624641180122,
1.62607343087511));
#63170=CARTESIAN_POINT('',(16.3037544172882,-0.564349523682156,
1.61330905439237));
#63180=CARTESIAN_POINT('',(16.3328920993481,-0.553077009101537,
1.60245416796752));
#63190=CARTESIAN_POINT('',(16.3602904222243,-0.544851366781502,
1.59443948504225));
#63200=CARTESIAN_POINT('',(16.3855636100817,-0.539981506512778,
1.58960399784819));
#63210=CARTESIAN_POINT('',(16.4126876454102,-0.538040978533588,
1.58769497740685));
#63220=CARTESIAN_POINT('',(16.4500002690248,-0.537867973529644,
1.58786797352964));
#63230=CARTESIAN_POINT('',(16.264349792707,-0.60375414826342,
1.61330905439237));
#63240=CARTESIAN_POINT('',(16.2891354648413,-0.58913519581655,
1.60025075336139));
#63250=CARTESIAN_POINT('',(16.3216558691538,-0.575910965295447,
1.58444040496189));
#63260=CARTESIAN_POINT('',(16.3563824353485,-0.566913560132071,
1.57042811915591));
#63270=CARTESIAN_POINT('',(16.3806478331495,-0.564993194280783,
1.56276071820686));
#63280=CARTESIAN_POINT('',(16.4122798777943,-0.565860496645019,
1.55992075249006));
#63290=CARTESIAN_POINT('',(16.4500002690246,-0.565636006554119,
1.56009994050514));
#63300=CARTESIAN_POINT('',(16.2530772781264,-0.632891830323307,
1.60245416796753));
#63310=CARTESIAN_POINT('',(16.2779424824941,-0.62049602733998,
1.58633387396164));
#63320=CARTESIAN_POINT('',(16.3119031056057,-0.608073851425458,
1.56708570321234));
#63330=CARTESIAN_POINT('',(16.3499715004211,-0.599064953877784,
1.54994370362502));
#63340=CARTESIAN_POINT('',(16.37680149495,-0.597224862442876,
1.54032436961794));
#63350=CARTESIAN_POINT('',(16.4118721101785,-0.598035746626576,
1.53653243806491));
#63360=CARTESIAN_POINT('',(16.4500002690244,-0.597765812266769,
1.53669368016882));
#63370=CARTESIAN_POINT('',(16.2448516358065,-0.660290153199527,
1.59443948504227));
#63380=CARTESIAN_POINT('',(16.2706372909846,-0.652076152142422,
1.57390317549219));
#63390=CARTESIAN_POINT('',(16.3045769926061,-0.642975891022323,
1.5524096491288));
#63400=CARTESIAN_POINT('',(16.3430385203926,-0.635811722959563,
1.53407536041099));
#63410=CARTESIAN_POINT('',(16.37410241351,-0.633716444365633,
1.5231261191592));
#63420=CARTESIAN_POINT('',(16.4114888086201,-0.633691368927256,
1.51839040036159));
#63430=CARTESIAN_POINT('',(16.4500002690248,-0.633400873535371,
1.51850570965296));
#63440=CARTESIAN_POINT('',(16.2399817755377,-0.685563341056914,
1.5896039978482));
#63450=CARTESIAN_POINT('',(16.2669463514988,-0.681881462438948,
1.56471169604205));
#63460=CARTESIAN_POINT('',(16.3000324264156,-0.677469404632991,
1.54190815542033));
#63470=CARTESIAN_POINT('',(16.3371967184376,-0.673723268237191,
1.52349197667645));
#63480=CARTESIAN_POINT('',(16.3724813349459,-0.672193469969156,
1.51168307328814));
#63490=CARTESIAN_POINT('',(16.4111544391764,-0.671721664436723,
1.50611719832867));
#63500=CARTESIAN_POINT('',(16.450000269026,-0.671460542328429,
1.50616841519058));
#63510=CARTESIAN_POINT('',(16.2380412475584,-0.712687376385398,
1.58769497740685));
#63520=CARTESIAN_POINT('',(16.26586076567,-0.712279608769723,
1.5599207524901));
#63530=CARTESIAN_POINT('',(16.2980360156518,-0.711871841154051,
1.53653243806499));
#63540=CARTESIAN_POINT('',(16.3336916379523,-0.711488539595306,
1.51839040036162));
#63550=CARTESIAN_POINT('',(16.3717219334608,-0.711154170150406,
1.50611719832848));
#63560=CARTESIAN_POINT('',(16.4108934679012,-0.7108931988764,1.5));
#63570=CARTESIAN_POINT('',(16.4500002690248,-0.710730091830127,1.5));
#63580=CARTESIAN_POINT('',(16.2378682425544,-0.749999999999998,
1.58786797352964));
#63590=CARTESIAN_POINT('',(16.2656362755791,-0.750000000000006,
1.56009994050518));
#63600=CARTESIAN_POINT('',(16.297766081292,-0.750000000000016,
1.53669368016889));
#63610=CARTESIAN_POINT('',(16.3334011425604,-0.750000000000011,
1.51850570965299));
#63620=CARTESIAN_POINT('',(16.3714608113525,-0.749999999999967,
1.5061684151904));
#63630=CARTESIAN_POINT('',(16.410730360855,-0.75,1.5));
#63640=CARTESIAN_POINT('',(16.4500002690248,-0.75,1.5));
#63650=B_SPLINE_SURFACE_WITH_KNOTS('',6,6,((#63160,#63230,#63300,#63370,
#63440,#63510,#63580),(#63170,#63240,#63310,#63380,#63450,#63520,#63590)
,(#63180,#63250,#63320,#63390,#63460,#63530,#63600),(#63190,#63260,
#63330,#63400,#63470,#63540,#63610),(#63200,#63270,#63340,#63410,#63480,
#63550,#63620),(#63210,#63280,#63350,#63420,#63490,#63560,#63630),(
#63220,#63290,#63360,#63430,#63500,#63570,#63640)),.UNSPECIFIED.,.F.,.F.
,.F.,(7,7),(7,7),(0.,1.),(0.,1.),.UNSPECIFIED.);
#63660=CARTESIAN_POINT('',(16.2776249102049,-0.577624641180122,
1.62607343087511));
#63670=CARTESIAN_POINT('',(16.3037544172882,-0.564349523682156,
1.61330905439237));
#63680=CARTESIAN_POINT('',(16.3328920993481,-0.553077009101537,
1.60245416796752));
#63690=CARTESIAN_POINT('',(16.3602904222243,-0.544851366781502,
1.59443948504225));
#63700=CARTESIAN_POINT('',(16.3855636100817,-0.539981506512778,
1.58960399784819));
#63710=CARTESIAN_POINT('',(16.4126876454102,-0.538040978533588,
1.58769497740685));
#63720=CARTESIAN_POINT('',(16.4500002690248,-0.537867973529644,
1.58786797352964));
#63730=B_SPLINE_CURVE_WITH_KNOTS('',6,(#63660,#63670,#63680,#63690,
#63700,#63710,#63720),.UNSPECIFIED.,.F.,.F.,(7,7),(0.,1.),.UNSPECIFIED.)
;
#63740=CARTESIAN_POINT('',(16.2776249102049,-0.577624641180122,
1.62607343087511));
#63750=VERTEX_POINT('',#63740);
#63760=CARTESIAN_POINT('',(16.4500002690248,-0.537867973529644,
1.58786797352964));
#63770=VERTEX_POINT('',#63760);
#63780=EDGE_CURVE('',#63750,#63770,#63730,.T.);
#63790=ORIENTED_EDGE('',*,*,#63780,.T.);
#63800=CARTESIAN_POINT('',(16.2776249102049,-0.577624641180122,
1.62607343087511));
#63810=CARTESIAN_POINT('',(16.264349792707,-0.60375414826342,
1.61330905439237));
#63820=CARTESIAN_POINT('',(16.2530772781264,-0.632891830323307,
1.60245416796753));
#63830=CARTESIAN_POINT('',(16.2448516358065,-0.660290153199527,
1.59443948504227));
#63840=CARTESIAN_POINT('',(16.2399817755377,-0.685563341056914,
1.5896039978482));
#63850=CARTESIAN_POINT('',(16.2380412475584,-0.712687376385398,
1.58769497740685));
#63860=CARTESIAN_POINT('',(16.2378682425544,-0.749999999999998,
1.58786797352964));
#63870=B_SPLINE_CURVE_WITH_KNOTS('',6,(#63800,#63810,#63820,#63830,
#63840,#63850,#63860),.UNSPECIFIED.,.F.,.F.,(7,7),(0.,1.),.UNSPECIFIED.)
;
#63880=CARTESIAN_POINT('',(16.2378682425544,-0.749999999999998,
1.58786797352964));
#63890=VERTEX_POINT('',#63880);
#63900=EDGE_CURVE('',#63750,#63890,#63870,.T.);
#63910=ORIENTED_EDGE('',*,*,#63900,.F.);
#63920=CARTESIAN_POINT('',(16.4500002690248,-0.75,1.5));
#63930=CARTESIAN_POINT('',(16.410730360855,-0.75,1.5));
#63940=CARTESIAN_POINT('',(16.3321912618501,-0.749999999999935,
1.5123368303808));
#63950=CARTESIAN_POINT('',(16.2584916856866,-0.750000000000173,
1.54934917785037));
#63960=CARTESIAN_POINT('',(16.1993494468706,-0.749999999999805,
1.60849141665764));
#63970=CARTESIAN_POINT('',(16.1623370994078,-0.750000000000094,
1.68219099282686));
#63980=CARTESIAN_POINT('',(16.1500002690248,-0.75,1.76073009183013));
#63990=CARTESIAN_POINT('',(16.1500002690248,-0.75,1.8));
#64000=B_SPLINE_CURVE_WITH_KNOTS('',6,(#63920,#63930,#63940,#63950,
#63960,#63970,#63980,#63990),.UNSPECIFIED.,.F.,.F.,(7,1,7),(0.,0.5,1.),
.UNSPECIFIED.);
#64010=EDGE_CURVE('',#10710,#63890,#64000,.T.);
#64020=ORIENTED_EDGE('',*,*,#64010,.T.);
#64030=CARTESIAN_POINT('',(16.4500002690248,-0.45,1.8));
#64040=CARTESIAN_POINT('',(16.4500002690248,-0.45,1.76073009183013));
#64050=CARTESIAN_POINT('',(16.4500002690232,-0.462336830380874,
1.68219099282649));
#64060=CARTESIAN_POINT('',(16.450000269029,-0.499349177850152,
1.60849141665849));
#64070=CARTESIAN_POINT('',(16.45000026902,-0.558491416657894,
1.54934917784952));
#64080=CARTESIAN_POINT('',(16.4500002690271,-0.632190992826731,
1.51233683038116));
#64090=CARTESIAN_POINT('',(16.4500002690248,-0.710730091830127,1.5));
#64100=CARTESIAN_POINT('',(16.4500002690248,-0.75,1.5));
#64110=B_SPLINE_CURVE_WITH_KNOTS('',6,(#64030,#64040,#64050,#64060,
#64070,#64080,#64090,#64100),.UNSPECIFIED.,.F.,.F.,(7,1,7),(0.,0.5,1.),
.UNSPECIFIED.);
#64120=EDGE_CURVE('',#63770,#10710,#64110,.T.);
#64130=ORIENTED_EDGE('',*,*,#64120,.T.);
#64140=EDGE_LOOP('',(#64130,#64020,#63910,#63790));
#64150=FACE_OUTER_BOUND('',#64140,.T.);
#64160=ADVANCED_FACE('',(#64150),#63650,.T.);
#64170=CARTESIAN_POINT('',(0.,-0.95,10.3));
#64180=DIRECTION('',(-1.,0.,0.));
#64190=DIRECTION('',(0.,1.,0.));
#64200=AXIS2_PLACEMENT_3D('',#64170,#64180,#64190);
#64210=CYLINDRICAL_SURFACE('',#64200,0.5);
#64220=ORIENTED_EDGE('',*,*,#7530,.F.);
#64230=CARTESIAN_POINT('',(3.3,-0.95,10.3));
#64240=DIRECTION('',(-1.,0.,0.));
#64250=DIRECTION('',(0.,1.,0.));
#64260=AXIS2_PLACEMENT_3D('',#64230,#64240,#64250);
#64270=CIRCLE('',#64260,0.5);
#64280=EDGE_CURVE('',#7440,#19290,#64270,.T.);
#64290=ORIENTED_EDGE('',*,*,#64280,.F.);
#64300=ORIENTED_EDGE('',*,*,#19300,.T.);
#64310=CARTESIAN_POINT('',(6.45000026902482,-0.95,10.8));
#64320=CARTESIAN_POINT('',(6.45825927310164,-0.929443678689655,10.8));
#64330=CARTESIAN_POINT('',(6.46644867530244,-0.908878984305936,
10.7987314196658));
#64340=CARTESIAN_POINT('',(6.48284084085894,-0.867898570414702,
10.7936476620818));
#64350=CARTESIAN_POINT('',(6.49099800178668,-0.847505668095327,
10.7898226756347));
#64360=CARTESIAN_POINT('',(6.50586243029431,-0.810344596826258,
10.7804215114132));
#64370=CARTESIAN_POINT('',(6.51259010126496,-0.793525419402387,
10.7752123146346));
#64380=CARTESIAN_POINT('',(6.52591725188575,-0.760207542850419,
10.7629237073926));
#64390=CARTESIAN_POINT('',(6.53250523016913,-0.743737597139258,
10.7558277004333));
#64400=CARTESIAN_POINT('',(6.54549461951562,-0.71126412377304,
10.7397037765842));
#64410=CARTESIAN_POINT('',(6.55188201615944,-0.695295632177527,
10.7306558270158));
#64420=CARTESIAN_POINT('',(6.56441070136835,-0.663973919155255,
10.7105401985434));
#64430=CARTESIAN_POINT('',(6.57053387602407,-0.648665982537922,
10.6994465431029));
#64440=CARTESIAN_POINT('',(6.5850597217513,-0.61235136821986,
10.6698264311611));
#64450=CARTESIAN_POINT('',(6.59315409976784,-0.592115423142459,
10.6503088805699));
#64460=CARTESIAN_POINT('',(6.60836950524602,-0.554076909446993,
10.6067875584365));
#64470=CARTESIAN_POINT('',(6.6153969645639,-0.53650826115231,
10.5827028937002));
#64480=CARTESIAN_POINT('',(6.62728499577748,-0.506788183118353,
10.5331103175615));
#64490=CARTESIAN_POINT('',(6.63223873451587,-0.494403836291715,
10.507907123324));
#64500=CARTESIAN_POINT('',(6.64059146913508,-0.473521999743674,
10.4543621979278));
#64510=CARTESIAN_POINT('',(6.64390057063647,-0.465249246011127,
10.4260498445332));
#64520=CARTESIAN_POINT('',(6.64738122147948,-0.456547618903595,
10.3820880848316));
#64530=CARTESIAN_POINT('',(6.6482943030499,-0.454264914937465,
10.3669435560764));
#64540=CARTESIAN_POINT('',(6.64905738904783,-0.452357199942639,
10.3485944983952));
#64550=CARTESIAN_POINT('',(6.6491750834137,-0.452062964027959,
10.3454805663225));
#64560=CARTESIAN_POINT('',(6.64976013148654,-0.45060034384597,
10.3282794816952));
#64570=CARTESIAN_POINT('',(6.65000028168648,-0.45,10.3141434450534));
#64580=CARTESIAN_POINT('',(6.65000026743321,-0.45,10.3));
#64590=B_SPLINE_CURVE_WITH_KNOTS('',3,(#64310,#64320,#64330,#64340,
#64350,#64360,#64370,#64380,#64390,#64400,#64410,#64420,#64430,#64440,
#64450,#64460,#64470,#64480,#64490,#64500,#64510,#64520,#64530,#64540,
#64550,#64560,#64570,#64580),.UNSPECIFIED.,.F.,.F.,(4,2,2,2,2,2,2,2,2,2,
2,2,2,4),(0.,0.0664420135978254,0.133250678970181,0.189747201535868,
0.247010242697987,0.305253781508009,0.364807941416066,0.452400141264011,
0.544071057879994,0.629428686131898,0.718252776913825,0.764240636601269,
0.773628810866935,0.81605601758627),.UNSPECIFIED.);
#64600=EDGE_CURVE('',#7520,#19270,#64590,.T.);
#64610=ORIENTED_EDGE('',*,*,#64600,.T.);
#64620=EDGE_LOOP('',(#64610,#64300,#64290,#64220));
#64630=FACE_OUTER_BOUND('',#64620,.T.);
#64640=ADVANCED_FACE('',(#64630),#64210,.T.);
#64650=CARTESIAN_POINT('',(15.62,-4.52,7.));
#64660=DIRECTION('',(-1.,-0.,0.));
#64670=DIRECTION('',(0.,-5.55111512312578E-17,-1.));
#64680=AXIS2_PLACEMENT_3D('',#64650,#64660,#64670);
#64690=PLANE('',#64680);
#64700=ORIENTED_EDGE('',*,*,#54560,.T.);
#64710=ORIENTED_EDGE('',*,*,#24000,.T.);
#64720=ORIENTED_EDGE('',*,*,#40560,.T.);
#64730=EDGE_CURVE('',#40490,#54550,#56420,.T.);
#64740=ORIENTED_EDGE('',*,*,#64730,.F.);
#64750=EDGE_LOOP('',(#64740,#64720,#64710,#64700));
#64760=FACE_OUTER_BOUND('',#64750,.T.);
#64770=ADVANCED_FACE('',(#64760),#64690,.F.);
#64780=CARTESIAN_POINT('',(0.,-0.95,10.3));
#64790=DIRECTION('',(1.,0.,0.));
#64800=DIRECTION('',(0.,-1.,0.));
#64810=AXIS2_PLACEMENT_3D('',#64780,#64790,#64800);
#64820=CYLINDRICAL_SURFACE('',#64810,0.5);
#64830=ORIENTED_EDGE('',*,*,#8350,.T.);
#64840=CARTESIAN_POINT('',(16.4500002706164,-0.45,10.3));
#64850=CARTESIAN_POINT('',(16.4500002563631,-0.45,10.3141434450534));
#64860=CARTESIAN_POINT('',(16.4502404065631,-0.45060034384597,
10.3282794816952));
#64870=CARTESIAN_POINT('',(16.4508254546359,-0.452062964027945,
10.3454805663223));
#64880=CARTESIAN_POINT('',(16.4509431490018,-0.452357199942608,
10.3485944983948));
#64890=CARTESIAN_POINT('',(16.4517062349997,-0.454264914937417,
10.3669435560761));
#64900=CARTESIAN_POINT('',(16.4526193165701,-0.456547618903565,
10.3820880848314));
#64910=CARTESIAN_POINT('',(16.4560999674132,-0.465249246011106,
10.4260498445331));
#64920=CARTESIAN_POINT('',(16.4594090689145,-0.473521999743612,
10.4543621979276));
#64930=CARTESIAN_POINT('',(16.4677618035337,-0.494403836291537,
10.5079071233236));
#64940=CARTESIAN_POINT('',(16.4727155422721,-0.506788183118104,
10.533110317561));
#64950=CARTESIAN_POINT('',(16.4846035734856,-0.536508261151945,
10.5827028936997));
#64960=CARTESIAN_POINT('',(16.4916310328035,-0.554076909446599,
10.6067875584359));
#64970=CARTESIAN_POINT('',(16.5068464382816,-0.592115423142009,
10.6503088805694));
#64980=CARTESIAN_POINT('',(16.5149408162982,-0.612351368219383,
10.6698264311607));
#64990=CARTESIAN_POINT('',(16.5294666620254,-0.648665982537389,
10.6994465431024));
#65000=CARTESIAN_POINT('',(16.5355898366811,-0.663973919154689,
10.710540198543));
#65010=CARTESIAN_POINT('',(16.54811852189,-0.695295632176899,
10.7306558270154));
#65020=CARTESIAN_POINT('',(16.5545059185338,-0.711264123772376,
10.7397037765839));
#65030=CARTESIAN_POINT('',(16.5674953078802,-0.743737597138538,
10.755827700433));
#65040=CARTESIAN_POINT('',(16.5740832861636,-0.760207542849684,
10.7629237073923));
#65050=CARTESIAN_POINT('',(16.5874104367844,-0.793525419401595,
10.7752123146344));
#65060=CARTESIAN_POINT('',(16.594138107755,-0.810344596825435,
10.780421511413));
#65070=CARTESIAN_POINT('',(16.6090025362627,-0.847505668094611,
10.7898226756345));
#65080=CARTESIAN_POINT('',(16.6171596971905,-0.86789857041412,
10.7936476620817));
#65090=CARTESIAN_POINT('',(16.6335518627471,-0.908878984305637,
10.7987314196658));
#65100=CARTESIAN_POINT('',(16.6417412649479,-0.929443678689512,10.8));
#65110=CARTESIAN_POINT('',(16.6500002690248,-0.95,10.8));
#65120=B_SPLINE_CURVE_WITH_KNOTS('',3,(#64840,#64850,#64860,#64870,
#64880,#64890,#64900,#64910,#64920,#64930,#64940,#64950,#64960,#64970,
#64980,#64990,#65000,#65010,#65020,#65030,#65040,#65050,#65060,#65070,
#65080,#65090,#65100,#65110),.UNSPECIFIED.,.F.,.F.,(4,2,2,2,2,2,2,2,2,2,
2,2,2,4),(0.,0.0424272067193385,0.0518153809845233,0.097803240672458,
0.186627331454044,0.271984959705645,0.363655876321635,0.451248076169576,
0.510802236077576,0.569045774887545,0.626308816049582,0.682805338615186,
0.749614003988027,0.816056017586298),.UNSPECIFIED.);
#65130=EDGE_CURVE('',#12050,#8260,#65120,.T.);
#65140=ORIENTED_EDGE('',*,*,#65130,.T.);
#65150=ORIENTED_EDGE('',*,*,#12060,.F.);
#65160=CARTESIAN_POINT('',(19.7999995380496,-0.95,10.3));
#65170=DIRECTION('',(1.,0.,0.));
#65180=DIRECTION('',(0.,-1.,0.));
#65190=AXIS2_PLACEMENT_3D('',#65160,#65170,#65180);
#65200=CIRCLE('',#65190,0.5);
#65210=EDGE_CURVE('',#11970,#8340,#65200,.T.);
#65220=ORIENTED_EDGE('',*,*,#65210,.F.);
#65230=EDGE_LOOP('',(#65220,#65150,#65140,#64830));
#65240=FACE_OUTER_BOUND('',#65230,.T.);
#65250=ADVANCED_FACE('',(#65240),#64820,.T.);
#65260=CARTESIAN_POINT('',(19.7999995380496,0.,10.3));
#65270=DIRECTION('',(0.,1.,0.));
#65280=DIRECTION('',(1.,0.,0.));
#65290=AXIS2_PLACEMENT_3D('',#65260,#65270,#65280);
#65300=CYLINDRICAL_SURFACE('',#65290,0.5);
#65310=ORIENTED_EDGE('',*,*,#8430,.F.);
#65320=CARTESIAN_POINT('',(19.7999995380496,-0.95,10.3));
#65330=DIRECTION('',(0.,1.,0.));
#65340=DIRECTION('',(1.,0.,0.));
#65350=AXIS2_PLACEMENT_3D('',#65320,#65330,#65340);
#65360=CIRCLE('',#65350,0.5);
#65370=CARTESIAN_POINT('',(20.2999995380496,-0.95,10.3));
#65380=VERTEX_POINT('',#65370);
#65390=EDGE_CURVE('',#8340,#65380,#65360,.T.);
#65400=ORIENTED_EDGE('',*,*,#65390,.F.);
#65410=CARTESIAN_POINT('',(20.2999995380496,0.,10.3));
#65420=DIRECTION('',(0.,1.,0.));
#65430=VECTOR('',#65420,1.);
#65440=LINE('',#65410,#65430);
#65450=CARTESIAN_POINT('',(20.2999995380496,-7.6,10.3));
#65460=VERTEX_POINT('',#65450);
#65470=EDGE_CURVE('',#65460,#65380,#65440,.T.);
#65480=ORIENTED_EDGE('',*,*,#65470,.T.);
#65490=CARTESIAN_POINT('',(19.7999995380496,-7.4,10.8));
#65500=CARTESIAN_POINT('',(19.8205558593609,-7.40825900407717,10.8));
#65510=CARTESIAN_POINT('',(19.8411205537454,-7.4164484062783,
10.7987314196657));
#65520=CARTESIAN_POINT('',(19.8821009676384,-7.43284057183549,
10.7936476620813));
#65530=CARTESIAN_POINT('',(19.9024938699586,-7.44099773276358,
10.7898226756338));
#65540=CARTESIAN_POINT('',(19.9396549412283,-7.45586216127147,
10.7804215114118));
#65550=CARTESIAN_POINT('',(19.9564741186521,-7.46258983224206,
10.7752123146331));
#65560=CARTESIAN_POINT('',(19.9897919952037,-7.47591698286271,
10.7629237073908));
#65570=CARTESIAN_POINT('',(20.0062619409147,-7.48250496114602,
10.7558277004313));
#65580=CARTESIAN_POINT('',(20.0387354142806,-7.49549435049237,
10.7397037765821));
#65590=CARTESIAN_POINT('',(20.0547039058759,-7.50188174713613,
10.7306558270135));
#65600=CARTESIAN_POINT('',(20.0860256188978,-7.5144104323449,
10.710540198541));
#65610=CARTESIAN_POINT('',(20.101333555515,-7.52053360700055,
10.6994465431004));
#65620=CARTESIAN_POINT('',(20.1376481698327,-7.53505945272764,
10.6698264311584));
#65630=CARTESIAN_POINT('',(20.1578841149099,-7.54315383074411,
10.6503088805671));
#65640=CARTESIAN_POINT('',(20.195922628605,-7.55836923622215,
10.6067875584334));
#65650=CARTESIAN_POINT('',(20.2134912768995,-7.56539669553995,
10.582702893697));
#65660=CARTESIAN_POINT('',(20.2432113549328,-7.57728472675325,
10.5331103175586));
#65670=CARTESIAN_POINT('',(20.255595701759,-7.58223846549147,
10.5079071233216));
#65680=CARTESIAN_POINT('',(20.2764775383063,-7.59059120011041,
10.4543621979265));
#65690=CARTESIAN_POINT('',(20.2847502920386,-7.5939003016117,
10.4260498445325));
#65700=CARTESIAN_POINT('',(20.2934519191461,-7.5973809524547,
10.3820880848311));
#65710=CARTESIAN_POINT('',(20.2957346231123,-7.59829403402513,
10.3669435560754));
#65720=CARTESIAN_POINT('',(20.2976423381071,-7.59905712002304,
10.3485944983941));
#65730=CARTESIAN_POINT('',(20.2979365740217,-7.5991748143889,
10.345480566322));
#65740=CARTESIAN_POINT('',(20.2993991942037,-7.59975986246172,
10.3282794816952));
#65750=CARTESIAN_POINT('',(20.2999995380496,-7.60000001266166,
10.3141434450534));
#65760=CARTESIAN_POINT('',(20.2999995380496,-7.59999999840838,10.3));
#65770=B_SPLINE_CURVE_WITH_KNOTS('',3,(#65490,#65500,#65510,#65520,
#65530,#65540,#65550,#65560,#65570,#65580,#65590,#65600,#65610,#65620,
#65630,#65640,#65650,#65660,#65670,#65680,#65690,#65700,#65710,#65720,
#65730,#65740,#65750,#65760),.UNSPECIFIED.,.F.,.F.,(4,2,2,2,2,2,2,2,2,2,
2,2,2,4),(0.,0.0664420136006185,0.13325067897584,0.189747201541122,
0.247010242702849,0.305253781512476,0.364807941420132,0.452400141267899,
0.544071057883719,0.629428686133675,0.718252776913492,0.764240636602447,
0.773628810866574,0.81605601758588),.UNSPECIFIED.);
#65780=EDGE_CURVE('',#8420,#65460,#65770,.T.);
#65790=ORIENTED_EDGE('',*,*,#65780,.T.);
#65800=EDGE_LOOP('',(#65790,#65480,#65400,#65310));
#65810=FACE_OUTER_BOUND('',#65800,.T.);
#65820=ADVANCED_FACE('',(#65810),#65300,.T.);
#65830=CARTESIAN_POINT('',(10.6,-5.9,0.));
#65840=DIRECTION('',(0.,1.,-0.));
#65850=DIRECTION('',(-1.,0.,0.));
#65860=AXIS2_PLACEMENT_3D('',#65830,#65840,#65850);
#65870=PLANE('',#65860);
#65880=CARTESIAN_POINT('',(0.,-5.9,-12.35));
#65890=DIRECTION('',(-0.707106781186548,0.,-0.707106781186547));
#65900=VECTOR('',#65890,1.);
#65910=LINE('',#65880,#65900);
#65920=CARTESIAN_POINT('',(12.5,-5.9,0.15));
#65930=VERTEX_POINT('',#65920);
#65940=EDGE_CURVE('',#65930,#53140,#65910,.T.);
#65950=ORIENTED_EDGE('',*,*,#65940,.T.);
#65960=CARTESIAN_POINT('',(12.5,-5.9,0.));
#65970=DIRECTION('',(0.,0.,-1.));
#65980=VECTOR('',#65970,1.);
#65990=LINE('',#65960,#65980);
#66000=CARTESIAN_POINT('',(12.5,-5.9,0.673368257713249));
#66010=VERTEX_POINT('',#66000);
#66020=EDGE_CURVE('',#66010,#65930,#65990,.T.);
#66030=ORIENTED_EDGE('',*,*,#66020,.T.);
#66040=CARTESIAN_POINT('',(0.,-5.9,0.673368257713248));
#66050=DIRECTION('',(-1.,0.,0.));
#66060=VECTOR('',#66050,1.);
#66070=LINE('',#66040,#66060);
#66080=CARTESIAN_POINT('',(10.6,-5.9,0.673368257713248));
#66090=VERTEX_POINT('',#66080);
#66100=EDGE_CURVE('',#66010,#66090,#66070,.T.);
#66110=ORIENTED_EDGE('',*,*,#66100,.F.);
#66120=CARTESIAN_POINT('',(10.6,-5.9,0.));
#66130=DIRECTION('',(0.,0.,-1.));
#66140=VECTOR('',#66130,1.);
#66150=LINE('',#66120,#66140);
#66160=CARTESIAN_POINT('',(10.6,-5.9,0.150000000000001));
#66170=VERTEX_POINT('',#66160);
#66180=EDGE_CURVE('',#66090,#66170,#66150,.T.);
#66190=ORIENTED_EDGE('',*,*,#66180,.F.);
#66200=CARTESIAN_POINT('',(10.75,-5.9,0.));
#66210=DIRECTION('',(-0.707106781186547,0.,0.707106781186548));
#66220=VECTOR('',#66210,1.);
#66230=LINE('',#66200,#66220);
#66240=EDGE_CURVE('',#53220,#66170,#66230,.T.);
#66250=ORIENTED_EDGE('',*,*,#66240,.T.);
#66260=ORIENTED_EDGE('',*,*,#53230,.T.);
#66270=EDGE_LOOP('',(#66260,#66250,#66190,#66110,#66030,#65950));
#66280=FACE_OUTER_BOUND('',#66270,.T.);
#66290=ADVANCED_FACE('',(#66280),#65870,.T.);
#66300=CARTESIAN_POINT('',(15.,-5.9,0.));
#66310=DIRECTION('',(1.,0.,0.));
#66320=DIRECTION('',(0.,1.,0.));
#66330=AXIS2_PLACEMENT_3D('',#66300,#66310,#66320);
#66340=PLANE('',#66330);
#66350=CARTESIAN_POINT('',(15.,-5.9,0.));
#66360=DIRECTION('',(0.,0.,1.));
#66370=VECTOR('',#66360,1.);
#66380=LINE('',#66350,#66370);
#66390=CARTESIAN_POINT('',(15.,-5.9,0.150000000000002));
#66400=VERTEX_POINT('',#66390);
#66410=CARTESIAN_POINT('',(15.,-5.9,0.673368257713248));
#66420=VERTEX_POINT('',#66410);
#66430=EDGE_CURVE('',#66400,#66420,#66380,.T.);
#66440=ORIENTED_EDGE('',*,*,#66430,.T.);
#66450=CARTESIAN_POINT('',(15.,-6.65,0.15));
#66460=DIRECTION('',(0.,-1.,0.));
#66470=VECTOR('',#66460,1.);
#66480=LINE('',#66450,#66470);
#66490=CARTESIAN_POINT('',(15.,-7.4,0.149999999999997));
#66500=VERTEX_POINT('',#66490);
#66510=EDGE_CURVE('',#66400,#66500,#66480,.T.);
#66520=ORIENTED_EDGE('',*,*,#66510,.F.);
#66530=CARTESIAN_POINT('',(15.,-7.4,0.));
#66540=DIRECTION('',(0.,0.,-1.));
#66550=VECTOR('',#66540,1.);
#66560=LINE('',#66530,#66550);
#66570=CARTESIAN_POINT('',(15.,-7.4,1.));
#66580=VERTEX_POINT('',#66570);
#66590=EDGE_CURVE('',#66580,#66500,#66560,.T.);
#66600=ORIENTED_EDGE('',*,*,#66590,.T.);
#66610=CARTESIAN_POINT('',(15.,0.,-0.611383261947974));
#66620=DIRECTION('',(0.,0.977102639903886,-0.212768491776527));
#66630=VECTOR('',#66620,1.);
#66640=LINE('',#66610,#66630);
#66650=EDGE_CURVE('',#66580,#66420,#66640,.T.);
#66660=ORIENTED_EDGE('',*,*,#66650,.F.);
#66670=EDGE_LOOP('',(#66660,#66600,#66520,#66440));
#66680=FACE_OUTER_BOUND('',#66670,.T.);
#66690=ADVANCED_FACE('',(#66680),#66340,.T.);
#66700=CARTESIAN_POINT('',(14.925,-6.65,0.075));
#66710=DIRECTION('',(0.707106781186547,0.,-0.707106781186548));
#66720=DIRECTION('',(0.707106781186548,0.,0.707106781186547));
#66730=AXIS2_PLACEMENT_3D('',#66700,#66710,#66720);
#66740=PLANE('',#66730);
#66750=ORIENTED_EDGE('',*,*,#66510,.T.);
#66760=CARTESIAN_POINT('',(1.25,-5.9,-13.6));
#66770=DIRECTION('',(0.707106781186548,0.,0.707106781186547));
#66780=VECTOR('',#66770,1.);
#66790=LINE('',#66760,#66780);
#66800=EDGE_CURVE('',#61900,#66400,#66790,.T.);
#66810=ORIENTED_EDGE('',*,*,#66800,.T.);
#66820=ORIENTED_EDGE('',*,*,#61910,.T.);
#66830=CARTESIAN_POINT('',(0.,-7.4,-14.85));
#66840=DIRECTION('',(-0.707106781186548,0.,-0.707106781186547));
#66850=VECTOR('',#66840,1.);
#66860=LINE('',#66830,#66850);
#66870=EDGE_CURVE('',#66500,#61820,#66860,.T.);
#66880=ORIENTED_EDGE('',*,*,#66870,.T.);
#66890=EDGE_LOOP('',(#66880,#66820,#66810,#66750));
#66900=FACE_OUTER_BOUND('',#66890,.T.);
#66910=ADVANCED_FACE('',(#66900),#66740,.T.);
#66920=CARTESIAN_POINT('',(13.12,0.,2.5));
#66930=DIRECTION('',(0.,1.,0.));
#66940=VECTOR('',#66930,1.);
#66950=LINE('',#66920,#66940);
#66960=CARTESIAN_POINT('',(13.12,-3.88,2.5));
#66970=VERTEX_POINT('',#66960);
#66980=EDGE_CURVE('',#22870,#66970,#66950,.T.);
#66990=ORIENTED_EDGE('',*,*,#66980,.T.);
#67000=ORIENTED_EDGE('',*,*,#23120,.T.);
#67010=CARTESIAN_POINT('',(13.12,-4.2,6.65));
#67020=DIRECTION('',(0.,1.,-5.55111512312578E-17));
#67030=VECTOR('',#67020,1.);
#67040=LINE('',#67010,#67030);
#67050=CARTESIAN_POINT('',(13.12,-3.88,6.65));
#67060=VERTEX_POINT('',#67050);
#67070=EDGE_CURVE('',#23050,#67060,#67040,.T.);
#67080=ORIENTED_EDGE('',*,*,#67070,.F.);
#67090=EDGE_CURVE('',#67060,#66970,#47210,.T.);
#67100=ORIENTED_EDGE('',*,*,#67090,.F.);
#67110=EDGE_LOOP('',(#67100,#67080,#67000,#66990));
#67120=FACE_OUTER_BOUND('',#67110,.T.);
#67130=ADVANCED_FACE('',(#67120),#47070,.F.);
#67140=CARTESIAN_POINT('',(13.1,-5.9,0.));
#67150=DIRECTION('',(0.,1.,-0.));
#67160=DIRECTION('',(-1.,0.,0.));
#67170=AXIS2_PLACEMENT_3D('',#67140,#67150,#67160);
#67180=PLANE('',#67170);
#67190=ORIENTED_EDGE('',*,*,#66800,.F.);
#67200=ORIENTED_EDGE('',*,*,#66430,.F.);
#67210=CARTESIAN_POINT('',(0.,-5.9,0.673368257713248));
#67220=DIRECTION('',(-1.,0.,0.));
#67230=VECTOR('',#67220,1.);
#67240=LINE('',#67210,#67230);
#67250=CARTESIAN_POINT('',(13.1,-5.9,0.673368257713249));
#67260=VERTEX_POINT('',#67250);
#67270=EDGE_CURVE('',#66420,#67260,#67240,.T.);
#67280=ORIENTED_EDGE('',*,*,#67270,.F.);
#67290=CARTESIAN_POINT('',(13.1,-5.9,0.));
#67300=DIRECTION('',(0.,0.,-1.));
#67310=VECTOR('',#67300,1.);
#67320=LINE('',#67290,#67310);
#67330=CARTESIAN_POINT('',(13.1,-5.9,0.150000000000002));
#67340=VERTEX_POINT('',#67330);
#67350=EDGE_CURVE('',#67260,#67340,#67320,.T.);
#67360=ORIENTED_EDGE('',*,*,#67350,.F.);
#67370=CARTESIAN_POINT('',(0.,-5.9,13.25));
#67380=DIRECTION('',(-0.707106781186548,0.,0.707106781186547));
#67390=VECTOR('',#67380,1.);
#67400=LINE('',#67370,#67390);
#67410=EDGE_CURVE('',#61980,#67340,#67400,.T.);
#67420=ORIENTED_EDGE('',*,*,#67410,.T.);
#67430=ORIENTED_EDGE('',*,*,#61990,.T.);
#67440=EDGE_LOOP('',(#67430,#67420,#67360,#67280,#67200,#67190));
#67450=FACE_OUTER_BOUND('',#67440,.T.);
#67460=ADVANCED_FACE('',(#67450),#67180,.T.);
#67470=CARTESIAN_POINT('',(15.6,-5.9,0.));
#67480=DIRECTION('',(1.,0.,0.));
#67490=DIRECTION('',(0.,1.,0.));
#67500=AXIS2_PLACEMENT_3D('',#67470,#67480,#67490);
#67510=PLANE('',#67500);
#67520=ORIENTED_EDGE('',*,*,#62310,.F.);
#67530=CARTESIAN_POINT('',(15.6,0.,-0.611383261947974));
#67540=DIRECTION('',(0.,0.977102639903886,-0.212768491776527));
#67550=VECTOR('',#67540,1.);
#67560=LINE('',#67530,#67550);
#67570=CARTESIAN_POINT('',(15.6,-7.4,1.));
#67580=VERTEX_POINT('',#67570);
#67590=EDGE_CURVE('',#67580,#62200,#67560,.T.);
#67600=ORIENTED_EDGE('',*,*,#67590,.T.);
#67610=CARTESIAN_POINT('',(15.6,-7.4,0.));
#67620=DIRECTION('',(0.,0.,-1.));
#67630=VECTOR('',#67620,1.);
#67640=LINE('',#67610,#67630);
#67650=CARTESIAN_POINT('',(15.6,-7.4,0.150000000000002));
#67660=VERTEX_POINT('',#67650);
#67670=EDGE_CURVE('',#67580,#67660,#67640,.T.);
#67680=ORIENTED_EDGE('',*,*,#67670,.F.);
#67690=CARTESIAN_POINT('',(15.6,-6.65,0.15));
#67700=DIRECTION('',(0.,1.,0.));
#67710=VECTOR('',#67700,1.);
#67720=LINE('',#67690,#67710);
#67730=EDGE_CURVE('',#67660,#62300,#67720,.T.);
#67740=ORIENTED_EDGE('',*,*,#67730,.F.);
#67750=EDGE_LOOP('',(#67740,#67680,#67600,#67520));
#67760=FACE_OUTER_BOUND('',#67750,.T.);
#67770=ADVANCED_FACE('',(#67760),#67510,.F.);
#67780=CARTESIAN_POINT('',(15.675,-6.65,0.075));
#67790=DIRECTION('',(-0.707106781186547,0.,-0.707106781186548));
#67800=DIRECTION('',(-0.707106781186548,0.,0.707106781186547));
#67810=AXIS2_PLACEMENT_3D('',#67780,#67790,#67800);
#67820=PLANE('',#67810);
#67830=ORIENTED_EDGE('',*,*,#62390,.F.);
#67840=ORIENTED_EDGE('',*,*,#67730,.T.);
#67850=CARTESIAN_POINT('',(0.,-7.4,15.75));
#67860=DIRECTION('',(-0.707106781186548,0.,0.707106781186547));
#67870=VECTOR('',#67860,1.);
#67880=LINE('',#67850,#67870);
#67890=CARTESIAN_POINT('',(15.75,-7.4,0.));
#67900=VERTEX_POINT('',#67890);
#67910=EDGE_CURVE('',#67900,#67660,#67880,.T.);
#67920=ORIENTED_EDGE('',*,*,#67910,.T.);
#67930=CARTESIAN_POINT('',(15.75,0.,0.));
#67940=DIRECTION('',(0.,-1.,0.));
#67950=VECTOR('',#67940,1.);
#67960=LINE('',#67930,#67950);
#67970=EDGE_CURVE('',#62380,#67900,#67960,.T.);
#67980=ORIENTED_EDGE('',*,*,#67970,.T.);
#67990=EDGE_LOOP('',(#67980,#67920,#67840,#67830));
#68000=FACE_OUTER_BOUND('',#67990,.T.);
#68010=ADVANCED_FACE('',(#68000),#67820,.T.);
#68020=CARTESIAN_POINT('',(15.6330128364046,-2.,10.3));
#68030=DIRECTION('',(-1.,0.,0.));
#68040=DIRECTION('',(0.,1.,0.));
#68050=AXIS2_PLACEMENT_3D('',#68020,#68030,#68040);
#68060=CYLINDRICAL_SURFACE('',#68050,0.5);
#68070=CARTESIAN_POINT('',(14.75,-2.,10.3));
#68080=DIRECTION('',(-1.,0.,0.));
#68090=DIRECTION('',(0.,1.,0.));
#68100=AXIS2_PLACEMENT_3D('',#68070,#68080,#68090);
#68110=CIRCLE('',#68100,0.5);
#68120=EDGE_CURVE('',#8100,#30270,#68110,.T.);
#68130=ORIENTED_EDGE('',*,*,#68120,.F.);
#68140=ORIENTED_EDGE('',*,*,#30280,.T.);
#68150=CARTESIAN_POINT('',(16.6500002690248,-2.,10.3));
#68160=DIRECTION('',(-0.707106781186548,-0.707106781186548,0.));
#68170=DIRECTION('',(-0.707106781186548,0.707106781186548,0.));
#68180=AXIS2_PLACEMENT_3D('',#68150,#68160,#68170);
#68190=ELLIPSE('',#68180,0.707106781186548,0.5);
#68200=EDGE_CURVE('',#8180,#30190,#68190,.T.);
#68210=ORIENTED_EDGE('',*,*,#68200,.T.);
#68220=ORIENTED_EDGE('',*,*,#8190,.F.);
#68230=EDGE_LOOP('',(#68220,#68210,#68140,#68130));
#68240=FACE_OUTER_BOUND('',#68230,.T.);
#68250=ADVANCED_FACE('',(#68240),#68060,.T.);
#68260=CARTESIAN_POINT('',(8.1,-5.9,0.));
#68270=DIRECTION('',(0.,1.,-0.));
#68280=DIRECTION('',(-1.,0.,0.));
#68290=AXIS2_PLACEMENT_3D('',#68260,#68270,#68280);
#68300=PLANE('',#68290);
#68310=ORIENTED_EDGE('',*,*,#31080,.F.);
#68320=CARTESIAN_POINT('',(10.,-5.9,0.));
#68330=DIRECTION('',(0.,0.,-1.));
#68340=VECTOR('',#68330,1.);
#68350=LINE('',#68320,#68340);
#68360=CARTESIAN_POINT('',(10.,-5.9,0.673368257713248));
#68370=VERTEX_POINT('',#68360);
#68380=EDGE_CURVE('',#68370,#30990,#68350,.T.);
#68390=ORIENTED_EDGE('',*,*,#68380,.T.);
#68400=CARTESIAN_POINT('',(0.,-5.9,0.673368257713248));
#68410=DIRECTION('',(-1.,0.,0.));
#68420=VECTOR('',#68410,1.);
#68430=LINE('',#68400,#68420);
#68440=EDGE_CURVE('',#68370,#14960,#68430,.T.);
#68450=ORIENTED_EDGE('',*,*,#68440,.F.);
#68460=ORIENTED_EDGE('',*,*,#14970,.F.);
#68470=CARTESIAN_POINT('',(8.25,-5.9,0.));
#68480=DIRECTION('',(-0.707106781186547,0.,0.707106781186548));
#68490=VECTOR('',#68480,1.);
#68500=LINE('',#68470,#68490);
#68510=EDGE_CURVE('',#50260,#14880,#68500,.T.);
#68520=ORIENTED_EDGE('',*,*,#68510,.T.);
#68530=ORIENTED_EDGE('',*,*,#50270,.T.);
#68540=EDGE_LOOP('',(#68530,#68520,#68460,#68450,#68390,#68310));
#68550=FACE_OUTER_BOUND('',#68540,.T.);
#68560=ADVANCED_FACE('',(#68550),#68300,.T.);
#68570=CARTESIAN_POINT('',(16.2776249102049,-0.577624641180122,
1.62607343087511));
#68580=CARTESIAN_POINT('',(16.2647705206196,-0.564770251594792,
1.65160218384058));
#68590=CARTESIAN_POINT('',(16.2537017050508,-0.553701436026034,
1.68024449800604));
#68600=CARTESIAN_POINT('',(16.2453577105182,-0.545357441493316,
1.7073584952766));
#68610=CARTESIAN_POINT('',(16.2401311888671,-0.540130919842161,
1.7327615105727));
#68620=CARTESIAN_POINT('',(16.2378681967691,-0.537867927744149,
1.76073009183013));
#68630=CARTESIAN_POINT('',(16.2378681957218,-0.537867926696913,1.8));
#68640=CARTESIAN_POINT('',(16.2828508116216,-0.574969617680529,
1.62352055557856));
#68650=CARTESIAN_POINT('',(16.2697638265299,-0.562050227932088,
1.6487898451107));
#68660=CARTESIAN_POINT('',(16.2584069533449,-0.549969156319379,
1.67809461723479));
#68670=CARTESIAN_POINT('',(16.2500017025,-0.540374744180114,
1.70663665823475));
#68680=CARTESIAN_POINT('',(16.2453606115271,-0.534506359950305,
1.73180507467855));
#68690=CARTESIAN_POINT('',(16.2437144852025,-0.532021639310676,
1.76073009183013));
#68700=CARTESIAN_POINT('',(16.2437260163899,-0.532010106028847,1.8));
#68710=CARTESIAN_POINT('',(16.2988894968687,-0.567244859531831,
1.61609106849586));
#68720=CARTESIAN_POINT('',(16.2855444492968,-0.553801270645637,
1.64076055010825));
#68730=CARTESIAN_POINT('',(16.2736422138201,-0.538865287095158,
1.67183407321967));
#68740=CARTESIAN_POINT('',(16.2651442291451,-0.525873346042458,
1.7042030216005));
#68750=CARTESIAN_POINT('',(16.2619628874864,-0.518207161000866,
1.72910787290204));
#68760=CARTESIAN_POINT('',(16.261833419883,-0.515062843390327,
1.76073009183013));
#68770=CARTESIAN_POINT('',(16.2618818415618,-0.515019007192376,1.8));
#68780=CARTESIAN_POINT('',(16.3268558398341,-0.555697136688931,
1.60496596967244));
#68790=CARTESIAN_POINT('',(16.3150685088211,-0.539903006486088,
1.62945488563298));
#68800=CARTESIAN_POINT('',(16.3038161886829,-0.521093753143045,
1.6624382113151));
#68810=CARTESIAN_POINT('',(16.2957402048125,-0.504114614327658,
1.69902023952289));
#68820=CARTESIAN_POINT('',(16.2937862242962,-0.494074557611287,
1.72545899034143));
#68830=CARTESIAN_POINT('',(16.2947540767194,-0.4898764449546,
1.76073009183012));
#68840=CARTESIAN_POINT('',(16.2948726687972,-0.489793022192994,
1.79999999999999));
#68850=CARTESIAN_POINT('',(16.3545557414468,-0.546899189091666,
1.59642392511505));
#68860=CARTESIAN_POINT('',(16.3465851639793,-0.527138643202275,
1.62172847734691));
#68870=CARTESIAN_POINT('',(16.3382812007972,-0.505807846787281,
1.65518060751321));
#68880=CARTESIAN_POINT('',(16.3320093186465,-0.487165175628991,
1.69299361842057));
#68890=CARTESIAN_POINT('',(16.3304729632095,-0.475703548930518,
1.72313628371337));
#68900=CARTESIAN_POINT('',(16.3312250429921,-0.470612549704122,
1.76073009183011));
#68910=CARTESIAN_POINT('',(16.3314116748612,-0.470524512325734,
1.79999999999998));
#68920=CARTESIAN_POINT('',(16.3807310742067,-0.541306998441267,
1.59092227129733));
#68930=CARTESIAN_POINT('',(16.3770796247684,-0.517373472120762,
1.61742368100011));
#68940=CARTESIAN_POINT('',(16.3729233192388,-0.494642576447334,
1.65045661546915));
#68950=CARTESIAN_POINT('',(16.3696389124009,-0.47583986508986,
1.68766902416849));
#68960=CARTESIAN_POINT('',(16.3688067981676,-0.463724658199316,
1.72192777932263));
#68970=CARTESIAN_POINT('',(16.3692087443585,-0.458008662785676,
1.76073009183018));
#68980=CARTESIAN_POINT('',(16.3694227620497,-0.457953583063726,
1.80000000000005));
#68990=CARTESIAN_POINT('',(16.4084854689388,-0.538641186886456,
1.58832662348281));
#69000=CARTESIAN_POINT('',(16.4078988595107,-0.511737425015608,
1.61579113113252));
#69010=CARTESIAN_POINT('',(16.4071333794635,-0.488413478369814,
1.64818821186992));
#69020=CARTESIAN_POINT('',(16.4065358245305,-0.470004591983771,
1.68429646203641));
#69030=CARTESIAN_POINT('',(16.4065060866077,-0.457683459558471,
1.7215031592317));
#69040=CARTESIAN_POINT('',(16.4067465874511,-0.451613519026628,
1.76073009183009));
#69050=CARTESIAN_POINT('',(16.4069109960075,-0.451598721895511,
1.79999999999996));
#69060=CARTESIAN_POINT('',(16.4350752195789,-0.537937175531222,
1.58779877508052));
#69070=CARTESIAN_POINT('',(16.4352383266254,-0.510148548471964,
1.61556928486194));
#69080=CARTESIAN_POINT('',(16.4354014336719,-0.486719277773664,
1.64771122245291));
#69090=CARTESIAN_POINT('',(16.4355547542953,-0.468513417536056,
1.683366531082));
#69100=CARTESIAN_POINT('',(16.4356885020722,-0.456168407495586,
1.72144755252554));
#69110=CARTESIAN_POINT('',(16.4357928905826,-0.45,1.76073009183013));
#69120=CARTESIAN_POINT('',(16.4358581334011,-0.45,1.8));
#69130=CARTESIAN_POINT('',(16.4500002690248,-0.537867973529644,
1.58786797352964));
#69140=CARTESIAN_POINT('',(16.450000269025,-0.51009994050517,
1.61563600655414));
#69150=CARTESIAN_POINT('',(16.4500002690252,-0.486693680168872,
1.64776581226682));
#69160=CARTESIAN_POINT('',(16.4500002690251,-0.468505709652975,
1.6834008735354));
#69170=CARTESIAN_POINT('',(16.450000269024,-0.456168415190437,
1.72146054232831));
#69180=CARTESIAN_POINT('',(16.4500002690248,-0.45,1.76073009183013));
#69190=CARTESIAN_POINT('',(16.4500002690248,-0.45,1.8));
#69200=B_SPLINE_SURFACE_WITH_KNOTS('',6,6,((#68570,#68640,#68710,#68780,
#68850,#68920,#68990,#69060,#69130),(#68580,#68650,#68720,#68790,#68860,
#68930,#69000,#69070,#69140),(#68590,#68660,#68730,#68800,#68870,#68940,
#69010,#69080,#69150),(#68600,#68670,#68740,#68810,#68880,#68950,#69020,
#69090,#69160),(#68610,#68680,#68750,#68820,#68890,#68960,#69030,#69100,
#69170),(#68620,#68690,#68760,#68830,#68900,#68970,#69040,#69110,#69180)
,(#68630,#68700,#68770,#68840,#68910,#68980,#69050,#69120,#69190)),
.UNSPECIFIED.,.F.,.F.,.F.,(7,7),(7,1,1,7),(0.,1.),(0.,0.2,0.6,1.),
.UNSPECIFIED.);
#69210=CARTESIAN_POINT('',(16.2776249102049,-0.577624641180122,
1.62607343087511));
#69220=CARTESIAN_POINT('',(16.2647705206196,-0.564770251594792,
1.65160218384058));
#69230=CARTESIAN_POINT('',(16.2537017050508,-0.553701436026034,
1.68024449800604));
#69240=CARTESIAN_POINT('',(16.2453577105182,-0.545357441493316,
1.7073584952766));
#69250=CARTESIAN_POINT('',(16.2401311888671,-0.540130919842161,
1.7327615105727));
#69260=CARTESIAN_POINT('',(16.2378681967691,-0.537867927744149,
1.76073009183013));
#69270=CARTESIAN_POINT('',(16.2378681957218,-0.537867926696913,1.8));
#69280=B_SPLINE_CURVE_WITH_KNOTS('',6,(#69210,#69220,#69230,#69240,
#69250,#69260,#69270),.UNSPECIFIED.,.F.,.F.,(7,7),(0.,1.),.UNSPECIFIED.)
;
#69290=CARTESIAN_POINT('',(16.2378681957218,-0.537867926696913,1.8));
#69300=VERTEX_POINT('',#69290);
#69310=EDGE_CURVE('',#63750,#69300,#69280,.T.);
#69320=ORIENTED_EDGE('',*,*,#69310,.T.);
#69330=ORIENTED_EDGE('',*,*,#63780,.F.);
#69340=EDGE_CURVE('',#11890,#63770,#64110,.T.);
#69350=ORIENTED_EDGE('',*,*,#69340,.T.);
#69360=CARTESIAN_POINT('',(16.1500002690248,-0.75,1.8));
#69370=CARTESIAN_POINT('',(16.1500002690248,-0.735857864376269,1.8));
#69380=CARTESIAN_POINT('',(16.1515989909199,-0.706910726983441,
1.79999999999996));
#69390=CARTESIAN_POINT('',(16.1592248243232,-0.661924846231984,
1.80000000000006));
#69400=CARTESIAN_POINT('',(16.1813274529297,-0.600939793699812,
1.79999999999992));
#69410=CARTESIAN_POINT('',(16.2306961646394,-0.530695895612267,
1.80000000000011));
#69420=CARTESIAN_POINT('',(16.3009400627227,-0.481327183906597,
1.79999999999991));
#69430=CARTESIAN_POINT('',(16.3619251152582,-0.45922455529737,
1.80000000000007));
#69440=CARTESIAN_POINT('',(16.4069109960075,-0.451598721895511,
1.79999999999997));
#69450=CARTESIAN_POINT('',(16.4358581334011,-0.45,1.8));
#69460=CARTESIAN_POINT('',(16.4500002690248,-0.45,1.8));
#69470=B_SPLINE_CURVE_WITH_KNOTS('',6,(#69360,#69370,#69380,#69390,
#69400,#69410,#69420,#69430,#69440,#69450,#69460),.UNSPECIFIED.,.F.,.F.,
(7,1,1,1,1,7),(0.,0.2,0.4,0.6,0.8,1.),.UNSPECIFIED.);
#69480=EDGE_CURVE('',#69300,#11890,#69470,.T.);
#69490=ORIENTED_EDGE('',*,*,#69480,.T.);
#69500=EDGE_LOOP('',(#69490,#69350,#69330,#69320));
#69510=FACE_OUTER_BOUND('',#69500,.T.);
#69520=ADVANCED_FACE('',(#69510),#69200,.T.);
#69530=CARTESIAN_POINT('',(0.,-6.9,10.3));
#69540=DIRECTION('',(-1.,0.,0.));
#69550=DIRECTION('',(0.,1.,0.));
#69560=AXIS2_PLACEMENT_3D('',#69530,#69540,#69550);
#69570=CYLINDRICAL_SURFACE('',#69560,0.5);
#69580=ORIENTED_EDGE('',*,*,#44320,.F.);
#69590=ORIENTED_EDGE('',*,*,#7210,.T.);
#69600=CARTESIAN_POINT('',(18.9999995380496,-6.9,10.3));
#69610=DIRECTION('',(-0.707106781186548,0.707106781186548,0.));
#69620=DIRECTION('',(-0.707106781186548,-0.707106781186548,0.));
#69630=AXIS2_PLACEMENT_3D('',#69600,#69610,#69620);
#69640=ELLIPSE('',#69630,0.707106781186548,0.5);
#69650=CARTESIAN_POINT('',(18.4999995380496,-7.4,10.3));
#69660=VERTEX_POINT('',#69650);
#69670=EDGE_CURVE('',#69660,#7120,#69640,.T.);
#69680=ORIENTED_EDGE('',*,*,#69670,.T.);
#69690=CARTESIAN_POINT('',(0.,-7.4,10.3));
#69700=DIRECTION('',(-1.,0.,0.));
#69710=VECTOR('',#69700,1.);
#69720=LINE('',#69690,#69710);
#69730=EDGE_CURVE('',#69660,#44310,#69720,.T.);
#69740=ORIENTED_EDGE('',*,*,#69730,.F.);
#69750=EDGE_LOOP('',(#69740,#69680,#69590,#69580));
#69760=FACE_OUTER_BOUND('',#69750,.T.);
#69770=ADVANCED_FACE('',(#69760),#69570,.T.);
#69780=CARTESIAN_POINT('',(13.48,-3.88,2.));
#69790=DIRECTION('',(0.,-1.,5.55111512312578E-17));
#69800=DIRECTION('',(-1.,0.,0.));
#69810=AXIS2_PLACEMENT_3D('',#69780,#69790,#69800);
#69820=PLANE('',#69810);
#69830=CARTESIAN_POINT('',(12.86,-3.88,6.65));
#69840=DIRECTION('',(1.,0.,0.));
#69850=VECTOR('',#69840,1.);
#69860=LINE('',#69830,#69850);
#69870=CARTESIAN_POINT('',(12.48,-3.88,6.65));
#69880=VERTEX_POINT('',#69870);
#69890=EDGE_CURVE('',#69880,#67060,#69860,.T.);
#69900=ORIENTED_EDGE('',*,*,#69890,.T.);
#69910=CARTESIAN_POINT('',(12.48,-3.88,2.5));
#69920=VERTEX_POINT('',#69910);
#69930=EDGE_CURVE('',#69920,#69880,#32530,.T.);
#69940=ORIENTED_EDGE('',*,*,#69930,.T.);
#69950=CARTESIAN_POINT('',(10.,-3.88,2.5));
#69960=DIRECTION('',(-1.,0.,0.));
#69970=VECTOR('',#69960,1.);
#69980=LINE('',#69950,#69970);
#69990=EDGE_CURVE('',#66970,#69920,#69980,.T.);
#70000=ORIENTED_EDGE('',*,*,#69990,.T.);
#70010=ORIENTED_EDGE('',*,*,#67090,.T.);
#70020=EDGE_LOOP('',(#70010,#70000,#69940,#69900));
#70030=FACE_OUTER_BOUND('',#70020,.T.);
#70040=ADVANCED_FACE('',(#70030),#69820,.F.);
#70050=CARTESIAN_POINT('',(7.46698743262019,-2.,10.3));
#70060=DIRECTION('',(1.,0.,0.));
#70070=DIRECTION('',(0.,-1.,0.));
#70080=AXIS2_PLACEMENT_3D('',#70050,#70060,#70070);
#70090=CYLINDRICAL_SURFACE('',#70080,0.5);
#70100=CARTESIAN_POINT('',(8.35,-2.,10.3));
#70110=DIRECTION('',(1.,0.,0.));
#70120=DIRECTION('',(0.,-1.,0.));
#70130=AXIS2_PLACEMENT_3D('',#70100,#70110,#70120);
#70140=CIRCLE('',#70130,0.5);
#70150=EDGE_CURVE('',#29320,#7680,#70140,.T.);
#70160=ORIENTED_EDGE('',*,*,#70150,.F.);
#70170=ORIENTED_EDGE('',*,*,#7690,.T.);
#70180=CARTESIAN_POINT('',(6.45000026902482,-2.,10.3));
#70190=DIRECTION('',(0.707106781186548,-0.707106781186548,0.));
#70200=DIRECTION('',(0.707106781186548,0.707106781186548,0.));
#70210=AXIS2_PLACEMENT_3D('',#70180,#70190,#70200);
#70220=ELLIPSE('',#70210,0.707106781186548,0.5);
#70230=EDGE_CURVE('',#19050,#7600,#70220,.T.);
#70240=ORIENTED_EDGE('',*,*,#70230,.T.);
#70250=ORIENTED_EDGE('',*,*,#29390,.F.);
#70260=EDGE_LOOP('',(#70250,#70240,#70170,#70160));
#70270=FACE_OUTER_BOUND('',#70260,.T.);
#70280=ADVANCED_FACE('',(#70270),#70090,.T.);
#70290=CARTESIAN_POINT('',(8.35,-1.,10.3));
#70300=DIRECTION('',(0.,0.,-1.));
#70310=DIRECTION('',(-1.,0.,0.));
#70320=AXIS2_PLACEMENT_3D('',#70290,#70300,#70310);
#70330=TOROIDAL_SURFACE('',#70320,1.,0.5);
#70340=CARTESIAN_POINT('',(9.35,-1.,10.3));
#70350=DIRECTION('',(0.,-1.,0.));
#70360=DIRECTION('',(-1.,0.,0.));
#70370=AXIS2_PLACEMENT_3D('',#70340,#70350,#70360);
#70380=CIRCLE('',#70370,0.5);
#70390=EDGE_CURVE('',#7770,#25890,#70380,.T.);
#70400=ORIENTED_EDGE('',*,*,#70390,.T.);
#70410=ORIENTED_EDGE('',*,*,#7780,.F.);
#70420=ORIENTED_EDGE('',*,*,#70150,.T.);
#70430=ORIENTED_EDGE('',*,*,#31720,.T.);
#70440=EDGE_LOOP('',(#70430,#70420,#70410,#70400));
#70450=FACE_OUTER_BOUND('',#70440,.T.);
#70460=ADVANCED_FACE('',(#70450),#70330,.T.);
#70470=CARTESIAN_POINT('',(6.85,-5.9,0.));
#70480=DIRECTION('',(0.,1.,-0.));
#70490=DIRECTION('',(-1.,0.,0.));
#70500=AXIS2_PLACEMENT_3D('',#70470,#70480,#70490);
#70510=PLANE('',#70500);
#70520=CARTESIAN_POINT('',(5.6,-5.9,0.));
#70530=DIRECTION('',(0.,0.,-1.));
#70540=VECTOR('',#70530,1.);
#70550=LINE('',#70520,#70540);
#70560=CARTESIAN_POINT('',(5.6,-5.9,0.673368257713248));
#70570=VERTEX_POINT('',#70560);
#70580=CARTESIAN_POINT('',(5.6,-5.9,0.15));
#70590=VERTEX_POINT('',#70580);
#70600=EDGE_CURVE('',#70570,#70590,#70550,.T.);
#70610=ORIENTED_EDGE('',*,*,#70600,.F.);
#70620=CARTESIAN_POINT('',(5.75,-5.9,0.));
#70630=DIRECTION('',(-0.707106781186547,0.,0.707106781186548));
#70640=VECTOR('',#70630,1.);
#70650=LINE('',#70620,#70640);
#70660=EDGE_CURVE('',#700,#70590,#70650,.T.);
#70670=ORIENTED_EDGE('',*,*,#70660,.T.);
#70680=ORIENTED_EDGE('',*,*,#930,.T.);
#70690=ORIENTED_EDGE('',*,*,#27280,.F.);
#70700=ORIENTED_EDGE('',*,*,#14170,.T.);
#70710=CARTESIAN_POINT('',(0.,-5.9,0.673368257713248));
#70720=DIRECTION('',(-1.,0.,0.));
#70730=VECTOR('',#70720,1.);
#70740=LINE('',#70710,#70730);
#70750=EDGE_CURVE('',#14080,#70570,#70740,.T.);
#70760=ORIENTED_EDGE('',*,*,#70750,.F.);
#70770=EDGE_LOOP('',(#70760,#70700,#70690,#70680,#70670,#70610));
#70780=FACE_OUTER_BOUND('',#70770,.T.);
#70790=ADVANCED_FACE('',(#70780),#70510,.T.);
#70800=CARTESIAN_POINT('',(12.48,0.,2.5));
#70810=DIRECTION('',(0.,1.,0.));
#70820=VECTOR('',#70810,1.);
#70830=LINE('',#70800,#70820);
#70840=EDGE_CURVE('',#22890,#69920,#70830,.T.);
#70850=ORIENTED_EDGE('',*,*,#70840,.F.);
#70860=ORIENTED_EDGE('',*,*,#69930,.F.);
#70870=CARTESIAN_POINT('',(12.48,-4.14,6.65));
#70880=DIRECTION('',(0.,1.,-5.55111512312578E-17));
#70890=VECTOR('',#70880,1.);
#70900=LINE('',#70870,#70890);
#70910=EDGE_CURVE('',#22970,#69880,#70900,.T.);
#70920=ORIENTED_EDGE('',*,*,#70910,.T.);
#70930=ORIENTED_EDGE('',*,*,#22980,.F.);
#70940=EDGE_LOOP('',(#70930,#70920,#70860,#70850));
#70950=FACE_OUTER_BOUND('',#70940,.T.);
#70960=ADVANCED_FACE('',(#70950),#32410,.T.);
#70970=CARTESIAN_POINT('',(11.025,-6.45,10.65));
#70980=DIRECTION('',(0.,0.707106781186549,0.707106781186546));
#70990=DIRECTION('',(-5.23364152894591E-16,0.707106781186546,
-0.707106781186549));
#71000=AXIS2_PLACEMENT_3D('',#70970,#70980,#70990);
#71010=PLANE('',#71000);
#71020=CARTESIAN_POINT('',(3.85,-6.3,10.5));
#71030=DIRECTION('',(-1.04672830578918E-15,-0.707106781186546,
0.707106781186549));
#71040=VECTOR('',#71030,1.);
#71050=LINE('',#71020,#71040);
#71060=EDGE_CURVE('',#50750,#6940,#71050,.T.);
#71070=ORIENTED_EDGE('',*,*,#71060,.T.);
#71080=ORIENTED_EDGE('',*,*,#50760,.T.);
#71090=CARTESIAN_POINT('',(19.2499995380496,-6.3,10.5));
#71100=DIRECTION('',(1.04672830578918E-15,-0.707106781186546,
0.707106781186549));
#71110=VECTOR('',#71100,1.);
#71120=LINE('',#71090,#71110);
#71130=EDGE_CURVE('',#50650,#5740,#71120,.T.);
#71140=ORIENTED_EDGE('',*,*,#71130,.F.);
#71150=ORIENTED_EDGE('',*,*,#7010,.F.);
#71160=EDGE_LOOP('',(#71150,#71140,#71080,#71070));
#71170=FACE_OUTER_BOUND('',#71160,.T.);
#71180=ADVANCED_FACE('',(#71170),#71010,.T.);
#71190=CARTESIAN_POINT('',(5.6,0.,-0.611383261947974));
#71200=DIRECTION('',(0.,-0.977102639903886,0.212768491776527));
#71210=VECTOR('',#71200,1.);
#71220=LINE('',#71190,#71210);
#71230=CARTESIAN_POINT('',(5.6,-7.4,1.));
#71240=VERTEX_POINT('',#71230);
#71250=EDGE_CURVE('',#70570,#71240,#71220,.T.);
#71260=ORIENTED_EDGE('',*,*,#71250,.F.);
#71270=CARTESIAN_POINT('',(5.6,-7.4,0.));
#71280=DIRECTION('',(0.,0.,-1.));
#71290=VECTOR('',#71280,1.);
#71300=LINE('',#71270,#71290);
#71310=CARTESIAN_POINT('',(5.6,-7.4,0.150000000000001));
#71320=VERTEX_POINT('',#71310);
#71330=EDGE_CURVE('',#71240,#71320,#71300,.T.);
#71340=ORIENTED_EDGE('',*,*,#71330,.F.);
#71350=CARTESIAN_POINT('',(5.6,0.,0.15));
#71360=DIRECTION('',(0.,-1.,0.));
#71370=VECTOR('',#71360,1.);
#71380=LINE('',#71350,#71370);
#71390=EDGE_CURVE('',#70590,#71320,#71380,.T.);
#71400=ORIENTED_EDGE('',*,*,#71390,.T.);
#71410=ORIENTED_EDGE('',*,*,#70600,.T.);
#71420=EDGE_LOOP('',(#71410,#71400,#71340,#71260));
#71430=FACE_OUTER_BOUND('',#71420,.T.);
#71440=ADVANCED_FACE('',(#71430),#42500,.T.);
#71450=CARTESIAN_POINT('',(14.75,-1.,10.3));
#71460=DIRECTION('',(0.,0.,-1.));
#71470=DIRECTION('',(-1.,0.,0.));
#71480=AXIS2_PLACEMENT_3D('',#71450,#71460,#71470);
#71490=TOROIDAL_SURFACE('',#71480,1.,0.5);
#71500=CARTESIAN_POINT('',(13.75,-1.,10.3));
#71510=DIRECTION('',(0.,1.,0.));
#71520=DIRECTION('',(1.,0.,0.));
#71530=AXIS2_PLACEMENT_3D('',#71500,#71510,#71520);
#71540=CIRCLE('',#71530,0.5);
#71550=CARTESIAN_POINT('',(14.25,-1.,10.3));
#71560=VERTEX_POINT('',#71550);
#71570=EDGE_CURVE('',#8010,#71560,#71540,.T.);
#71580=ORIENTED_EDGE('',*,*,#71570,.F.);
#71590=CARTESIAN_POINT('',(14.75,-1.,10.3));
#71600=DIRECTION('',(0.,0.,-1.));
#71610=DIRECTION('',(-1.,0.,0.));
#71620=AXIS2_PLACEMENT_3D('',#71590,#71600,#71610);
#71630=CIRCLE('',#71620,0.5);
#71640=EDGE_CURVE('',#30270,#71560,#71630,.T.);
#71650=ORIENTED_EDGE('',*,*,#71640,.T.);
#71660=ORIENTED_EDGE('',*,*,#68120,.T.);
#71670=ORIENTED_EDGE('',*,*,#8110,.F.);
#71680=EDGE_LOOP('',(#71670,#71660,#71650,#71580));
#71690=FACE_OUTER_BOUND('',#71680,.T.);
#71700=ADVANCED_FACE('',(#71690),#71490,.T.);
#71710=CARTESIAN_POINT('',(5.62,-4.52,7.));
#71720=DIRECTION('',(-1.,-0.,0.));
#71730=DIRECTION('',(0.,-5.55111512312578E-17,-1.));
#71740=AXIS2_PLACEMENT_3D('',#71710,#71720,#71730);
#71750=PLANE('',#71740);
#71760=ORIENTED_EDGE('',*,*,#44990,.T.);
#71770=ORIENTED_EDGE('',*,*,#28430,.T.);
#71780=ORIENTED_EDGE('',*,*,#38810,.F.);
#71790=ORIENTED_EDGE('',*,*,#43270,.F.);
#71800=EDGE_LOOP('',(#71790,#71780,#71770,#71760));
#71810=FACE_OUTER_BOUND('',#71800,.T.);
#71820=ADVANCED_FACE('',(#71810),#71750,.F.);
#71830=CARTESIAN_POINT('',(10.62,-4.52,7.));
#71840=DIRECTION('',(-1.,-0.,0.));
#71850=DIRECTION('',(0.,-5.55111512312578E-17,-1.));
#71860=AXIS2_PLACEMENT_3D('',#71830,#71840,#71850);
#71870=PLANE('',#71860);
#71880=ORIENTED_EDGE('',*,*,#57850,.T.);
#71890=CARTESIAN_POINT('',(10.62,-4.2,6.65));
#71900=DIRECTION('',(0.,1.,-5.55111512312578E-17));
#71910=VECTOR('',#71900,1.);
#71920=LINE('',#71890,#71910);
#71930=CARTESIAN_POINT('',(10.62,-3.88,6.65));
#71940=VERTEX_POINT('',#71930);
#71950=EDGE_CURVE('',#57820,#71940,#71920,.T.);
#71960=ORIENTED_EDGE('',*,*,#71950,.F.);
#71970=CARTESIAN_POINT('',(10.62,-3.88,7.));
#71980=DIRECTION('',(0.,-5.55111512312578E-17,-1.));
#71990=VECTOR('',#71980,1.);
#72000=LINE('',#71970,#71990);
#72010=CARTESIAN_POINT('',(10.62,-3.88,2.5));
#72020=VERTEX_POINT('',#72010);
#72030=EDGE_CURVE('',#71940,#72020,#72000,.T.);
#72040=ORIENTED_EDGE('',*,*,#72030,.F.);
#72050=CARTESIAN_POINT('',(10.62,0.,2.5));
#72060=DIRECTION('',(0.,1.,0.));
#72070=VECTOR('',#72060,1.);
#72080=LINE('',#72050,#72070);
#72090=EDGE_CURVE('',#57730,#72020,#72080,.T.);
#72100=ORIENTED_EDGE('',*,*,#72090,.T.);
#72110=EDGE_LOOP('',(#72100,#72040,#71960,#71880));
#72120=FACE_OUTER_BOUND('',#72110,.T.);
#72130=ADVANCED_FACE('',(#72120),#71870,.F.);
#72140=CARTESIAN_POINT('',(10.56,-4.2,6.825));
#72150=DIRECTION('',(0.945945945945946,1.80036166155431E-17,
0.324324324324325));
#72160=DIRECTION('',(0.324324324324325,-5.25105484620007E-17,
-0.945945945945946));
#72170=AXIS2_PLACEMENT_3D('',#72140,#72150,#72160);
#72180=PLANE('',#72170);
#72190=CARTESIAN_POINT('',(12.42,-2.08,1.4));
#72200=DIRECTION('',(-0.308504698037437,-0.308504698037437,
0.899805369275856));
#72210=VECTOR('',#72200,1.);
#72220=LINE('',#72190,#72210);
#72230=CARTESIAN_POINT('',(10.5,-4.,7.));
#72240=VERTEX_POINT('',#72230);
#72250=EDGE_CURVE('',#71940,#72240,#72220,.T.);
#72260=ORIENTED_EDGE('',*,*,#72250,.T.);
#72270=ORIENTED_EDGE('',*,*,#71950,.T.);
#72280=CARTESIAN_POINT('',(12.42,-6.32,1.4));
#72290=DIRECTION('',(-0.308504698037437,0.308504698037437,
0.899805369275856));
#72300=VECTOR('',#72290,1.);
#72310=LINE('',#72280,#72300);
#72320=CARTESIAN_POINT('',(10.5,-4.4,7.));
#72330=VERTEX_POINT('',#72320);
#72340=EDGE_CURVE('',#57820,#72330,#72310,.T.);
#72350=ORIENTED_EDGE('',*,*,#72340,.F.);
#72360=CARTESIAN_POINT('',(10.5,-4.2,7.));
#72370=DIRECTION('',(0.,1.,-5.55111512312578E-17));
#72380=VECTOR('',#72370,1.);
#72390=LINE('',#72360,#72380);
#72400=EDGE_CURVE('',#72330,#72240,#72390,.T.);
#72410=ORIENTED_EDGE('',*,*,#72400,.F.);
#72420=EDGE_LOOP('',(#72410,#72350,#72270,#72260));
#72430=FACE_OUTER_BOUND('',#72420,.T.);
#72440=ADVANCED_FACE('',(#72430),#72180,.T.);
#72450=CARTESIAN_POINT('',(10.36,-3.94,6.825));
#72460=DIRECTION('',(-0.,0.945945945945946,0.324324324324325));
#72470=DIRECTION('',(0.,-0.324324324324325,0.945945945945946));
#72480=AXIS2_PLACEMENT_3D('',#72450,#72460,#72470);
#72490=PLANE('',#72480);
#72500=ORIENTED_EDGE('',*,*,#72250,.F.);
#72510=CARTESIAN_POINT('',(10.36,-4.,7.));
#72520=DIRECTION('',(1.,0.,0.));
#72530=VECTOR('',#72520,1.);
#72540=LINE('',#72510,#72530);
#72550=CARTESIAN_POINT('',(10.1,-4.,7.));
#72560=VERTEX_POINT('',#72550);
#72570=EDGE_CURVE('',#72560,#72240,#72540,.T.);
#72580=ORIENTED_EDGE('',*,*,#72570,.T.);
#72590=CARTESIAN_POINT('',(8.18,-2.08,1.4));
#72600=DIRECTION('',(-0.308504698037437,0.308504698037437,
-0.899805369275856));
#72610=VECTOR('',#72600,1.);
#72620=LINE('',#72590,#72610);
#72630=EDGE_CURVE('',#72560,#44030,#72620,.T.);
#72640=ORIENTED_EDGE('',*,*,#72630,.F.);
#72650=CARTESIAN_POINT('',(10.36,-3.88,6.65));
#72660=DIRECTION('',(1.,0.,0.));
#72670=VECTOR('',#72660,1.);
#72680=LINE('',#72650,#72670);
#72690=EDGE_CURVE('',#44030,#71940,#72680,.T.);
#72700=ORIENTED_EDGE('',*,*,#72690,.F.);
#72710=EDGE_LOOP('',(#72700,#72640,#72580,#72500));
#72720=FACE_OUTER_BOUND('',#72710,.T.);
#72730=ADVANCED_FACE('',(#72720),#72490,.T.);
#72740=CARTESIAN_POINT('',(10.04,-4.14,6.825));
#72750=DIRECTION('',(0.945945945945946,-1.80036166155431E-17,
-0.324324324324325));
#72760=DIRECTION('',(-0.324324324324325,-5.25105484620007E-17,
-0.945945945945946));
#72770=AXIS2_PLACEMENT_3D('',#72740,#72750,#72760);
#72780=PLANE('',#72770);
#72790=CARTESIAN_POINT('',(8.18,-6.32,1.4));
#72800=DIRECTION('',(0.308504698037437,0.308504698037437,
0.899805369275856));
#72810=VECTOR('',#72800,1.);
#72820=LINE('',#72790,#72810);
#72830=CARTESIAN_POINT('',(10.1,-4.4,7.));
#72840=VERTEX_POINT('',#72830);
#72850=EDGE_CURVE('',#44110,#72840,#72820,.T.);
#72860=ORIENTED_EDGE('',*,*,#72850,.T.);
#72870=ORIENTED_EDGE('',*,*,#44120,.F.);
#72880=ORIENTED_EDGE('',*,*,#72630,.T.);
#72890=CARTESIAN_POINT('',(10.1,-4.14,7.));
#72900=DIRECTION('',(0.,1.,-5.55111512312578E-17));
#72910=VECTOR('',#72900,1.);
#72920=LINE('',#72890,#72910);
#72930=EDGE_CURVE('',#72840,#72560,#72920,.T.);
#72940=ORIENTED_EDGE('',*,*,#72930,.T.);
#72950=EDGE_LOOP('',(#72940,#72880,#72870,#72860));
#72960=FACE_OUTER_BOUND('',#72950,.T.);
#72970=ADVANCED_FACE('',(#72960),#72780,.F.);
#72980=CARTESIAN_POINT('',(10.98,-3.88,2.));
#72990=DIRECTION('',(0.,-1.,5.55111512312578E-17));
#73000=DIRECTION('',(-1.,0.,0.));
#73010=AXIS2_PLACEMENT_3D('',#72980,#72990,#73000);
#73020=PLANE('',#73010);
#73030=ORIENTED_EDGE('',*,*,#72690,.T.);
#73040=ORIENTED_EDGE('',*,*,#44040,.T.);
#73050=CARTESIAN_POINT('',(7.5,-3.88,2.5));
#73060=DIRECTION('',(-1.,0.,0.));
#73070=VECTOR('',#73060,1.);
#73080=LINE('',#73050,#73070);
#73090=EDGE_CURVE('',#72020,#43990,#73080,.T.);
#73100=ORIENTED_EDGE('',*,*,#73090,.T.);
#73110=ORIENTED_EDGE('',*,*,#72030,.T.);
#73120=EDGE_LOOP('',(#73110,#73100,#73040,#73030));
#73130=FACE_OUTER_BOUND('',#73120,.T.);
#73140=ADVANCED_FACE('',(#73130),#73020,.F.);
#73150=CARTESIAN_POINT('',(10.3,-4.46,6.825));
#73160=DIRECTION('',(0.,0.945945945945946,-0.324324324324325));
#73170=DIRECTION('',(0.,0.324324324324325,0.945945945945946));
#73180=AXIS2_PLACEMENT_3D('',#73150,#73160,#73170);
#73190=PLANE('',#73180);
#73200=ORIENTED_EDGE('',*,*,#72850,.F.);
#73210=CARTESIAN_POINT('',(10.3,-4.4,7.));
#73220=DIRECTION('',(1.,0.,0.));
#73230=VECTOR('',#73220,1.);
#73240=LINE('',#73210,#73230);
#73250=EDGE_CURVE('',#72840,#72330,#73240,.T.);
#73260=ORIENTED_EDGE('',*,*,#73250,.F.);
#73270=ORIENTED_EDGE('',*,*,#72340,.T.);
#73280=ORIENTED_EDGE('',*,*,#57830,.T.);
#73290=EDGE_LOOP('',(#73280,#73270,#73260,#73200));
#73300=FACE_OUTER_BOUND('',#73290,.T.);
#73310=ADVANCED_FACE('',(#73300),#73190,.F.);
#73320=CARTESIAN_POINT('',(10.62,-4.52,7.));
#73330=DIRECTION('',(0.,5.55111512312578E-17,1.));
#73340=DIRECTION('',(-1.,0.,0.));
#73350=AXIS2_PLACEMENT_3D('',#73320,#73330,#73340);
#73360=PLANE('',#73350);
#73370=ORIENTED_EDGE('',*,*,#73250,.T.);
#73380=ORIENTED_EDGE('',*,*,#72930,.F.);
#73390=ORIENTED_EDGE('',*,*,#72570,.F.);
#73400=ORIENTED_EDGE('',*,*,#72400,.T.);
#73410=EDGE_LOOP('',(#73400,#73390,#73380,#73370));
#73420=FACE_OUTER_BOUND('',#73410,.T.);
#73430=ADVANCED_FACE('',(#73420),#73360,.T.);
#73440=CARTESIAN_POINT('',(0.,-0.75,1.8));
#73450=DIRECTION('',(-1.,0.,0.));
#73460=DIRECTION('',(0.,1.,0.));
#73470=AXIS2_PLACEMENT_3D('',#73440,#73450,#73460);
#73480=CYLINDRICAL_SURFACE('',#73470,0.3);
#73490=ORIENTED_EDGE('',*,*,#10720,.T.);
#73500=CARTESIAN_POINT('',(19.7999995380496,-0.75,1.8));
#73510=DIRECTION('',(-1.,0.,0.));
#73520=DIRECTION('',(0.,1.,0.));
#73530=AXIS2_PLACEMENT_3D('',#73500,#73510,#73520);
#73540=CIRCLE('',#73530,0.3);
#73550=EDGE_CURVE('',#11870,#10630,#73540,.T.);
#73560=ORIENTED_EDGE('',*,*,#73550,.T.);
#73570=ORIENTED_EDGE('',*,*,#11900,.F.);
#73580=ORIENTED_EDGE('',*,*,#69340,.F.);
#73590=ORIENTED_EDGE('',*,*,#64120,.F.);
#73600=EDGE_LOOP('',(#73590,#73580,#73570,#73560,#73490));
#73610=FACE_OUTER_BOUND('',#73600,.T.);
#73620=ADVANCED_FACE('',(#73610),#73480,.T.);
#73630=CARTESIAN_POINT('',(8.12,-4.52,6.65));
#73640=VERTEX_POINT('',#73630);
#73650=CARTESIAN_POINT('',(8.12,-4.52,2.5));
#73660=VERTEX_POINT('',#73650);
#73670=EDGE_CURVE('',#73640,#73660,#56060,.T.);
#73680=ORIENTED_EDGE('',*,*,#73670,.T.);
#73690=CARTESIAN_POINT('',(8.12,-4.2,6.65));
#73700=DIRECTION('',(0.,1.,-5.55111512312578E-17));
#73710=VECTOR('',#73700,1.);
#73720=LINE('',#73690,#73710);
#73730=CARTESIAN_POINT('',(8.12,-3.88,6.65));
#73740=VERTEX_POINT('',#73730);
#73750=EDGE_CURVE('',#73640,#73740,#73720,.T.);
#73760=ORIENTED_EDGE('',*,*,#73750,.F.);
#73770=CARTESIAN_POINT('',(8.12,-3.88,2.5));
#73780=VERTEX_POINT('',#73770);
#73790=EDGE_CURVE('',#73740,#73780,#57480,.T.);
#73800=ORIENTED_EDGE('',*,*,#73790,.F.);
#73810=CARTESIAN_POINT('',(8.12,0.,2.5));
#73820=DIRECTION('',(0.,1.,0.));
#73830=VECTOR('',#73820,1.);
#73840=LINE('',#73810,#73830);
#73850=EDGE_CURVE('',#73660,#73780,#73840,.T.);
#73860=ORIENTED_EDGE('',*,*,#73850,.T.);
#73870=EDGE_LOOP('',(#73860,#73800,#73760,#73680));
#73880=FACE_OUTER_BOUND('',#73870,.T.);
#73890=ADVANCED_FACE('',(#73880),#57430,.F.);
#73900=CARTESIAN_POINT('',(7.48,-4.52,6.65));
#73910=VERTEX_POINT('',#73900);
#73920=CARTESIAN_POINT('',(7.48,-4.52,2.5));
#73930=VERTEX_POINT('',#73920);
#73940=EDGE_CURVE('',#73910,#73930,#51200,.T.);
#73950=ORIENTED_EDGE('',*,*,#73940,.T.);
#73960=CARTESIAN_POINT('',(7.8,-4.52,6.65));
#73970=DIRECTION('',(1.,0.,0.));
#73980=VECTOR('',#73970,1.);
#73990=LINE('',#73960,#73980);
#74000=EDGE_CURVE('',#73910,#73640,#73990,.T.);
#74010=ORIENTED_EDGE('',*,*,#74000,.F.);
#74020=ORIENTED_EDGE('',*,*,#73670,.F.);
#74030=CARTESIAN_POINT('',(5.,-4.52,2.5));
#74040=DIRECTION('',(-1.,0.,0.));
#74050=VECTOR('',#74040,1.);
#74060=LINE('',#74030,#74050);
#74070=EDGE_CURVE('',#73660,#73930,#74060,.T.);
#74080=ORIENTED_EDGE('',*,*,#74070,.F.);
#74090=EDGE_LOOP('',(#74080,#74020,#74010,#73950));
#74100=FACE_OUTER_BOUND('',#74090,.T.);
#74110=ADVANCED_FACE('',(#74100),#55880,.T.);
#74120=CARTESIAN_POINT('',(8.12,-4.52,7.));
#74130=DIRECTION('',(0.,5.55111512312578E-17,1.));
#74140=DIRECTION('',(-1.,0.,0.));
#74150=AXIS2_PLACEMENT_3D('',#74120,#74130,#74140);
#74160=PLANE('',#74150);
#74170=CARTESIAN_POINT('',(7.8,-4.4,7.));
#74180=DIRECTION('',(1.,0.,0.));
#74190=VECTOR('',#74180,1.);
#74200=LINE('',#74170,#74190);
#74210=CARTESIAN_POINT('',(7.6,-4.4,7.));
#74220=VERTEX_POINT('',#74210);
#74230=CARTESIAN_POINT('',(8.,-4.4,7.));
#74240=VERTEX_POINT('',#74230);
#74250=EDGE_CURVE('',#74220,#74240,#74200,.T.);
#74260=ORIENTED_EDGE('',*,*,#74250,.T.);
#74270=CARTESIAN_POINT('',(7.6,-4.14,7.));
#74280=DIRECTION('',(0.,1.,-5.55111512312578E-17));
#74290=VECTOR('',#74280,1.);
#74300=LINE('',#74270,#74290);
#74310=CARTESIAN_POINT('',(7.6,-4.,7.));
#74320=VERTEX_POINT('',#74310);
#74330=EDGE_CURVE('',#74220,#74320,#74300,.T.);
#74340=ORIENTED_EDGE('',*,*,#74330,.F.);
#74350=CARTESIAN_POINT('',(7.86,-4.,7.));
#74360=DIRECTION('',(1.,0.,0.));
#74370=VECTOR('',#74360,1.);
#74380=LINE('',#74350,#74370);
#74390=CARTESIAN_POINT('',(8.,-4.,7.));
#74400=VERTEX_POINT('',#74390);
#74410=EDGE_CURVE('',#74320,#74400,#74380,.T.);
#74420=ORIENTED_EDGE('',*,*,#74410,.F.);
#74430=CARTESIAN_POINT('',(8.,-4.2,7.));
#74440=DIRECTION('',(0.,1.,-5.55111512312578E-17));
#74450=VECTOR('',#74440,1.);
#74460=LINE('',#74430,#74450);
#74470=EDGE_CURVE('',#74240,#74400,#74460,.T.);
#74480=ORIENTED_EDGE('',*,*,#74470,.T.);
#74490=EDGE_LOOP('',(#74480,#74420,#74340,#74260));
#74500=FACE_OUTER_BOUND('',#74490,.T.);
#74510=ADVANCED_FACE('',(#74500),#74160,.T.);
#74520=CARTESIAN_POINT('',(7.8,-4.46,6.825));
#74530=DIRECTION('',(0.,0.945945945945946,-0.324324324324325));
#74540=DIRECTION('',(0.,0.324324324324325,0.945945945945946));
#74550=AXIS2_PLACEMENT_3D('',#74520,#74530,#74540);
#74560=PLANE('',#74550);
#74570=CARTESIAN_POINT('',(5.68,-6.32,1.4));
#74580=DIRECTION('',(0.308504698037437,0.308504698037437,
0.899805369275856));
#74590=VECTOR('',#74580,1.);
#74600=LINE('',#74570,#74590);
#74610=EDGE_CURVE('',#73910,#74220,#74600,.T.);
#74620=ORIENTED_EDGE('',*,*,#74610,.F.);
#74630=ORIENTED_EDGE('',*,*,#74250,.F.);
#74640=CARTESIAN_POINT('',(9.92,-6.32,1.4));
#74650=DIRECTION('',(-0.308504698037437,0.308504698037437,
0.899805369275856));
#74660=VECTOR('',#74650,1.);
#74670=LINE('',#74640,#74660);
#74680=EDGE_CURVE('',#73640,#74240,#74670,.T.);
#74690=ORIENTED_EDGE('',*,*,#74680,.T.);
#74700=ORIENTED_EDGE('',*,*,#74000,.T.);
#74710=EDGE_LOOP('',(#74700,#74690,#74630,#74620));
#74720=FACE_OUTER_BOUND('',#74710,.T.);
#74730=ADVANCED_FACE('',(#74720),#74560,.F.);
#74740=CARTESIAN_POINT('',(8.06,-4.2,6.825));
#74750=DIRECTION('',(0.945945945945946,1.80036166155431E-17,
0.324324324324325));
#74760=DIRECTION('',(0.324324324324325,-5.25105484620007E-17,
-0.945945945945946));
#74770=AXIS2_PLACEMENT_3D('',#74740,#74750,#74760);
#74780=PLANE('',#74770);
#74790=CARTESIAN_POINT('',(9.92,-2.08,1.4));
#74800=DIRECTION('',(-0.308504698037437,-0.308504698037437,
0.899805369275856));
#74810=VECTOR('',#74800,1.);
#74820=LINE('',#74790,#74810);
#74830=EDGE_CURVE('',#73740,#74400,#74820,.T.);
#74840=ORIENTED_EDGE('',*,*,#74830,.T.);
#74850=ORIENTED_EDGE('',*,*,#73750,.T.);
#74860=ORIENTED_EDGE('',*,*,#74680,.F.);
#74870=ORIENTED_EDGE('',*,*,#74470,.F.);
#74880=EDGE_LOOP('',(#74870,#74860,#74850,#74840));
#74890=FACE_OUTER_BOUND('',#74880,.T.);
#74900=ADVANCED_FACE('',(#74890),#74780,.T.);
#74910=CARTESIAN_POINT('',(7.86,-3.94,6.825));
#74920=DIRECTION('',(-0.,0.945945945945946,0.324324324324325));
#74930=DIRECTION('',(0.,-0.324324324324325,0.945945945945946));
#74940=AXIS2_PLACEMENT_3D('',#74910,#74920,#74930);
#74950=PLANE('',#74940);
#74960=ORIENTED_EDGE('',*,*,#74830,.F.);
#74970=ORIENTED_EDGE('',*,*,#74410,.T.);
#74980=CARTESIAN_POINT('',(5.68,-2.08,1.4));
#74990=DIRECTION('',(-0.308504698037437,0.308504698037437,
-0.899805369275856));
#75000=VECTOR('',#74990,1.);
#75010=LINE('',#74980,#75000);
#75020=CARTESIAN_POINT('',(7.48,-3.88,6.65));
#75030=VERTEX_POINT('',#75020);
#75040=EDGE_CURVE('',#74320,#75030,#75010,.T.);
#75050=ORIENTED_EDGE('',*,*,#75040,.F.);
#75060=CARTESIAN_POINT('',(7.86,-3.88,6.65));
#75070=DIRECTION('',(1.,0.,0.));
#75080=VECTOR('',#75070,1.);
#75090=LINE('',#75060,#75080);
#75100=EDGE_CURVE('',#75030,#73740,#75090,.T.);
#75110=ORIENTED_EDGE('',*,*,#75100,.F.);
#75120=EDGE_LOOP('',(#75110,#75050,#74970,#74960));
#75130=FACE_OUTER_BOUND('',#75120,.T.);
#75140=ADVANCED_FACE('',(#75130),#74950,.T.);
#75150=CARTESIAN_POINT('',(7.54,-4.14,6.825));
#75160=DIRECTION('',(0.945945945945946,-1.80036166155431E-17,
-0.324324324324325));
#75170=DIRECTION('',(-0.324324324324325,-5.25105484620007E-17,
-0.945945945945946));
#75180=AXIS2_PLACEMENT_3D('',#75150,#75160,#75170);
#75190=PLANE('',#75180);
#75200=ORIENTED_EDGE('',*,*,#74610,.T.);
#75210=CARTESIAN_POINT('',(7.48,-4.14,6.65));
#75220=DIRECTION('',(0.,1.,-5.55111512312578E-17));
#75230=VECTOR('',#75220,1.);
#75240=LINE('',#75210,#75230);
#75250=EDGE_CURVE('',#73910,#75030,#75240,.T.);
#75260=ORIENTED_EDGE('',*,*,#75250,.F.);
#75270=ORIENTED_EDGE('',*,*,#75040,.T.);
#75280=ORIENTED_EDGE('',*,*,#74330,.T.);
#75290=EDGE_LOOP('',(#75280,#75270,#75260,#75200));
#75300=FACE_OUTER_BOUND('',#75290,.T.);
#75310=ADVANCED_FACE('',(#75300),#75190,.F.);
#75320=CARTESIAN_POINT('',(7.48,-3.88,2.5));
#75330=VERTEX_POINT('',#75320);
#75340=EDGE_CURVE('',#75330,#75030,#51130,.T.);
#75350=ORIENTED_EDGE('',*,*,#75340,.F.);
#75360=ORIENTED_EDGE('',*,*,#75250,.T.);
#75370=ORIENTED_EDGE('',*,*,#73940,.F.);
#75380=CARTESIAN_POINT('',(7.48,0.,2.5));
#75390=DIRECTION('',(0.,1.,0.));
#75400=VECTOR('',#75390,1.);
#75410=LINE('',#75380,#75400);
#75420=EDGE_CURVE('',#73930,#75330,#75410,.T.);
#75430=ORIENTED_EDGE('',*,*,#75420,.F.);
#75440=EDGE_LOOP('',(#75430,#75370,#75360,#75350));
#75450=FACE_OUTER_BOUND('',#75440,.T.);
#75460=ADVANCED_FACE('',(#75450),#50990,.T.);
#75470=CARTESIAN_POINT('',(8.48,-3.88,2.));
#75480=DIRECTION('',(0.,-1.,5.55111512312578E-17));
#75490=DIRECTION('',(-1.,0.,0.));
#75500=AXIS2_PLACEMENT_3D('',#75470,#75480,#75490);
#75510=PLANE('',#75500);
#75520=CARTESIAN_POINT('',(5.,-3.88,2.5));
#75530=DIRECTION('',(-1.,0.,0.));
#75540=VECTOR('',#75530,1.);
#75550=LINE('',#75520,#75540);
#75560=EDGE_CURVE('',#73780,#75330,#75550,.T.);
#75570=ORIENTED_EDGE('',*,*,#75560,.T.);
#75580=ORIENTED_EDGE('',*,*,#73790,.T.);
#75590=ORIENTED_EDGE('',*,*,#75100,.T.);
#75600=ORIENTED_EDGE('',*,*,#75340,.T.);
#75610=EDGE_LOOP('',(#75600,#75590,#75580,#75570));
#75620=FACE_OUTER_BOUND('',#75610,.T.);
#75630=ADVANCED_FACE('',(#75620),#75510,.F.);
#75640=CARTESIAN_POINT('',(5.56,-4.2,6.825));
#75650=DIRECTION('',(0.945945945945946,1.80036166155431E-17,
0.324324324324325));
#75660=DIRECTION('',(0.324324324324325,-5.25105484620007E-17,
-0.945945945945946));
#75670=AXIS2_PLACEMENT_3D('',#75640,#75650,#75660);
#75680=PLANE('',#75670);
#75690=CARTESIAN_POINT('',(7.42,-2.08,1.4));
#75700=DIRECTION('',(-0.308504698037437,-0.308504698037437,
0.899805369275856));
#75710=VECTOR('',#75700,1.);
#75720=LINE('',#75690,#75710);
#75730=CARTESIAN_POINT('',(5.62,-3.88,6.65));
#75740=VERTEX_POINT('',#75730);
#75750=CARTESIAN_POINT('',(5.5,-4.,7.));
#75760=VERTEX_POINT('',#75750);
#75770=EDGE_CURVE('',#75740,#75760,#75720,.T.);
#75780=ORIENTED_EDGE('',*,*,#75770,.T.);
#75790=CARTESIAN_POINT('',(5.62,-4.2,6.65));
#75800=DIRECTION('',(0.,1.,-5.55111512312578E-17));
#75810=VECTOR('',#75800,1.);
#75820=LINE('',#75790,#75810);
#75830=CARTESIAN_POINT('',(5.62,-4.52,6.65));
#75840=VERTEX_POINT('',#75830);
#75850=EDGE_CURVE('',#75840,#75740,#75820,.T.);
#75860=ORIENTED_EDGE('',*,*,#75850,.T.);
#75870=CARTESIAN_POINT('',(7.42,-6.32,1.4));
#75880=DIRECTION('',(-0.308504698037437,0.308504698037437,
0.899805369275856));
#75890=VECTOR('',#75880,1.);
#75900=LINE('',#75870,#75890);
#75910=CARTESIAN_POINT('',(5.5,-4.4,7.));
#75920=VERTEX_POINT('',#75910);
#75930=EDGE_CURVE('',#75840,#75920,#75900,.T.);
#75940=ORIENTED_EDGE('',*,*,#75930,.F.);
#75950=CARTESIAN_POINT('',(5.5,-4.2,7.));
#75960=DIRECTION('',(0.,1.,-5.55111512312578E-17));
#75970=VECTOR('',#75960,1.);
#75980=LINE('',#75950,#75970);
#75990=EDGE_CURVE('',#75920,#75760,#75980,.T.);
#76000=ORIENTED_EDGE('',*,*,#75990,.F.);
#76010=EDGE_LOOP('',(#76000,#75940,#75860,#75780));
#76020=FACE_OUTER_BOUND('',#76010,.T.);
#76030=ADVANCED_FACE('',(#76020),#75680,.T.);
#76040=CARTESIAN_POINT('',(5.62,-4.52,2.5));
#76050=VERTEX_POINT('',#76040);
#76060=EDGE_CURVE('',#75840,#76050,#28420,.T.);
#76070=ORIENTED_EDGE('',*,*,#76060,.T.);
#76080=ORIENTED_EDGE('',*,*,#75850,.F.);
#76090=CARTESIAN_POINT('',(5.62,-3.88,2.5));
#76100=VERTEX_POINT('',#76090);
#76110=EDGE_CURVE('',#75740,#76100,#43260,.T.);
#76120=ORIENTED_EDGE('',*,*,#76110,.F.);
#76130=CARTESIAN_POINT('',(5.62,0.,2.5));
#76140=DIRECTION('',(0.,-1.,0.));
#76150=VECTOR('',#76140,1.);
#76160=LINE('',#76130,#76150);
#76170=EDGE_CURVE('',#76100,#76050,#76160,.T.);
#76180=ORIENTED_EDGE('',*,*,#76170,.F.);
#76190=EDGE_LOOP('',(#76180,#76120,#76080,#76070));
#76200=FACE_OUTER_BOUND('',#76190,.T.);
#76210=ADVANCED_FACE('',(#76200),#71750,.F.);
#76220=CARTESIAN_POINT('',(-1.25,-3.88,2.5));
#76230=DIRECTION('',(1.,0.,0.));
#76240=VECTOR('',#76230,1.);
#76250=LINE('',#76220,#76240);
#76260=CARTESIAN_POINT('',(4.98,-3.88,2.5));
#76270=VERTEX_POINT('',#76260);
#76280=EDGE_CURVE('',#76270,#76100,#76250,.T.);
#76290=ORIENTED_EDGE('',*,*,#76280,.F.);
#76300=ORIENTED_EDGE('',*,*,#76110,.T.);
#76310=CARTESIAN_POINT('',(5.36,-3.88,6.65));
#76320=DIRECTION('',(1.,0.,0.));
#76330=VECTOR('',#76320,1.);
#76340=LINE('',#76310,#76330);
#76350=CARTESIAN_POINT('',(4.98,-3.88,6.65));
#76360=VERTEX_POINT('',#76350);
#76370=EDGE_CURVE('',#76360,#75740,#76340,.T.);
#76380=ORIENTED_EDGE('',*,*,#76370,.T.);
#76390=EDGE_CURVE('',#76270,#76360,#43100,.T.);
#76400=ORIENTED_EDGE('',*,*,#76390,.T.);
#76410=EDGE_LOOP('',(#76400,#76380,#76300,#76290));
#76420=FACE_OUTER_BOUND('',#76410,.T.);
#76430=ADVANCED_FACE('',(#76420),#43050,.F.);
#76440=CARTESIAN_POINT('',(5.36,-3.94,6.825));
#76450=DIRECTION('',(-0.,0.945945945945946,0.324324324324325));
#76460=DIRECTION('',(0.,-0.324324324324325,0.945945945945946));
#76470=AXIS2_PLACEMENT_3D('',#76440,#76450,#76460);
#76480=PLANE('',#76470);
#76490=ORIENTED_EDGE('',*,*,#75770,.F.);
#76500=CARTESIAN_POINT('',(5.36,-4.,7.));
#76510=DIRECTION('',(1.,0.,0.));
#76520=VECTOR('',#76510,1.);
#76530=LINE('',#76500,#76520);
#76540=CARTESIAN_POINT('',(5.1,-4.,7.));
#76550=VERTEX_POINT('',#76540);
#76560=EDGE_CURVE('',#76550,#75760,#76530,.T.);
#76570=ORIENTED_EDGE('',*,*,#76560,.T.);
#76580=CARTESIAN_POINT('',(3.18,-2.08,1.4));
#76590=DIRECTION('',(-0.308504698037437,0.308504698037437,
-0.899805369275856));
#76600=VECTOR('',#76590,1.);
#76610=LINE('',#76580,#76600);
#76620=EDGE_CURVE('',#76550,#76360,#76610,.T.);
#76630=ORIENTED_EDGE('',*,*,#76620,.F.);
#76640=ORIENTED_EDGE('',*,*,#76370,.F.);
#76650=EDGE_LOOP('',(#76640,#76630,#76570,#76490));
#76660=FACE_OUTER_BOUND('',#76650,.T.);
#76670=ADVANCED_FACE('',(#76660),#76480,.T.);
#76680=CARTESIAN_POINT('',(5.62,-4.52,7.));
#76690=DIRECTION('',(0.,5.55111512312578E-17,1.));
#76700=DIRECTION('',(-1.,0.,0.));
#76710=AXIS2_PLACEMENT_3D('',#76680,#76690,#76700);
#76720=PLANE('',#76710);
#76730=CARTESIAN_POINT('',(5.3,-4.4,7.));
#76740=DIRECTION('',(1.,0.,0.));
#76750=VECTOR('',#76740,1.);
#76760=LINE('',#76730,#76750);
#76770=CARTESIAN_POINT('',(5.1,-4.4,7.));
#76780=VERTEX_POINT('',#76770);
#76790=EDGE_CURVE('',#76780,#75920,#76760,.T.);
#76800=ORIENTED_EDGE('',*,*,#76790,.T.);
#76810=CARTESIAN_POINT('',(5.1,-4.14,7.));
#76820=DIRECTION('',(0.,1.,-5.55111512312578E-17));
#76830=VECTOR('',#76820,1.);
#76840=LINE('',#76810,#76830);
#76850=EDGE_CURVE('',#76780,#76550,#76840,.T.);
#76860=ORIENTED_EDGE('',*,*,#76850,.F.);
#76870=ORIENTED_EDGE('',*,*,#76560,.F.);
#76880=ORIENTED_EDGE('',*,*,#75990,.T.);
#76890=EDGE_LOOP('',(#76880,#76870,#76860,#76800));
#76900=FACE_OUTER_BOUND('',#76890,.T.);
#76910=ADVANCED_FACE('',(#76900),#76720,.T.);
#76920=CARTESIAN_POINT('',(5.3,-4.46,6.825));
#76930=DIRECTION('',(0.,0.945945945945946,-0.324324324324325));
#76940=DIRECTION('',(0.,0.324324324324325,0.945945945945946));
#76950=AXIS2_PLACEMENT_3D('',#76920,#76930,#76940);
#76960=PLANE('',#76950);
#76970=CARTESIAN_POINT('',(3.18,-6.32,1.4));
#76980=DIRECTION('',(0.308504698037437,0.308504698037437,
0.899805369275856));
#76990=VECTOR('',#76980,1.);
#77000=LINE('',#76970,#76990);
#77010=CARTESIAN_POINT('',(4.98,-4.52,6.65));
#77020=VERTEX_POINT('',#77010);
#77030=EDGE_CURVE('',#77020,#76780,#77000,.T.);
#77040=ORIENTED_EDGE('',*,*,#77030,.F.);
#77050=ORIENTED_EDGE('',*,*,#76790,.F.);
#77060=ORIENTED_EDGE('',*,*,#75930,.T.);
#77070=CARTESIAN_POINT('',(5.3,-4.52,6.65));
#77080=DIRECTION('',(1.,0.,0.));
#77090=VECTOR('',#77080,1.);
#77100=LINE('',#77070,#77090);
#77110=EDGE_CURVE('',#77020,#75840,#77100,.T.);
#77120=ORIENTED_EDGE('',*,*,#77110,.T.);
#77130=EDGE_LOOP('',(#77120,#77060,#77050,#77040));
#77140=FACE_OUTER_BOUND('',#77130,.T.);
#77150=ADVANCED_FACE('',(#77140),#76960,.F.);
#77160=CARTESIAN_POINT('',(5.04,-4.14,6.825));
#77170=DIRECTION('',(0.945945945945946,-1.80036166155431E-17,
-0.324324324324325));
#77180=DIRECTION('',(-0.324324324324325,-5.25105484620007E-17,
-0.945945945945946));
#77190=AXIS2_PLACEMENT_3D('',#77160,#77170,#77180);
#77200=PLANE('',#77190);
#77210=ORIENTED_EDGE('',*,*,#77030,.T.);
#77220=CARTESIAN_POINT('',(4.98,-4.14,6.65));
#77230=DIRECTION('',(0.,1.,-5.55111512312578E-17));
#77240=VECTOR('',#77230,1.);
#77250=LINE('',#77220,#77240);
#77260=EDGE_CURVE('',#77020,#76360,#77250,.T.);
#77270=ORIENTED_EDGE('',*,*,#77260,.F.);
#77280=ORIENTED_EDGE('',*,*,#76620,.T.);
#77290=ORIENTED_EDGE('',*,*,#76850,.T.);
#77300=EDGE_LOOP('',(#77290,#77280,#77270,#77210));
#77310=FACE_OUTER_BOUND('',#77300,.T.);
#77320=ADVANCED_FACE('',(#77310),#77200,.F.);
#77330=CARTESIAN_POINT('',(4.98,-4.52,7.));
#77340=DIRECTION('',(-1.,-0.,0.));
#77350=DIRECTION('',(0.,-5.55111512312578E-17,-1.));
#77360=AXIS2_PLACEMENT_3D('',#77330,#77340,#77350);
#77370=PLANE('',#77360);
#77380=ORIENTED_EDGE('',*,*,#76390,.F.);
#77390=ORIENTED_EDGE('',*,*,#77260,.T.);
#77400=CARTESIAN_POINT('',(4.98,-4.52,2.5));
#77410=VERTEX_POINT('',#77400);
#77420=EDGE_CURVE('',#77020,#77410,#27980,.T.);
#77430=ORIENTED_EDGE('',*,*,#77420,.F.);
#77440=CARTESIAN_POINT('',(4.98,0.,2.5));
#77450=DIRECTION('',(0.,-1.,0.));
#77460=VECTOR('',#77450,1.);
#77470=LINE('',#77440,#77460);
#77480=EDGE_CURVE('',#76270,#77410,#77470,.T.);
#77490=ORIENTED_EDGE('',*,*,#77480,.T.);
#77500=EDGE_LOOP('',(#77490,#77430,#77390,#77380));
#77510=FACE_OUTER_BOUND('',#77500,.T.);
#77520=ADVANCED_FACE('',(#77510),#77370,.T.);
#77530=ORIENTED_EDGE('',*,*,#77420,.T.);
#77540=ORIENTED_EDGE('',*,*,#77110,.F.);
#77550=ORIENTED_EDGE('',*,*,#76060,.F.);
#77560=CARTESIAN_POINT('',(-1.25,-4.52,2.5));
#77570=DIRECTION('',(1.,0.,0.));
#77580=VECTOR('',#77570,1.);
#77590=LINE('',#77560,#77580);
#77600=EDGE_CURVE('',#77410,#76050,#77590,.T.);
#77610=ORIENTED_EDGE('',*,*,#77600,.T.);
#77620=EDGE_LOOP('',(#77610,#77550,#77540,#77530));
#77630=FACE_OUTER_BOUND('',#77620,.T.);
#77640=ADVANCED_FACE('',(#77630),#27840,.T.);
#77650=CARTESIAN_POINT('',(13.06,-4.2,6.825));
#77660=DIRECTION('',(0.945945945945946,1.80036166155431E-17,
0.324324324324325));
#77670=DIRECTION('',(0.324324324324325,-5.25105484620007E-17,
-0.945945945945946));
#77680=AXIS2_PLACEMENT_3D('',#77650,#77660,#77670);
#77690=PLANE('',#77680);
#77700=CARTESIAN_POINT('',(14.92,-2.08,1.4));
#77710=DIRECTION('',(-0.308504698037437,-0.308504698037437,
0.899805369275856));
#77720=VECTOR('',#77710,1.);
#77730=LINE('',#77700,#77720);
#77740=CARTESIAN_POINT('',(13.,-4.,7.));
#77750=VERTEX_POINT('',#77740);
#77760=EDGE_CURVE('',#67060,#77750,#77730,.T.);
#77770=ORIENTED_EDGE('',*,*,#77760,.T.);
#77780=ORIENTED_EDGE('',*,*,#67070,.T.);
#77790=CARTESIAN_POINT('',(14.92,-6.32,1.4));
#77800=DIRECTION('',(-0.308504698037437,0.308504698037437,
0.899805369275856));
#77810=VECTOR('',#77800,1.);
#77820=LINE('',#77790,#77810);
#77830=CARTESIAN_POINT('',(13.,-4.4,7.));
#77840=VERTEX_POINT('',#77830);
#77850=EDGE_CURVE('',#23050,#77840,#77820,.T.);
#77860=ORIENTED_EDGE('',*,*,#77850,.F.);
#77870=CARTESIAN_POINT('',(13.,-4.2,7.));
#77880=DIRECTION('',(0.,1.,-5.55111512312578E-17));
#77890=VECTOR('',#77880,1.);
#77900=LINE('',#77870,#77890);
#77910=EDGE_CURVE('',#77840,#77750,#77900,.T.);
#77920=ORIENTED_EDGE('',*,*,#77910,.F.);
#77930=EDGE_LOOP('',(#77920,#77860,#77780,#77770));
#77940=FACE_OUTER_BOUND('',#77930,.T.);
#77950=ADVANCED_FACE('',(#77940),#77690,.T.);
#77960=ORIENTED_EDGE('',*,*,#43570,.F.);
#77970=ORIENTED_EDGE('',*,*,#43130,.F.);
#77980=ORIENTED_EDGE('',*,*,#38670,.T.);
#77990=ORIENTED_EDGE('',*,*,#28010,.F.);
#78000=EDGE_LOOP('',(#77990,#77980,#77970,#77960));
#78010=FACE_OUTER_BOUND('',#78000,.T.);
#78020=ADVANCED_FACE('',(#78010),#77370,.T.);
#78030=ORIENTED_EDGE('',*,*,#39300,.T.);
#78040=ORIENTED_EDGE('',*,*,#51140,.T.);
#78050=ORIENTED_EDGE('',*,*,#57990,.F.);
#78060=ORIENTED_EDGE('',*,*,#57490,.T.);
#78070=EDGE_LOOP('',(#78060,#78050,#78040,#78030));
#78080=FACE_OUTER_BOUND('',#78070,.T.);
#78090=ADVANCED_FACE('',(#78080),#75510,.F.);
#78100=CARTESIAN_POINT('',(12.86,-3.94,6.825));
#78110=DIRECTION('',(-0.,0.945945945945946,0.324324324324325));
#78120=DIRECTION('',(0.,-0.324324324324325,0.945945945945946));
#78130=AXIS2_PLACEMENT_3D('',#78100,#78110,#78120);
#78140=PLANE('',#78130);
#78150=ORIENTED_EDGE('',*,*,#77760,.F.);
#78160=CARTESIAN_POINT('',(12.86,-4.,7.));
#78170=DIRECTION('',(1.,0.,0.));
#78180=VECTOR('',#78170,1.);
#78190=LINE('',#78160,#78180);
#78200=CARTESIAN_POINT('',(12.6,-4.,7.));
#78210=VERTEX_POINT('',#78200);
#78220=EDGE_CURVE('',#78210,#77750,#78190,.T.);
#78230=ORIENTED_EDGE('',*,*,#78220,.T.);
#78240=CARTESIAN_POINT('',(10.68,-2.08,1.4));
#78250=DIRECTION('',(-0.308504698037437,0.308504698037437,
-0.899805369275856));
#78260=VECTOR('',#78250,1.);
#78270=LINE('',#78240,#78260);
#78280=EDGE_CURVE('',#78210,#69880,#78270,.T.);
#78290=ORIENTED_EDGE('',*,*,#78280,.F.);
#78300=ORIENTED_EDGE('',*,*,#69890,.F.);
#78310=EDGE_LOOP('',(#78300,#78290,#78230,#78150));
#78320=FACE_OUTER_BOUND('',#78310,.T.);
#78330=ADVANCED_FACE('',(#78320),#78140,.T.);
#78340=CARTESIAN_POINT('',(13.12,-4.52,7.));
#78350=DIRECTION('',(0.,5.55111512312578E-17,1.));
#78360=DIRECTION('',(-1.,0.,0.));
#78370=AXIS2_PLACEMENT_3D('',#78340,#78350,#78360);
#78380=PLANE('',#78370);
#78390=CARTESIAN_POINT('',(12.8,-4.4,7.));
#78400=DIRECTION('',(1.,0.,0.));
#78410=VECTOR('',#78400,1.);
#78420=LINE('',#78390,#78410);
#78430=CARTESIAN_POINT('',(12.6,-4.4,7.));
#78440=VERTEX_POINT('',#78430);
#78450=EDGE_CURVE('',#78440,#77840,#78420,.T.);
#78460=ORIENTED_EDGE('',*,*,#78450,.T.);
#78470=CARTESIAN_POINT('',(12.6,-4.14,7.));
#78480=DIRECTION('',(0.,1.,-5.55111512312578E-17));
#78490=VECTOR('',#78480,1.);
#78500=LINE('',#78470,#78490);
#78510=EDGE_CURVE('',#78440,#78210,#78500,.T.);
#78520=ORIENTED_EDGE('',*,*,#78510,.F.);
#78530=ORIENTED_EDGE('',*,*,#78220,.F.);
#78540=ORIENTED_EDGE('',*,*,#77910,.T.);
#78550=EDGE_LOOP('',(#78540,#78530,#78520,#78460));
#78560=FACE_OUTER_BOUND('',#78550,.T.);
#78570=ADVANCED_FACE('',(#78560),#78380,.T.);
#78580=CARTESIAN_POINT('',(12.8,-4.46,6.825));
#78590=DIRECTION('',(0.,0.945945945945946,-0.324324324324325));
#78600=DIRECTION('',(0.,0.324324324324325,0.945945945945946));
#78610=AXIS2_PLACEMENT_3D('',#78580,#78590,#78600);
#78620=PLANE('',#78610);
#78630=CARTESIAN_POINT('',(10.68,-6.32,1.4));
#78640=DIRECTION('',(0.308504698037437,0.308504698037437,
0.899805369275856));
#78650=VECTOR('',#78640,1.);
#78660=LINE('',#78630,#78650);
#78670=EDGE_CURVE('',#22970,#78440,#78660,.T.);
#78680=ORIENTED_EDGE('',*,*,#78670,.F.);
#78690=ORIENTED_EDGE('',*,*,#78450,.F.);
#78700=ORIENTED_EDGE('',*,*,#77850,.T.);
#78710=ORIENTED_EDGE('',*,*,#23060,.T.);
#78720=EDGE_LOOP('',(#78710,#78700,#78690,#78680));
#78730=FACE_OUTER_BOUND('',#78720,.T.);
#78740=ADVANCED_FACE('',(#78730),#78620,.F.);
#78750=CARTESIAN_POINT('',(12.54,-4.14,6.825));
#78760=DIRECTION('',(0.945945945945946,-1.80036166155431E-17,
-0.324324324324325));
#78770=DIRECTION('',(-0.324324324324325,-5.25105484620007E-17,
-0.945945945945946));
#78780=AXIS2_PLACEMENT_3D('',#78750,#78760,#78770);
#78790=PLANE('',#78780);
#78800=ORIENTED_EDGE('',*,*,#78670,.T.);
#78810=ORIENTED_EDGE('',*,*,#70910,.F.);
#78820=ORIENTED_EDGE('',*,*,#78280,.T.);
#78830=ORIENTED_EDGE('',*,*,#78510,.T.);
#78840=EDGE_LOOP('',(#78830,#78820,#78810,#78800));
#78850=FACE_OUTER_BOUND('',#78840,.T.);
#78860=ADVANCED_FACE('',(#78850),#78790,.F.);
#78870=ORIENTED_EDGE('',*,*,#48550,.F.);
#78880=EDGE_CURVE('',#39640,#47860,#72000,.T.);
#78890=ORIENTED_EDGE('',*,*,#78880,.T.);
#78900=ORIENTED_EDGE('',*,*,#39650,.T.);
#78910=ORIENTED_EDGE('',*,*,#34790,.T.);
#78920=EDGE_LOOP('',(#78910,#78900,#78890,#78870));
#78930=FACE_OUTER_BOUND('',#78920,.T.);
#78940=ADVANCED_FACE('',(#78930),#73020,.F.);
#78950=CARTESIAN_POINT('',(18.2999995380496,-1.2,10.65));
#78960=DIRECTION('',(0.,0.707106781186548,-0.707106781186547));
#78970=DIRECTION('',(-1.57009245868377E-15,0.707106781186547,
0.707106781186548));
#78980=AXIS2_PLACEMENT_3D('',#78950,#78960,#78970);
#78990=PLANE('',#78980);
#79000=ORIENTED_EDGE('',*,*,#24240,.T.);
#79010=ORIENTED_EDGE('',*,*,#32260,.T.);
#79020=ORIENTED_EDGE('',*,*,#24410,.F.);
#79030=ORIENTED_EDGE('',*,*,#6070,.T.);
#79040=EDGE_LOOP('',(#79030,#79020,#79010,#79000));
#79050=FACE_OUTER_BOUND('',#79040,.T.);
#79060=ADVANCED_FACE('',(#79050),#78990,.F.);
#79070=CARTESIAN_POINT('',(15.56,-4.2,6.825));
#79080=DIRECTION('',(0.945945945945946,1.80036166155431E-17,
0.324324324324325));
#79090=DIRECTION('',(0.324324324324325,-5.25105484620007E-17,
-0.945945945945946));
#79100=AXIS2_PLACEMENT_3D('',#79070,#79080,#79090);
#79110=PLANE('',#79100);
#79120=CARTESIAN_POINT('',(17.42,-2.08,1.4));
#79130=DIRECTION('',(-0.308504698037437,-0.308504698037437,
0.899805369275856));
#79140=VECTOR('',#79130,1.);
#79150=LINE('',#79120,#79140);
#79160=CARTESIAN_POINT('',(15.5,-4.,7.));
#79170=VERTEX_POINT('',#79160);
#79180=EDGE_CURVE('',#56240,#79170,#79150,.T.);
#79190=ORIENTED_EDGE('',*,*,#79180,.T.);
#79200=CARTESIAN_POINT('',(15.62,-4.2,6.65));
#79210=DIRECTION('',(0.,1.,-5.55111512312578E-17));
#79220=VECTOR('',#79210,1.);
#79230=LINE('',#79200,#79220);
#79240=EDGE_CURVE('',#13360,#56240,#79230,.T.);
#79250=ORIENTED_EDGE('',*,*,#79240,.T.);
#79260=CARTESIAN_POINT('',(17.42,-6.32,1.4));
#79270=DIRECTION('',(-0.308504698037437,0.308504698037437,
0.899805369275856));
#79280=VECTOR('',#79270,1.);
#79290=LINE('',#79260,#79280);
#79300=CARTESIAN_POINT('',(15.5,-4.4,7.));
#79310=VERTEX_POINT('',#79300);
#79320=EDGE_CURVE('',#13360,#79310,#79290,.T.);
#79330=ORIENTED_EDGE('',*,*,#79320,.F.);
#79340=CARTESIAN_POINT('',(15.5,-4.2,7.));
#79350=DIRECTION('',(0.,1.,-5.55111512312578E-17));
#79360=VECTOR('',#79350,1.);
#79370=LINE('',#79340,#79360);
#79380=EDGE_CURVE('',#79310,#79170,#79370,.T.);
#79390=ORIENTED_EDGE('',*,*,#79380,.F.);
#79400=EDGE_LOOP('',(#79390,#79330,#79250,#79190));
#79410=FACE_OUTER_BOUND('',#79400,.T.);
#79420=ADVANCED_FACE('',(#79410),#79110,.T.);
#79430=ORIENTED_EDGE('',*,*,#13430,.T.);
#79440=ORIENTED_EDGE('',*,*,#79240,.F.);
#79450=ORIENTED_EDGE('',*,*,#56430,.F.);
#79460=CARTESIAN_POINT('',(15.62,0.,2.5));
#79470=DIRECTION('',(0.,1.,0.));
#79480=VECTOR('',#79470,1.);
#79490=LINE('',#79460,#79480);
#79500=EDGE_CURVE('',#13180,#56360,#79490,.T.);
#79510=ORIENTED_EDGE('',*,*,#79500,.T.);
#79520=EDGE_LOOP('',(#79510,#79450,#79440,#79430));
#79530=FACE_OUTER_BOUND('',#79520,.T.);
#79540=ADVANCED_FACE('',(#79530),#64690,.F.);
#79550=CARTESIAN_POINT('',(10.6,-5.9,0.));
#79560=DIRECTION('',(1.,0.,0.));
#79570=DIRECTION('',(0.,1.,0.));
#79580=AXIS2_PLACEMENT_3D('',#79550,#79560,#79570);
#79590=PLANE('',#79580);
#79600=CARTESIAN_POINT('',(10.6,-6.65,0.15));
#79610=DIRECTION('',(0.,1.,0.));
#79620=VECTOR('',#79610,1.);
#79630=LINE('',#79600,#79620);
#79640=CARTESIAN_POINT('',(10.6,-7.4,0.150000000000001));
#79650=VERTEX_POINT('',#79640);
#79660=EDGE_CURVE('',#79650,#66170,#79630,.T.);
#79670=ORIENTED_EDGE('',*,*,#79660,.F.);
#79680=ORIENTED_EDGE('',*,*,#66180,.T.);
#79690=CARTESIAN_POINT('',(10.6,0.,-0.611383261947974));
#79700=DIRECTION('',(0.,0.977102639903886,-0.212768491776527));
#79710=VECTOR('',#79700,1.);
#79720=LINE('',#79690,#79710);
#79730=CARTESIAN_POINT('',(10.6,-7.4,1.));
#79740=VERTEX_POINT('',#79730);
#79750=EDGE_CURVE('',#79740,#66090,#79720,.T.);
#79760=ORIENTED_EDGE('',*,*,#79750,.T.);
#79770=CARTESIAN_POINT('',(10.6,-7.4,0.));
#79780=DIRECTION('',(0.,0.,-1.));
#79790=VECTOR('',#79780,1.);
#79800=LINE('',#79770,#79790);
#79810=EDGE_CURVE('',#79740,#79650,#79800,.T.);
#79820=ORIENTED_EDGE('',*,*,#79810,.F.);
#79830=EDGE_LOOP('',(#79820,#79760,#79680,#79670));
#79840=FACE_OUTER_BOUND('',#79830,.T.);
#79850=ADVANCED_FACE('',(#79840),#79590,.F.);
#79860=CARTESIAN_POINT('',(15.36,-3.94,6.825));
#79870=DIRECTION('',(-0.,0.945945945945946,0.324324324324325));
#79880=DIRECTION('',(0.,-0.324324324324325,0.945945945945946));
#79890=AXIS2_PLACEMENT_3D('',#79860,#79870,#79880);
#79900=PLANE('',#79890);
#79910=ORIENTED_EDGE('',*,*,#79180,.F.);
#79920=CARTESIAN_POINT('',(15.36,-4.,7.));
#79930=DIRECTION('',(1.,0.,0.));
#79940=VECTOR('',#79930,1.);
#79950=LINE('',#79920,#79940);
#79960=CARTESIAN_POINT('',(15.1,-4.,7.));
#79970=VERTEX_POINT('',#79960);
#79980=EDGE_CURVE('',#79970,#79170,#79950,.T.);
#79990=ORIENTED_EDGE('',*,*,#79980,.T.);
#80000=CARTESIAN_POINT('',(13.18,-2.08,1.4));
#80010=DIRECTION('',(-0.308504698037437,0.308504698037437,
-0.899805369275856));
#80020=VECTOR('',#80010,1.);
#80030=LINE('',#80000,#80020);
#80040=EDGE_CURVE('',#79970,#56220,#80030,.T.);
#80050=ORIENTED_EDGE('',*,*,#80040,.F.);
#80060=ORIENTED_EDGE('',*,*,#56250,.F.);
#80070=EDGE_LOOP('',(#80060,#80050,#79990,#79910));
#80080=FACE_OUTER_BOUND('',#80070,.T.);
#80090=ADVANCED_FACE('',(#80080),#79900,.T.);
#80100=CARTESIAN_POINT('',(15.62,-4.52,7.));
#80110=DIRECTION('',(0.,5.55111512312578E-17,1.));
#80120=DIRECTION('',(-1.,0.,0.));
#80130=AXIS2_PLACEMENT_3D('',#80100,#80110,#80120);
#80140=PLANE('',#80130);
#80150=CARTESIAN_POINT('',(15.3,-4.4,7.));
#80160=DIRECTION('',(1.,0.,0.));
#80170=VECTOR('',#80160,1.);
#80180=LINE('',#80150,#80170);
#80190=CARTESIAN_POINT('',(15.1,-4.4,7.));
#80200=VERTEX_POINT('',#80190);
#80210=EDGE_CURVE('',#80200,#79310,#80180,.T.);
#80220=ORIENTED_EDGE('',*,*,#80210,.T.);
#80230=CARTESIAN_POINT('',(15.1,-4.14,7.));
#80240=DIRECTION('',(0.,1.,-5.55111512312578E-17));
#80250=VECTOR('',#80240,1.);
#80260=LINE('',#80230,#80250);
#80270=EDGE_CURVE('',#80200,#79970,#80260,.T.);
#80280=ORIENTED_EDGE('',*,*,#80270,.F.);
#80290=ORIENTED_EDGE('',*,*,#79980,.F.);
#80300=ORIENTED_EDGE('',*,*,#79380,.T.);
#80310=EDGE_LOOP('',(#80300,#80290,#80280,#80220));
#80320=FACE_OUTER_BOUND('',#80310,.T.);
#80330=ADVANCED_FACE('',(#80320),#80140,.T.);
#80340=CARTESIAN_POINT('',(15.3,-4.46,6.825));
#80350=DIRECTION('',(0.,0.945945945945946,-0.324324324324325));
#80360=DIRECTION('',(0.,0.324324324324325,0.945945945945946));
#80370=AXIS2_PLACEMENT_3D('',#80340,#80350,#80360);
#80380=PLANE('',#80370);
#80390=CARTESIAN_POINT('',(13.18,-6.32,1.4));
#80400=DIRECTION('',(0.308504698037437,0.308504698037437,
0.899805369275856));
#80410=VECTOR('',#80400,1.);
#80420=LINE('',#80390,#80410);
#80430=EDGE_CURVE('',#13280,#80200,#80420,.T.);
#80440=ORIENTED_EDGE('',*,*,#80430,.F.);
#80450=ORIENTED_EDGE('',*,*,#80210,.F.);
#80460=ORIENTED_EDGE('',*,*,#79320,.T.);
#80470=ORIENTED_EDGE('',*,*,#13370,.T.);
#80480=EDGE_LOOP('',(#80470,#80460,#80450,#80440));
#80490=FACE_OUTER_BOUND('',#80480,.T.);
#80500=ADVANCED_FACE('',(#80490),#80380,.F.);
#80510=CARTESIAN_POINT('',(15.04,-4.14,6.825));
#80520=DIRECTION('',(0.945945945945946,-1.80036166155431E-17,
-0.324324324324325));
#80530=DIRECTION('',(-0.324324324324325,-5.25105484620007E-17,
-0.945945945945946));
#80540=AXIS2_PLACEMENT_3D('',#80510,#80520,#80530);
#80550=PLANE('',#80540);
#80560=ORIENTED_EDGE('',*,*,#80430,.T.);
#80570=CARTESIAN_POINT('',(14.98,-4.14,6.65));
#80580=DIRECTION('',(0.,1.,-5.55111512312578E-17));
#80590=VECTOR('',#80580,1.);
#80600=LINE('',#80570,#80590);
#80610=EDGE_CURVE('',#13280,#56220,#80600,.T.);
#80620=ORIENTED_EDGE('',*,*,#80610,.F.);
#80630=ORIENTED_EDGE('',*,*,#80040,.T.);
#80640=ORIENTED_EDGE('',*,*,#80270,.T.);
#80650=EDGE_LOOP('',(#80640,#80630,#80620,#80560));
#80660=FACE_OUTER_BOUND('',#80650,.T.);
#80670=ADVANCED_FACE('',(#80660),#80550,.F.);
#80680=CARTESIAN_POINT('',(19.5499995380496,-7.4,-5.0400024));
#80690=DIRECTION('',(-0.,-1.,-0.));
#80700=DIRECTION('',(-1.,0.,0.));
#80710=AXIS2_PLACEMENT_3D('',#80680,#80690,#80700);
#80720=PLANE('',#80710);
#80730=ORIENTED_EDGE('',*,*,#54090,.T.);
#80740=ORIENTED_EDGE('',*,*,#53870,.T.);
#80750=CARTESIAN_POINT('',(8.30000026902482,-7.4,0.));
#80760=DIRECTION('',(0.,0.,1.));
#80770=VECTOR('',#80760,1.);
#80780=LINE('',#80750,#80770);
#80790=CARTESIAN_POINT('',(8.30000026902482,-7.4,5.));
#80800=VERTEX_POINT('',#80790);
#80810=EDGE_CURVE('',#53780,#80800,#80780,.T.);
#80820=ORIENTED_EDGE('',*,*,#80810,.F.);
#80830=CARTESIAN_POINT('',(0.,-7.4,5.));
#80840=DIRECTION('',(1.,0.,0.));
#80850=VECTOR('',#80840,1.);
#80860=LINE('',#80830,#80850);
#80870=EDGE_CURVE('',#54080,#80800,#80860,.T.);
#80880=ORIENTED_EDGE('',*,*,#80870,.T.);
#80890=EDGE_LOOP('',(#80880,#80820,#80740,#80730));
#80900=FACE_BOUND('',#80890,.T.);
#80910=CARTESIAN_POINT('',(0.,-7.4,5.));
#80920=DIRECTION('',(-1.,0.,0.));
#80930=VECTOR('',#80920,1.);
#80940=LINE('',#80910,#80930);
#80950=CARTESIAN_POINT('',(15.6999995380496,-7.4,5.));
#80960=VERTEX_POINT('',#80950);
#80970=EDGE_CURVE('',#80960,#11490,#80940,.T.);
#80980=ORIENTED_EDGE('',*,*,#80970,.F.);
#80990=ORIENTED_EDGE('',*,*,#11720,.T.);
#81000=CARTESIAN_POINT('',(0.,-7.4,1.5));
#81010=DIRECTION('',(1.,0.,0.));
#81020=VECTOR('',#81010,1.);
#81030=LINE('',#81000,#81020);
#81040=CARTESIAN_POINT('',(15.6999995380496,-7.4,1.5));
#81050=VERTEX_POINT('',#81040);
#81060=EDGE_CURVE('',#11650,#81050,#81030,.T.);
#81070=ORIENTED_EDGE('',*,*,#81060,.F.);
#81080=CARTESIAN_POINT('',(15.6999995380496,-7.4,0.));
#81090=DIRECTION('',(0.,0.,1.));
#81100=VECTOR('',#81090,1.);
#81110=LINE('',#81080,#81100);
#81120=EDGE_CURVE('',#81050,#80960,#81110,.T.);
#81130=ORIENTED_EDGE('',*,*,#81120,.F.);
#81140=EDGE_LOOP('',(#81130,#81070,#80990,#80980));
#81150=FACE_BOUND('',#81140,.T.);
#81160=CARTESIAN_POINT('',(18.4999995380496,-7.4,0.));
#81170=DIRECTION('',(0.,0.,1.));
#81180=VECTOR('',#81170,1.);
#81190=LINE('',#81160,#81180);
#81200=EDGE_CURVE('',#34040,#69660,#81190,.T.);
#81210=ORIENTED_EDGE('',*,*,#81200,.T.);
#81220=ORIENTED_EDGE('',*,*,#34050,.F.);
#81230=ORIENTED_EDGE('',*,*,#34350,.T.);
#81240=CARTESIAN_POINT('',(18.0999995380496,-7.4,0.));
#81250=DIRECTION('',(0.,0.,-1.));
#81260=VECTOR('',#81250,1.);
#81270=LINE('',#81240,#81260);
#81280=CARTESIAN_POINT('',(18.0999995380496,-7.4,1.));
#81290=VERTEX_POINT('',#81280);
#81300=EDGE_CURVE('',#81290,#34280,#81270,.T.);
#81310=ORIENTED_EDGE('',*,*,#81300,.T.);
#81320=CARTESIAN_POINT('',(0.,-7.4,1.));
#81330=DIRECTION('',(1.,0.,0.));
#81340=VECTOR('',#81330,1.);
#81350=LINE('',#81320,#81340);
#81360=EDGE_CURVE('',#63020,#81290,#81350,.T.);
#81370=ORIENTED_EDGE('',*,*,#81360,.T.);
#81380=ORIENTED_EDGE('',*,*,#63030,.T.);
#81390=ORIENTED_EDGE('',*,*,#62850,.F.);
#81400=EDGE_CURVE('',#67900,#62760,#61780,.T.);
#81410=ORIENTED_EDGE('',*,*,#81400,.T.);
#81420=ORIENTED_EDGE('',*,*,#67910,.F.);
#81430=ORIENTED_EDGE('',*,*,#67670,.T.);
#81440=CARTESIAN_POINT('',(0.,-7.4,1.));
#81450=DIRECTION('',(-1.,0.,0.));
#81460=VECTOR('',#81450,1.);
#81470=LINE('',#81440,#81460);
#81480=EDGE_CURVE('',#67580,#66580,#81470,.T.);
#81490=ORIENTED_EDGE('',*,*,#81480,.F.);
#81500=ORIENTED_EDGE('',*,*,#66590,.F.);
#81510=ORIENTED_EDGE('',*,*,#66870,.F.);
#81520=ORIENTED_EDGE('',*,*,#61830,.T.);
#81530=CARTESIAN_POINT('',(0.,-7.4,13.25));
#81540=DIRECTION('',(0.707106781186548,0.,-0.707106781186547));
#81550=VECTOR('',#81540,1.);
#81560=LINE('',#81530,#81550);
#81570=CARTESIAN_POINT('',(13.1,-7.4,0.150000000000002));
#81580=VERTEX_POINT('',#81570);
#81590=EDGE_CURVE('',#81580,#61800,#81560,.T.);
#81600=ORIENTED_EDGE('',*,*,#81590,.T.);
#81610=CARTESIAN_POINT('',(13.1,-7.4,0.));
#81620=DIRECTION('',(0.,0.,1.));
#81630=VECTOR('',#81620,1.);
#81640=LINE('',#81610,#81630);
#81650=CARTESIAN_POINT('',(13.1,-7.4,1.));
#81660=VERTEX_POINT('',#81650);
#81670=EDGE_CURVE('',#81580,#81660,#81640,.T.);
#81680=ORIENTED_EDGE('',*,*,#81670,.F.);
#81690=CARTESIAN_POINT('',(12.5,-7.4,1.));
#81700=VERTEX_POINT('',#81690);
#81710=EDGE_CURVE('',#81700,#81660,#81350,.T.);
#81720=ORIENTED_EDGE('',*,*,#81710,.T.);
#81730=CARTESIAN_POINT('',(12.5,-7.4,0.));
#81740=DIRECTION('',(0.,0.,1.));
#81750=VECTOR('',#81740,1.);
#81760=LINE('',#81730,#81750);
#81770=CARTESIAN_POINT('',(12.5,-7.4,0.15));
#81780=VERTEX_POINT('',#81770);
#81790=EDGE_CURVE('',#81780,#81700,#81760,.T.);
#81800=ORIENTED_EDGE('',*,*,#81790,.T.);
#81810=CARTESIAN_POINT('',(0.,-7.4,-12.35));
#81820=DIRECTION('',(0.707106781186548,0.,0.707106781186547));
#81830=VECTOR('',#81820,1.);
#81840=LINE('',#81810,#81830);
#81850=EDGE_CURVE('',#53060,#81780,#81840,.T.);
#81860=ORIENTED_EDGE('',*,*,#81850,.T.);
#81870=ORIENTED_EDGE('',*,*,#53070,.T.);
#81880=CARTESIAN_POINT('',(10.75,-7.4,0.));
#81890=DIRECTION('',(-0.707106781186547,0.,0.707106781186548));
#81900=VECTOR('',#81890,1.);
#81910=LINE('',#81880,#81900);
#81920=EDGE_CURVE('',#53040,#79650,#81910,.T.);
#81930=ORIENTED_EDGE('',*,*,#81920,.F.);
#81940=ORIENTED_EDGE('',*,*,#79810,.T.);
#81950=CARTESIAN_POINT('',(10.,-7.4,1.));
#81960=VERTEX_POINT('',#81950);
#81970=EDGE_CURVE('',#81960,#79740,#81350,.T.);
#81980=ORIENTED_EDGE('',*,*,#81970,.T.);
#81990=CARTESIAN_POINT('',(10.,-7.4,0.));
#82000=DIRECTION('',(0.,0.,-1.));
#82010=VECTOR('',#82000,1.);
#82020=LINE('',#81990,#82010);
#82030=EDGE_CURVE('',#81960,#30970,#82020,.T.);
#82040=ORIENTED_EDGE('',*,*,#82030,.F.);
#82050=ORIENTED_EDGE('',*,*,#31220,.T.);
#82060=ORIENTED_EDGE('',*,*,#50180,.F.);
#82070=CARTESIAN_POINT('',(8.25,-7.4,0.));
#82080=DIRECTION('',(-0.707106781186547,0.,0.707106781186548));
#82090=VECTOR('',#82080,1.);
#82100=LINE('',#82070,#82090);
#82110=EDGE_CURVE('',#50170,#14800,#82100,.T.);
#82120=ORIENTED_EDGE('',*,*,#82110,.F.);
#82130=ORIENTED_EDGE('',*,*,#14810,.T.);
#82140=EDGE_CURVE('',#13980,#14780,#81350,.T.);
#82150=ORIENTED_EDGE('',*,*,#82140,.T.);
#82160=ORIENTED_EDGE('',*,*,#14010,.F.);
#82170=ORIENTED_EDGE('',*,*,#27350,.T.);
#82180=ORIENTED_EDGE('',*,*,#790,.F.);
#82190=CARTESIAN_POINT('',(5.75,-7.4,0.));
#82200=DIRECTION('',(-0.707106781186547,0.,0.707106781186548));
#82210=VECTOR('',#82200,1.);
#82220=LINE('',#82190,#82210);
#82230=EDGE_CURVE('',#680,#71320,#82220,.T.);
#82240=ORIENTED_EDGE('',*,*,#82230,.F.);
#82250=ORIENTED_EDGE('',*,*,#71330,.T.);
#82260=EDGE_CURVE('',#37300,#71240,#81350,.T.);
#82270=ORIENTED_EDGE('',*,*,#82260,.T.);
#82280=ORIENTED_EDGE('',*,*,#37310,.T.);
#82290=ORIENTED_EDGE('',*,*,#37000,.T.);
#82300=ORIENTED_EDGE('',*,*,#36530,.F.);
#82310=CARTESIAN_POINT('',(4.6,-7.4,0.));
#82320=DIRECTION('',(0.,0.,-1.));
#82330=VECTOR('',#82320,1.);
#82340=LINE('',#82310,#82330);
#82350=EDGE_CURVE('',#44310,#36440,#82340,.T.);
#82360=ORIENTED_EDGE('',*,*,#82350,.T.);
#82370=ORIENTED_EDGE('',*,*,#69730,.T.);
#82380=EDGE_LOOP('',(#82370,#82360,#82300,#82290,#82280,#82270,#82250,
#82240,#82180,#82170,#82160,#82150,#82130,#82120,#82060,#82050,#82040,
#81980,#81940,#81930,#81870,#81860,#81800,#81720,#81680,#81600,#81520,
#81510,#81500,#81490,#81430,#81420,#81410,#81390,#81380,#81370,#81310,
#81230,#81220,#81210));
#82390=FACE_OUTER_BOUND('',#82380,.T.);
#82400=ADVANCED_FACE('',(#80900,#81150,#82390),#80720,.T.);
#82410=CARTESIAN_POINT('',(14.75,-1.,0.));
#82420=DIRECTION('',(0.,0.,-1.));
#82430=DIRECTION('',(-1.,0.,0.));
#82440=AXIS2_PLACEMENT_3D('',#82410,#82420,#82430);
#82450=CYLINDRICAL_SURFACE('',#82440,0.5);
#82460=ORIENTED_EDGE('',*,*,#31410,.F.);
#82470=ORIENTED_EDGE('',*,*,#30360,.T.);
#82480=ORIENTED_EDGE('',*,*,#71640,.F.);
#82490=CARTESIAN_POINT('',(14.25,-1.,0.));
#82500=DIRECTION('',(0.,0.,-1.));
#82510=VECTOR('',#82500,1.);
#82520=LINE('',#82490,#82510);
#82530=EDGE_CURVE('',#71560,#31400,#82520,.T.);
#82540=ORIENTED_EDGE('',*,*,#82530,.F.);
#82550=EDGE_LOOP('',(#82540,#82480,#82470,#82460));
#82560=FACE_OUTER_BOUND('',#82550,.T.);
#82570=ADVANCED_FACE('',(#82560),#82450,.F.);
#82580=CARTESIAN_POINT('',(19.2499995380496,-6.15,10.5));
#82590=DIRECTION('',(0.,0.,1.));
#82600=DIRECTION('',(-1.,0.,0.));
#82610=AXIS2_PLACEMENT_3D('',#82580,#82590,#82600);
#82620=CONICAL_SURFACE('',#82610,0.15,0.785398163397447);
#82630=CARTESIAN_POINT('',(19.2499995380496,-6.15,10.5));
#82640=DIRECTION('',(0.,0.,1.));
#82650=DIRECTION('',(1.,0.,0.));
#82660=AXIS2_PLACEMENT_3D('',#82630,#82640,#82650);
#82670=CIRCLE('',#82660,0.15);
#82680=EDGE_CURVE('',#50650,#13600,#82670,.T.);
#82690=ORIENTED_EDGE('',*,*,#82680,.F.);
#82700=ORIENTED_EDGE('',*,*,#32790,.F.);
#82710=ORIENTED_EDGE('',*,*,#5750,.F.);
#82720=ORIENTED_EDGE('',*,*,#71130,.T.);
#82730=EDGE_LOOP('',(#82720,#82710,#82700,#82690));
#82740=FACE_OUTER_BOUND('',#82730,.T.);
#82750=ADVANCED_FACE('',(#82740),#82620,.F.);
#82760=CARTESIAN_POINT('',(12.5,-5.9,0.));
#82770=DIRECTION('',(1.,0.,0.));
#82780=DIRECTION('',(0.,1.,0.));
#82790=AXIS2_PLACEMENT_3D('',#82760,#82770,#82780);
#82800=PLANE('',#82790);
#82810=ORIENTED_EDGE('',*,*,#66020,.F.);
#82820=CARTESIAN_POINT('',(12.5,-6.65,0.15));
#82830=DIRECTION('',(0.,-1.,0.));
#82840=VECTOR('',#82830,1.);
#82850=LINE('',#82820,#82840);
#82860=EDGE_CURVE('',#65930,#81780,#82850,.T.);
#82870=ORIENTED_EDGE('',*,*,#82860,.F.);
#82880=ORIENTED_EDGE('',*,*,#81790,.F.);
#82890=CARTESIAN_POINT('',(12.5,0.,-0.611383261947974));
#82900=DIRECTION('',(0.,0.977102639903886,-0.212768491776527));
#82910=VECTOR('',#82900,1.);
#82920=LINE('',#82890,#82910);
#82930=EDGE_CURVE('',#81700,#66010,#82920,.T.);
#82940=ORIENTED_EDGE('',*,*,#82930,.F.);
#82950=EDGE_LOOP('',(#82940,#82880,#82870,#82810));
#82960=FACE_OUTER_BOUND('',#82950,.T.);
#82970=ADVANCED_FACE('',(#82960),#82800,.T.);
#82980=CARTESIAN_POINT('',(16.6500002690248,0.,10.3));
#82990=DIRECTION('',(0.,1.,0.));
#83000=DIRECTION('',(1.,0.,0.));
#83010=AXIS2_PLACEMENT_3D('',#82980,#82990,#83000);
#83020=CYLINDRICAL_SURFACE('',#83010,0.5);
#83030=ORIENTED_EDGE('',*,*,#8270,.T.);
#83040=ORIENTED_EDGE('',*,*,#68200,.F.);
#83050=CARTESIAN_POINT('',(16.1500002690248,0.,10.3));
#83060=DIRECTION('',(0.,1.,0.));
#83070=VECTOR('',#83060,1.);
#83080=LINE('',#83050,#83070);
#83090=CARTESIAN_POINT('',(16.1500002690248,-0.750000001591593,10.3));
#83100=VERTEX_POINT('',#83090);
#83110=EDGE_CURVE('',#30190,#83100,#83080,.T.);
#83120=ORIENTED_EDGE('',*,*,#83110,.F.);
#83130=CARTESIAN_POINT('',(16.1500002690248,-0.750000001591593,10.3));
#83140=CARTESIAN_POINT('',(16.1500002690248,-0.749999987338313,
10.3141434450534));
#83150=CARTESIAN_POINT('',(16.1506006128708,-0.750240137538279,
10.3282794816952));
#83160=CARTESIAN_POINT('',(16.1520632330528,-0.750825185611114,
10.3454805663223));
#83170=CARTESIAN_POINT('',(16.1523574689674,-0.750942879976985,
10.3485944983948));
#83180=CARTESIAN_POINT('',(16.1542651839622,-0.751705965974908,
10.3669435560761));
#83190=CARTESIAN_POINT('',(16.1565478879284,-0.752619047545327,
10.3820880848314));
#83200=CARTESIAN_POINT('',(16.1652495150359,-0.756099698388343,
10.4260498445331));
#83210=CARTESIAN_POINT('',(16.1735222687684,-0.759408799889719,
10.4543621979276));
#83220=CARTESIAN_POINT('',(16.1944041053164,-0.767761534508889,
10.5079071233236));
#83230=CARTESIAN_POINT('',(16.2067884521429,-0.772715273247242,
10.533110317561));
#83240=CARTESIAN_POINT('',(16.2365085301768,-0.784603304460779,
10.5827028936997));
#83250=CARTESIAN_POINT('',(16.2540771784714,-0.791630763778639,
10.606787558436));
#83260=CARTESIAN_POINT('',(16.2921156921668,-0.806846169256803,
10.6503088805694));
#83270=CARTESIAN_POINT('',(16.3123516372442,-0.814940547273336,
10.6698264311607));
#83280=CARTESIAN_POINT('',(16.3486662515622,-0.829466393000539,
10.6994465431025));
#83290=CARTESIAN_POINT('',(16.3639741881795,-0.835589567656252,
10.710540198543));
#83300=CARTESIAN_POINT('',(16.3952959012017,-0.848118252865137,
10.7306558270154));
#83310=CARTESIAN_POINT('',(16.4112643927972,-0.854505649508951,
10.7397037765839));
#83320=CARTESIAN_POINT('',(16.4437378661634,-0.867495038855413,
10.755827700433));
#83330=CARTESIAN_POINT('',(16.4602078118745,-0.874083017138787,
10.7629237073923));
#83340=CARTESIAN_POINT('',(16.4935256884264,-0.887410167759553,
10.7752123146344));
#83350=CARTESIAN_POINT('',(16.5103448658503,-0.894137838730172,
10.780421511413));
#83360=CARTESIAN_POINT('',(16.5475059371195,-0.909002267237847,
10.7898226756345));
#83370=CARTESIAN_POINT('',(16.567898839439,-0.917159428165655,
10.7936476620817));
#83380=CARTESIAN_POINT('',(16.6088792533305,-0.933551593722248,
10.7987314196658));
#83390=CARTESIAN_POINT('',(16.6294439477143,-0.941740995923132,10.8));
#83400=CARTESIAN_POINT('',(16.6500002690248,-0.95,10.8));
#83410=B_SPLINE_CURVE_WITH_KNOTS('',3,(#83130,#83140,#83150,#83160,
#83170,#83180,#83190,#83200,#83210,#83220,#83230,#83240,#83250,#83260,
#83270,#83280,#83290,#83300,#83310,#83320,#83330,#83340,#83350,#83360,
#83370,#83380,#83390,#83400),.UNSPECIFIED.,.F.,.F.,(4,2,2,2,2,2,2,2,2,2,
2,2,2,4),(0.,0.0424272067193385,0.0518153809845233,0.097803240672458,
0.186627331454044,0.271984959705645,0.363655876321635,0.451248076169576,
0.510802236077576,0.569045774887545,0.626308816049582,0.682805338615186,
0.749614003988027,0.816056017586298),.UNSPECIFIED.);
#83420=EDGE_CURVE('',#83100,#8260,#83410,.T.);
#83430=ORIENTED_EDGE('',*,*,#83420,.F.);
#83440=EDGE_LOOP('',(#83430,#83120,#83040,#83030));
#83450=FACE_OUTER_BOUND('',#83440,.T.);
#83460=ADVANCED_FACE('',(#83450),#83020,.T.);
#83470=CARTESIAN_POINT('',(3.85,-6.15,10.5));
#83480=DIRECTION('',(0.,0.,1.));
#83490=DIRECTION('',(1.,0.,0.));
#83500=AXIS2_PLACEMENT_3D('',#83470,#83480,#83490);
#83510=CONICAL_SURFACE('',#83500,0.15,0.785398163397447);
#83520=ORIENTED_EDGE('',*,*,#71060,.F.);
#83530=ORIENTED_EDGE('',*,*,#6950,.T.);
#83540=ORIENTED_EDGE('',*,*,#41830,.T.);
#83550=CARTESIAN_POINT('',(3.85,-6.15,10.5));
#83560=DIRECTION('',(0.,0.,-1.));
#83570=DIRECTION('',(-1.,0.,0.));
#83580=AXIS2_PLACEMENT_3D('',#83550,#83560,#83570);
#83590=CIRCLE('',#83580,0.15);
#83600=EDGE_CURVE('',#50750,#41760,#83590,.T.);
#83610=ORIENTED_EDGE('',*,*,#83600,.T.);
#83620=EDGE_LOOP('',(#83610,#83540,#83530,#83520));
#83630=FACE_OUTER_BOUND('',#83620,.T.);
#83640=ADVANCED_FACE('',(#83630),#83510,.F.);
#83650=CARTESIAN_POINT('',(3.85,-6.15,0.));
#83660=DIRECTION('',(0.,0.,-1.));
#83670=DIRECTION('',(-1.,0.,0.));
#83680=AXIS2_PLACEMENT_3D('',#83650,#83660,#83670);
#83690=CYLINDRICAL_SURFACE('',#83680,0.15);
#83700=ORIENTED_EDGE('',*,*,#42080,.F.);
#83710=CARTESIAN_POINT('',(3.85,-6.15,2.5));
#83720=DIRECTION('',(0.,0.,-1.));
#83730=DIRECTION('',(-1.,0.,0.));
#83740=AXIS2_PLACEMENT_3D('',#83710,#83720,#83730);
#83750=CIRCLE('',#83740,0.15);
#83760=EDGE_CURVE('',#50830,#42010,#83750,.T.);
#83770=ORIENTED_EDGE('',*,*,#83760,.T.);
#83780=ORIENTED_EDGE('',*,*,#50840,.T.);
#83790=ORIENTED_EDGE('',*,*,#83600,.F.);
#83800=EDGE_LOOP('',(#83790,#83780,#83770,#83700));
#83810=FACE_OUTER_BOUND('',#83800,.T.);
#83820=ADVANCED_FACE('',(#83810),#83690,.F.);
#83830=CARTESIAN_POINT('',(14.98,0.,2.5));
#83840=DIRECTION('',(0.,1.,0.));
#83850=VECTOR('',#83840,1.);
#83860=LINE('',#83830,#83850);
#83870=EDGE_CURVE('',#13200,#56280,#83860,.T.);
#83880=ORIENTED_EDGE('',*,*,#83870,.F.);
#83890=ORIENTED_EDGE('',*,*,#56290,.F.);
#83900=ORIENTED_EDGE('',*,*,#80610,.T.);
#83910=ORIENTED_EDGE('',*,*,#13290,.F.);
#83920=EDGE_LOOP('',(#83910,#83900,#83890,#83880));
#83930=FACE_OUTER_BOUND('',#83920,.T.);
#83940=ADVANCED_FACE('',(#83930),#53380,.T.);
#83950=CARTESIAN_POINT('',(18.0999995380496,-6.85,5.4));
#83960=DIRECTION('',(1.,0.,0.));
#83970=DIRECTION('',(0.,1.,0.));
#83980=AXIS2_PLACEMENT_3D('',#83950,#83960,#83970);
#83990=PLANE('',#83980);
#84000=ORIENTED_EDGE('',*,*,#34290,.T.);
#84010=ORIENTED_EDGE('',*,*,#61690,.T.);
#84020=CARTESIAN_POINT('',(18.0999995380496,0.,-0.611383261947974));
#84030=DIRECTION('',(0.,0.977102639903886,-0.212768491776527));
#84040=VECTOR('',#84030,1.);
#84050=LINE('',#84020,#84040);
#84060=EDGE_CURVE('',#81290,#61620,#84050,.T.);
#84070=ORIENTED_EDGE('',*,*,#84060,.T.);
#84080=ORIENTED_EDGE('',*,*,#81300,.F.);
#84090=EDGE_LOOP('',(#84080,#84070,#84010,#84000));
#84100=FACE_OUTER_BOUND('',#84090,.T.);
#84110=ADVANCED_FACE('',(#84100),#83990,.F.);
#84120=ORIENTED_EDGE('',*,*,#55410,.F.);
#84130=ORIENTED_EDGE('',*,*,#64730,.T.);
#84140=ORIENTED_EDGE('',*,*,#40500,.T.);
#84150=ORIENTED_EDGE('',*,*,#53510,.T.);
#84160=EDGE_LOOP('',(#84150,#84140,#84130,#84120));
#84170=FACE_OUTER_BOUND('',#84160,.T.);
#84180=ADVANCED_FACE('',(#84170),#56160,.F.);
#84190=CARTESIAN_POINT('',(9.95,-0.740000000000001,2.));
#84200=DIRECTION('',(-1.,0.,0.));
#84210=DIRECTION('',(0.,-1.,0.));
#84220=AXIS2_PLACEMENT_3D('',#84190,#84200,#84210);
#84230=PLANE('',#84220);
#84240=ORIENTED_EDGE('',*,*,#8670,.T.);
#84250=ORIENTED_EDGE('',*,*,#9140,.F.);
#84260=ORIENTED_EDGE('',*,*,#9620,.T.);
#84270=CARTESIAN_POINT('',(9.95,0.3,1.8));
#84280=DIRECTION('',(-1.,0.,0.));
#84290=DIRECTION('',(0.,1.,0.));
#84300=AXIS2_PLACEMENT_3D('',#84270,#84280,#84290);
#84310=CIRCLE('',#84300,0.3);
#84320=EDGE_CURVE('',#9550,#24820,#84310,.T.);
#84330=ORIENTED_EDGE('',*,*,#84320,.F.);
#84340=ORIENTED_EDGE('',*,*,#24830,.F.);
#84350=ORIENTED_EDGE('',*,*,#2450,.F.);
#84360=ORIENTED_EDGE('',*,*,#530,.F.);
#84370=ORIENTED_EDGE('',*,*,#42890,.T.);
#84380=EDGE_LOOP('',(#84370,#84360,#84350,#84340,#84330,#84260,#84250,
#84240));
#84390=FACE_OUTER_BOUND('',#84380,.T.);
#84400=ADVANCED_FACE('',(#84390),#84230,.F.);
#84410=CARTESIAN_POINT('',(18.4999995380496,-10.9736360464781,-5.0400024
));
#84420=DIRECTION('',(-1.,0.,0.));
#84430=DIRECTION('',(0.,1.,0.));
#84440=AXIS2_PLACEMENT_3D('',#84410,#84420,#84430);
#84450=PLANE('',#84440);
#84460=CARTESIAN_POINT('',(18.4999995380496,-7.6,0.));
#84470=DIRECTION('',(0.,0.,1.));
#84480=VECTOR('',#84470,1.);
#84490=LINE('',#84460,#84480);
#84500=CARTESIAN_POINT('',(18.4999995380496,-7.59999999920419,10.3));
#84510=VERTEX_POINT('',#84500);
#84520=EDGE_CURVE('',#33390,#84510,#84490,.T.);
#84530=ORIENTED_EDGE('',*,*,#84520,.T.);
#84540=ORIENTED_EDGE('',*,*,#34110,.T.);
#84550=ORIENTED_EDGE('',*,*,#81200,.F.);
#84560=CARTESIAN_POINT('',(18.4999995380496,0.,10.3));
#84570=DIRECTION('',(0.,1.,0.));
#84580=VECTOR('',#84570,1.);
#84590=LINE('',#84560,#84580);
#84600=EDGE_CURVE('',#84510,#69660,#84590,.T.);
#84610=ORIENTED_EDGE('',*,*,#84600,.T.);
#84620=EDGE_LOOP('',(#84610,#84550,#84540,#84530));
#84630=FACE_OUTER_BOUND('',#84620,.T.);
#84640=ADVANCED_FACE('',(#84630),#84450,.T.);
#84650=CARTESIAN_POINT('',(14.25,0.,1.8));
#84660=DIRECTION('',(0.,-1.,0.));
#84670=VECTOR('',#84660,1.);
#84680=LINE('',#84650,#84670);
#84690=EDGE_CURVE('',#47480,#31400,#84680,.T.);
#84700=ORIENTED_EDGE('',*,*,#84690,.F.);
#84710=ORIENTED_EDGE('',*,*,#82530,.T.);
#84720=CARTESIAN_POINT('',(14.25,0.,10.3));
#84730=DIRECTION('',(0.,1.,0.));
#84740=VECTOR('',#84730,1.);
#84750=LINE('',#84720,#84740);
#84760=EDGE_CURVE('',#71560,#47380,#84750,.T.);
#84770=ORIENTED_EDGE('',*,*,#84760,.F.);
#84780=ORIENTED_EDGE('',*,*,#47550,.F.);
#84790=EDGE_LOOP('',(#84780,#84770,#84710,#84700));
#84800=FACE_OUTER_BOUND('',#84790,.T.);
#84810=ADVANCED_FACE('',(#84800),#27440,.F.);
#84820=CARTESIAN_POINT('',(20.2999995380496,-7.9,0.));
#84830=DIRECTION('',(-1.,0.,0.));
#84840=DIRECTION('',(0.,1.,0.));
#84850=AXIS2_PLACEMENT_3D('',#84820,#84830,#84840);
#84860=PLANE('',#84850);
#84870=CARTESIAN_POINT('',(20.2999995380496,-0.95,0.));
#84880=DIRECTION('',(0.,0.,-1.));
#84890=VECTOR('',#84880,1.);
#84900=LINE('',#84870,#84890);
#84910=CARTESIAN_POINT('',(20.2999995380496,-0.95,1.8));
#84920=VERTEX_POINT('',#84910);
#84930=EDGE_CURVE('',#65380,#84920,#84900,.T.);
#84940=ORIENTED_EDGE('',*,*,#84930,.F.);
#84950=CARTESIAN_POINT('',(20.2999995380496,0.,1.8));
#84960=DIRECTION('',(0.,-1.,0.));
#84970=VECTOR('',#84960,1.);
#84980=LINE('',#84950,#84970);
#84990=EDGE_CURVE('',#84920,#29940,#84980,.T.);
#85000=ORIENTED_EDGE('',*,*,#84990,.F.);
#85010=ORIENTED_EDGE('',*,*,#29950,.T.);
#85020=ORIENTED_EDGE('',*,*,#28680,.T.);
#85030=ORIENTED_EDGE('',*,*,#29000,.T.);
#85040=ORIENTED_EDGE('',*,*,#41550,.F.);
#85050=ORIENTED_EDGE('',*,*,#61100,.T.);
#85060=ORIENTED_EDGE('',*,*,#33650,.T.);
#85070=CARTESIAN_POINT('',(20.2999995380496,-7.6,0.));
#85080=DIRECTION('',(0.,0.,1.));
#85090=VECTOR('',#85080,1.);
#85100=LINE('',#85070,#85090);
#85110=EDGE_CURVE('',#33560,#65460,#85100,.T.);
#85120=ORIENTED_EDGE('',*,*,#85110,.F.);
#85130=ORIENTED_EDGE('',*,*,#65470,.F.);
#85140=EDGE_LOOP('',(#85130,#85120,#85060,#85050,#85040,#85030,#85020,
#85010,#85000,#84940));
#85150=FACE_OUTER_BOUND('',#85140,.T.);
#85160=ADVANCED_FACE('',(#85150),#84860,.F.);
#85170=CARTESIAN_POINT('',(0.,0.1,10.3));
#85180=DIRECTION('',(-1.,0.,0.));
#85190=DIRECTION('',(0.,1.,0.));
#85200=AXIS2_PLACEMENT_3D('',#85170,#85180,#85190);
#85210=CYLINDRICAL_SURFACE('',#85200,0.5);
#85220=ORIENTED_EDGE('',*,*,#7940,.F.);
#85230=CARTESIAN_POINT('',(9.35,0.1,10.3));
#85240=DIRECTION('',(-1.,0.,0.));
#85250=DIRECTION('',(0.,1.,-0.));
#85260=AXIS2_PLACEMENT_3D('',#85230,#85240,#85250);
#85270=CIRCLE('',#85260,0.5);
#85280=EDGE_CURVE('',#7850,#9450,#85270,.T.);
#85290=ORIENTED_EDGE('',*,*,#85280,.F.);
#85300=ORIENTED_EDGE('',*,*,#9930,.T.);
#85310=CARTESIAN_POINT('',(13.75,0.1,10.3));
#85320=DIRECTION('',(-1.,0.,0.));
#85330=DIRECTION('',(0.,1.,0.));
#85340=AXIS2_PLACEMENT_3D('',#85310,#85320,#85330);
#85350=CIRCLE('',#85340,0.5);
#85360=EDGE_CURVE('',#7930,#9860,#85350,.T.);
#85370=ORIENTED_EDGE('',*,*,#85360,.T.);
#85380=EDGE_LOOP('',(#85370,#85300,#85290,#85220));
#85390=FACE_OUTER_BOUND('',#85380,.T.);
#85400=ADVANCED_FACE('',(#85390),#85210,.T.);
#85410=CARTESIAN_POINT('',(10.2999995380496,-7.9,0.));
#85420=DIRECTION('',(-0.,1.,0.));
#85430=DIRECTION('',(1.,0.,0.));
#85440=AXIS2_PLACEMENT_3D('',#85410,#85420,#85430);
#85450=PLANE('',#85440);
#85460=ORIENTED_EDGE('',*,*,#17900,.F.);
#85470=CARTESIAN_POINT('',(19.9999995380496,-7.9,0.));
#85480=DIRECTION('',(0.,0.,1.));
#85490=VECTOR('',#85480,1.);
#85500=LINE('',#85470,#85490);
#85510=EDGE_CURVE('',#33470,#17810,#85500,.T.);
#85520=ORIENTED_EDGE('',*,*,#85510,.T.);
#85530=ORIENTED_EDGE('',*,*,#33480,.T.);
#85540=CARTESIAN_POINT('',(18.7999995380496,-7.9,0.));
#85550=DIRECTION('',(0.,0.,1.));
#85560=VECTOR('',#85550,1.);
#85570=LINE('',#85540,#85560);
#85580=EDGE_CURVE('',#33370,#17890,#85570,.T.);
#85590=ORIENTED_EDGE('',*,*,#85580,.F.);
#85600=EDGE_LOOP('',(#85590,#85530,#85520,#85460));
#85610=FACE_OUTER_BOUND('',#85600,.T.);
#85620=ADVANCED_FACE('',(#85610),#85450,.F.);
#85630=CARTESIAN_POINT('',(13.75,0.1,10.3));
#85640=DIRECTION('',(0.,1.,0.));
#85650=DIRECTION('',(1.,0.,0.));
#85660=AXIS2_PLACEMENT_3D('',#85630,#85640,#85650);
#85670=SPHERICAL_SURFACE('',#85660,0.5);
#85680=ORIENTED_EDGE('',*,*,#47390,.F.);
#85690=CARTESIAN_POINT('',(13.75,0.1,10.3));
#85700=DIRECTION('',(0.,1.,0.));
#85710=DIRECTION('',(1.,0.,0.));
#85720=AXIS2_PLACEMENT_3D('',#85690,#85700,#85710);
#85730=CIRCLE('',#85720,0.5);
#85740=EDGE_CURVE('',#7930,#47380,#85730,.T.);
#85750=ORIENTED_EDGE('',*,*,#85740,.T.);
#85760=ORIENTED_EDGE('',*,*,#85360,.F.);
#85770=EDGE_LOOP('',(#85760,#85750,#85680));
#85780=FACE_OUTER_BOUND('',#85770,.T.);
#85790=ADVANCED_FACE('',(#85780),#85670,.T.);
#85800=CARTESIAN_POINT('',(16.1500002690248,-9.3,-5.0400024));
#85810=DIRECTION('',(-1.,0.,0.));
#85820=DIRECTION('',(0.,1.,0.));
#85830=AXIS2_PLACEMENT_3D('',#85800,#85810,#85820);
#85840=PLANE('',#85830);
#85850=ORIENTED_EDGE('',*,*,#83110,.T.);
#85860=ORIENTED_EDGE('',*,*,#30200,.T.);
#85870=CARTESIAN_POINT('',(16.1500002690248,0.,1.8));
#85880=DIRECTION('',(0.,1.,0.));
#85890=VECTOR('',#85880,1.);
#85900=LINE('',#85870,#85890);
#85910=CARTESIAN_POINT('',(16.1500002690248,-0.75,1.8));
#85920=VERTEX_POINT('',#85910);
#85930=EDGE_CURVE('',#30110,#85920,#85900,.T.);
#85940=ORIENTED_EDGE('',*,*,#85930,.F.);
#85950=CARTESIAN_POINT('',(16.1500002690248,-0.750000001591593,10.3));
#85960=CARTESIAN_POINT('',(16.1500002690248,-0.750000001591593,
10.2858578643012));
#85970=CARTESIAN_POINT('',(16.1500002690248,-0.75,10.2717157286025));
#85980=CARTESIAN_POINT('',(16.1500002690248,-0.75,10.0952573952692));
#85990=CARTESIAN_POINT('',(16.1500002690248,-0.75,9.93294119763458));
#86000=CARTESIAN_POINT('',(16.1500002690248,-0.75,9.73533333333334));
#86010=CARTESIAN_POINT('',(16.1500002690248,-0.75,9.70004166666667));
#86020=CARTESIAN_POINT('',(16.1500002690248,-0.75,9.62945833333334));
#86030=CARTESIAN_POINT('',(16.1500002690248,-0.75,9.59416666666667));
#86040=CARTESIAN_POINT('',(16.1500002690248,-0.75,9.52358333333333));
#86050=CARTESIAN_POINT('',(16.1500002690248,-0.75,9.48829166666667));
#86060=CARTESIAN_POINT('',(16.1500002690248,-0.75,9.347125));
#86070=CARTESIAN_POINT('',(16.1500002690248,-0.75,9.135375));
#86080=CARTESIAN_POINT('',(16.1500002690248,-0.75,8.923625));
#86090=CARTESIAN_POINT('',(16.1500002690248,-0.75,8.606));
#86100=CARTESIAN_POINT('',(16.1500002690248,-0.75,8.39425));
#86110=CARTESIAN_POINT('',(16.1500002690248,-0.75,7.85605208333334));
#86120=CARTESIAN_POINT('',(16.1500002690248,-0.75,7.52960416666667));
#86130=CARTESIAN_POINT('',(16.1500002690248,-0.75,6.87670833333333));
#86140=CARTESIAN_POINT('',(16.1500002690248,-0.75,6.55026041666667));
#86150=CARTESIAN_POINT('',(16.1500002690248,-0.75,6.20616666666667));
#86160=CARTESIAN_POINT('',(16.1500002690248,-0.75,6.18852083333334));
#86170=CARTESIAN_POINT('',(16.1500002690248,-0.75,6.15322916666667));
#86180=CARTESIAN_POINT('',(16.1500002690248,-0.75,6.13558333333333));
#86190=CARTESIAN_POINT('',(16.1500002690248,-0.75,6.1144338022904));
#86200=CARTESIAN_POINT('',(16.1500002690248,-0.75,6.1109301045808));
#86210=CARTESIAN_POINT('',(16.1500002690248,-0.75,6.09328427124746));
#86220=CARTESIAN_POINT('',(16.1500002690248,-0.75,6.07914213562373));
#86230=CARTESIAN_POINT('',(16.1500002690248,-0.75,6.05085786437627));
#86240=CARTESIAN_POINT('',(16.1500002690248,-0.749999999999999,
6.03671572875254));
#86250=CARTESIAN_POINT('',(16.1500002690248,-0.749999999999999,
6.00906989541921));
#86260=CARTESIAN_POINT('',(16.1500002690248,-0.749999999999999,
5.9955661977096));
#86270=CARTESIAN_POINT('',(16.1500002690248,-0.75,5.96441666666667));
#86280=CARTESIAN_POINT('',(16.1500002690248,-0.75,5.94677083333333));
#86290=CARTESIAN_POINT('',(16.1500002690248,-0.75,5.91147916666667));
#86300=CARTESIAN_POINT('',(16.1500002690248,-0.75,5.89383333333333));
#86310=CARTESIAN_POINT('',(16.1500002690248,-0.75,5.55223958333333));
#86320=CARTESIAN_POINT('',(16.1500002690248,-0.749999999999999,
5.22829166666666));
#86330=CARTESIAN_POINT('',(16.1500002690248,-0.749999999999999,
4.58039583333333));
#86340=CARTESIAN_POINT('',(16.1500002690248,-0.749999999999999,
4.25644791666666));
#86350=CARTESIAN_POINT('',(16.1500002690248,-0.749999999999999,
3.71824999999999));
#86360=CARTESIAN_POINT('',(16.1500002690248,-0.749999999999999,
3.50399999999999));
#86370=CARTESIAN_POINT('',(16.1500002690248,-0.749999999999999,3.182625)
);
#86380=CARTESIAN_POINT('',(16.1500002690248,-0.749999999999999,2.968375)
);
#86390=CARTESIAN_POINT('',(16.1500002690248,-0.75,2.754125));
#86400=CARTESIAN_POINT('',(16.1500002690248,-0.75,2.61170833333333));
#86410=CARTESIAN_POINT('',(16.1500002690248,-0.75,2.57641666666667));
#86420=CARTESIAN_POINT('',(16.1500002690248,-0.75,2.50583333333333));
#86430=CARTESIAN_POINT('',(16.1500002690248,-0.75,2.47054166666667));
#86440=CARTESIAN_POINT('',(16.1500002690248,-0.75,2.39995833333333));
#86450=CARTESIAN_POINT('',(16.1500002690248,-0.75,2.36466666666667));
#86460=CARTESIAN_POINT('',(16.1500002690248,-0.75,0.731245285954793));
#86470=CARTESIAN_POINT('',(16.1500002690248,-0.75,-0.866884428090416));
#86480=CARTESIAN_POINT('',(16.1500002690248,-0.75,-2.46501414213562));
#86490=(BOUNDED_CURVE() B_SPLINE_CURVE(3,(#85950,#85960,#85970,#85980,
#85990,#86000,#86010,#86020,#86030,#86040,#86050,#86060,#86070,#86080,
#86090,#86100,#86110,#86120,#86130,#86140,#86150,#86160,#86170,#86180,
#86190,#86200,#86210,#86220,#86230,#86240,#86250,#86260,#86270,#86280,
#86290,#86300,#86310,#86320,#86330,#86340,#86350,#86360,#86370,#86380,
#86390,#86400,#86410,#86420,#86430,#86440,#86450,#86460,#86470,#86480),
.UNSPECIFIED.,.F.,.F.) B_SPLINE_CURVE_WITH_KNOTS((4,2,2,2,2,2,1,2,2,2,2,
2,2,2,2,2,2,2,2,2,2,2,1,2,2,2,2,4),(0.,0.0424264070962757,0.529375,
0.635250000000001,0.741125000000002,0.847000000000001,1.164625,1.48225,
2.1175,3.09684375,4.07618750000001,4.129125,4.1820625,4.19257359312881,
4.235,4.2774264068712,4.3179375,4.37087500000001,4.42381250000001,
5.39565625000001,6.36750000000002,7.01025000000001,7.33162500000001,
7.65300000000001,7.75887500000001,7.86475,7.97062500000001,
12.7650141421356),.UNSPECIFIED.) CURVE() GEOMETRIC_REPRESENTATION_ITEM()
 RATIONAL_B_SPLINE_CURVE((1.,1.,1.,1.,1.,1.,1.,1.,1.,1.,1.,1.,1.,1.,1.,
1.,1.,1.,1.,1.,1.,1.,1.,1.,1.,1.,1.,1.,1.,1.,1.,1.,1.,1.,1.,1.,1.,1.,1.,
1.,1.,1.,1.,1.,1.,1.,1.,1.,1.,1.,1.,1.,1.,1.)) REPRESENTATION_ITEM(''));
#86500=EDGE_CURVE('',#83100,#85920,#86490,.T.);
#86510=ORIENTED_EDGE('',*,*,#86500,.T.);
#86520=EDGE_LOOP('',(#86510,#85940,#85860,#85850));
#86530=FACE_OUTER_BOUND('',#86520,.T.);
#86540=ADVANCED_FACE('',(#86530),#85840,.T.);
#86550=ORIENTED_EDGE('',*,*,#47870,.T.);
#86560=ORIENTED_EDGE('',*,*,#5070,.T.);
#86570=ORIENTED_EDGE('',*,*,#39710,.T.);
#86580=ORIENTED_EDGE('',*,*,#78880,.F.);
#86590=EDGE_LOOP('',(#86580,#86570,#86560,#86550));
#86600=FACE_OUTER_BOUND('',#86590,.T.);
#86610=ADVANCED_FACE('',(#86600),#71870,.F.);
#86620=CARTESIAN_POINT('',(14.0499995380496,-7.4,1.));
#86630=DIRECTION('',(-0.,-0.212768491776527,-0.977102639903886));
#86640=DIRECTION('',(0.,-0.977102639903886,0.212768491776527));
#86650=AXIS2_PLACEMENT_3D('',#86620,#86630,#86640);
#86660=PLANE('',#86650);
#86670=ORIENTED_EDGE('',*,*,#63090,.F.);
#86680=ORIENTED_EDGE('',*,*,#81360,.F.);
#86690=ORIENTED_EDGE('',*,*,#84060,.F.);
#86700=ORIENTED_EDGE('',*,*,#61630,.T.);
#86710=ORIENTED_EDGE('',*,*,#61380,.F.);
#86720=CARTESIAN_POINT('',(18.1,-5.15638416272742,0.51144276893194));
#86730=DIRECTION('',(1.,0.,0.));
#86740=VECTOR('',#86730,1.);
#86750=LINE('',#86720,#86740);
#86760=EDGE_CURVE('',#37700,#61290,#86750,.T.);
#86770=ORIENTED_EDGE('',*,*,#86760,.T.);
#86780=ORIENTED_EDGE('',*,*,#37710,.T.);
#86790=ORIENTED_EDGE('',*,*,#38270,.F.);
#86800=ORIENTED_EDGE('',*,*,#37390,.T.);
#86810=ORIENTED_EDGE('',*,*,#82260,.F.);
#86820=ORIENTED_EDGE('',*,*,#71250,.T.);
#86830=ORIENTED_EDGE('',*,*,#70750,.T.);
#86840=ORIENTED_EDGE('',*,*,#14090,.T.);
#86850=ORIENTED_EDGE('',*,*,#82140,.F.);
#86860=ORIENTED_EDGE('',*,*,#15030,.F.);
#86870=ORIENTED_EDGE('',*,*,#68440,.T.);
#86880=CARTESIAN_POINT('',(10.,0.,-0.611383261947974));
#86890=DIRECTION('',(0.,0.977102639903886,-0.212768491776527));
#86900=VECTOR('',#86890,1.);
#86910=LINE('',#86880,#86900);
#86920=EDGE_CURVE('',#81960,#68370,#86910,.T.);
#86930=ORIENTED_EDGE('',*,*,#86920,.T.);
#86940=ORIENTED_EDGE('',*,*,#81970,.F.);
#86950=ORIENTED_EDGE('',*,*,#79750,.F.);
#86960=ORIENTED_EDGE('',*,*,#66100,.T.);
#86970=ORIENTED_EDGE('',*,*,#82930,.T.);
#86980=ORIENTED_EDGE('',*,*,#81710,.F.);
#86990=CARTESIAN_POINT('',(13.1,0.,-0.611383261947974));
#87000=DIRECTION('',(0.,0.977102639903886,-0.212768491776527));
#87010=VECTOR('',#87000,1.);
#87020=LINE('',#86990,#87010);
#87030=EDGE_CURVE('',#81660,#67260,#87020,.T.);
#87040=ORIENTED_EDGE('',*,*,#87030,.F.);
#87050=ORIENTED_EDGE('',*,*,#67270,.T.);
#87060=ORIENTED_EDGE('',*,*,#66650,.T.);
#87070=ORIENTED_EDGE('',*,*,#81480,.T.);
#87080=ORIENTED_EDGE('',*,*,#67590,.F.);
#87090=ORIENTED_EDGE('',*,*,#62230,.F.);
#87100=EDGE_LOOP('',(#87090,#87080,#87070,#87060,#87050,#87040,#86980,
#86970,#86960,#86950,#86940,#86930,#86870,#86860,#86850,#86840,#86830,
#86820,#86810,#86800,#86790,#86780,#86770,#86710,#86700,#86690,#86680,
#86670));
#87110=FACE_OUTER_BOUND('',#87100,.T.);
#87120=ADVANCED_FACE('',(#87110),#86660,.T.);
#87130=CARTESIAN_POINT('',(17.5999995380496,-1.8,10.8));
#87140=DIRECTION('',(1.,0.,0.));
#87150=DIRECTION('',(0.,-1.,0.));
#87160=AXIS2_PLACEMENT_3D('',#87130,#87140,#87150);
#87170=PLANE('',#87160);
#87180=ORIENTED_EDGE('',*,*,#24470,.F.);
#87190=ORIENTED_EDGE('',*,*,#32200,.F.);
#87200=CARTESIAN_POINT('',(17.5999995380496,0.,2.5));
#87210=DIRECTION('',(0.,-1.,0.));
#87220=VECTOR('',#87210,1.);
#87230=LINE('',#87200,#87220);
#87240=EDGE_CURVE('',#32130,#25390,#87230,.T.);
#87250=ORIENTED_EDGE('',*,*,#87240,.F.);
#87260=ORIENTED_EDGE('',*,*,#25400,.F.);
#87270=EDGE_LOOP('',(#87260,#87250,#87190,#87180));
#87280=FACE_OUTER_BOUND('',#87270,.T.);
#87290=ADVANCED_FACE('',(#87280),#87170,.T.);
#87300=CARTESIAN_POINT('',(10.675,-6.65,0.075));
#87310=DIRECTION('',(-0.707106781186548,0.,-0.707106781186547));
#87320=DIRECTION('',(-0.707106781186547,0.,0.707106781186548));
#87330=AXIS2_PLACEMENT_3D('',#87300,#87310,#87320);
#87340=PLANE('',#87330);
#87350=ORIENTED_EDGE('',*,*,#53290,.T.);
#87360=ORIENTED_EDGE('',*,*,#66240,.F.);
#87370=ORIENTED_EDGE('',*,*,#79660,.T.);
#87380=ORIENTED_EDGE('',*,*,#81920,.T.);
#87390=EDGE_LOOP('',(#87380,#87370,#87360,#87350));
#87400=FACE_OUTER_BOUND('',#87390,.T.);
#87410=ADVANCED_FACE('',(#87400),#87340,.T.);
#87420=CARTESIAN_POINT('',(10.,-5.9,0.));
#87430=DIRECTION('',(1.,0.,0.));
#87440=DIRECTION('',(0.,1.,0.));
#87450=AXIS2_PLACEMENT_3D('',#87420,#87430,#87440);
#87460=PLANE('',#87450);
#87470=ORIENTED_EDGE('',*,*,#82030,.T.);
#87480=ORIENTED_EDGE('',*,*,#86920,.F.);
#87490=ORIENTED_EDGE('',*,*,#68380,.F.);
#87500=ORIENTED_EDGE('',*,*,#31000,.T.);
#87510=EDGE_LOOP('',(#87500,#87490,#87480,#87470));
#87520=FACE_OUTER_BOUND('',#87510,.T.);
#87530=ADVANCED_FACE('',(#87520),#87460,.T.);
#87540=CARTESIAN_POINT('',(5.675,-6.65,0.075));
#87550=DIRECTION('',(0.707106781186548,0.,0.707106781186547));
#87560=DIRECTION('',(-0.707106781186547,0.,0.707106781186548));
#87570=AXIS2_PLACEMENT_3D('',#87540,#87550,#87560);
#87580=PLANE('',#87570);
#87590=ORIENTED_EDGE('',*,*,#70660,.F.);
#87600=ORIENTED_EDGE('',*,*,#71390,.F.);
#87610=ORIENTED_EDGE('',*,*,#82230,.T.);
#87620=ORIENTED_EDGE('',*,*,#710,.F.);
#87630=EDGE_LOOP('',(#87620,#87610,#87600,#87590));
#87640=FACE_OUTER_BOUND('',#87630,.T.);
#87650=ADVANCED_FACE('',(#87640),#87580,.F.);
#87660=CARTESIAN_POINT('',(11.55,-3.65,2.5));
#87670=DIRECTION('',(0.,0.,-1.));
#87680=DIRECTION('',(-1.,0.,0.));
#87690=AXIS2_PLACEMENT_3D('',#87660,#87670,#87680);
#87700=PLANE('',#87690);
#87710=ORIENTED_EDGE('',*,*,#11170,.F.);
#87720=ORIENTED_EDGE('',*,*,#25460,.T.);
#87730=ORIENTED_EDGE('',*,*,#87240,.T.);
#87740=ORIENTED_EDGE('',*,*,#32140,.T.);
#87750=ORIENTED_EDGE('',*,*,#50470,.T.);
#87760=ORIENTED_EDGE('',*,*,#28810,.T.);
#87770=ORIENTED_EDGE('',*,*,#13770,.T.);
#87780=CARTESIAN_POINT('',(19.2499995380496,-6.15,2.5));
#87790=DIRECTION('',(0.,0.,1.));
#87800=DIRECTION('',(1.,0.,0.));
#87810=AXIS2_PLACEMENT_3D('',#87780,#87790,#87800);
#87820=CIRCLE('',#87810,0.15);
#87830=EDGE_CURVE('',#50670,#13680,#87820,.T.);
#87840=ORIENTED_EDGE('',*,*,#87830,.T.);
#87850=ORIENTED_EDGE('',*,*,#50900,.F.);
#87860=ORIENTED_EDGE('',*,*,#83760,.F.);
#87870=ORIENTED_EDGE('',*,*,#42020,.T.);
#87880=ORIENTED_EDGE('',*,*,#30740,.T.);
#87890=ORIENTED_EDGE('',*,*,#20890,.T.);
#87900=ORIENTED_EDGE('',*,*,#22050,.T.);
#87910=ORIENTED_EDGE('',*,*,#22540,.T.);
#87920=ORIENTED_EDGE('',*,*,#30820,.T.);
#87930=ORIENTED_EDGE('',*,*,#3560,.T.);
#87940=ORIENTED_EDGE('',*,*,#3930,.T.);
#87950=EDGE_LOOP('',(#87940,#87930,#87920,#87910,#87900,#87890,#87880,
#87870,#87860,#87850,#87840,#87770,#87760,#87750,#87740,#87730,#87720,
#87710));
#87960=FACE_OUTER_BOUND('',#87950,.T.);
#87970=ORIENTED_EDGE('',*,*,#73850,.F.);
#87980=ORIENTED_EDGE('',*,*,#75560,.F.);
#87990=ORIENTED_EDGE('',*,*,#75420,.T.);
#88000=ORIENTED_EDGE('',*,*,#74070,.T.);
#88010=EDGE_LOOP('',(#88000,#87990,#87980,#87970));
#88020=FACE_BOUND('',#88010,.T.);
#88030=ORIENTED_EDGE('',*,*,#76280,.T.);
#88040=ORIENTED_EDGE('',*,*,#77480,.F.);
#88050=ORIENTED_EDGE('',*,*,#77600,.F.);
#88060=ORIENTED_EDGE('',*,*,#76170,.T.);
#88070=EDGE_LOOP('',(#88060,#88050,#88040,#88030));
#88080=FACE_BOUND('',#88070,.T.);
#88090=ORIENTED_EDGE('',*,*,#72090,.F.);
#88100=ORIENTED_EDGE('',*,*,#73090,.F.);
#88110=ORIENTED_EDGE('',*,*,#44000,.T.);
#88120=ORIENTED_EDGE('',*,*,#57740,.T.);
#88130=EDGE_LOOP('',(#88120,#88110,#88100,#88090));
#88140=FACE_BOUND('',#88130,.T.);
#88150=ORIENTED_EDGE('',*,*,#66980,.F.);
#88160=ORIENTED_EDGE('',*,*,#69990,.F.);
#88170=ORIENTED_EDGE('',*,*,#70840,.T.);
#88180=ORIENTED_EDGE('',*,*,#22900,.T.);
#88190=EDGE_LOOP('',(#88180,#88170,#88160,#88150));
#88200=FACE_BOUND('',#88190,.T.);
#88210=ORIENTED_EDGE('',*,*,#33180,.T.);
#88220=ORIENTED_EDGE('',*,*,#12810,.F.);
#88230=ORIENTED_EDGE('',*,*,#22300,.F.);
#88240=ORIENTED_EDGE('',*,*,#32960,.T.);
#88250=EDGE_LOOP('',(#88240,#88230,#88220,#88210));
#88260=FACE_BOUND('',#88250,.T.);
#88270=ORIENTED_EDGE('',*,*,#79500,.F.);
#88280=ORIENTED_EDGE('',*,*,#56370,.F.);
#88290=ORIENTED_EDGE('',*,*,#83870,.T.);
#88300=ORIENTED_EDGE('',*,*,#13210,.T.);
#88310=EDGE_LOOP('',(#88300,#88290,#88280,#88270));
#88320=FACE_BOUND('',#88310,.T.);
#88330=ADVANCED_FACE('',(#87960,#88020,#88080,#88140,#88200,#88260,
#88320),#87700,.F.);
#88340=CARTESIAN_POINT('',(11.2499995380496,-5.05,0.999994106992523));
#88350=DIRECTION('',(-1.,0.,0.));
#88360=DIRECTION('',(0.,1.,0.));
#88370=AXIS2_PLACEMENT_3D('',#88340,#88350,#88360);
#88380=CYLINDRICAL_SURFACE('',#88370,0.5);
#88390=ORIENTED_EDGE('',*,*,#61300,.F.);
#88400=ORIENTED_EDGE('',*,*,#41330,.T.);
#88410=ORIENTED_EDGE('',*,*,#60890,.F.);
#88420=ORIENTED_EDGE('',*,*,#60620,.F.);
#88430=ORIENTED_EDGE('',*,*,#58420,.T.);
#88440=ORIENTED_EDGE('',*,*,#40730,.T.);
#88450=ORIENTED_EDGE('',*,*,#52580,.T.);
#88460=ORIENTED_EDGE('',*,*,#35120,.F.);
#88470=ORIENTED_EDGE('',*,*,#52910,.F.);
#88480=ORIENTED_EDGE('',*,*,#40270,.T.);
#88490=ORIENTED_EDGE('',*,*,#50070,.T.);
#88500=ORIENTED_EDGE('',*,*,#49330,.F.);
#88510=ORIENTED_EDGE('',*,*,#49630,.F.);
#88520=ORIENTED_EDGE('',*,*,#39880,.T.);
#88530=ORIENTED_EDGE('',*,*,#49110,.T.);
#88540=ORIENTED_EDGE('',*,*,#46580,.F.);
#88550=ORIENTED_EDGE('',*,*,#46300,.F.);
#88560=ORIENTED_EDGE('',*,*,#39490,.F.);
#88570=ORIENTED_EDGE('',*,*,#5560,.T.);
#88580=ORIENTED_EDGE('',*,*,#55540,.F.);
#88590=ORIENTED_EDGE('',*,*,#45770,.F.);
#88600=ORIENTED_EDGE('',*,*,#38980,.F.);
#88610=ORIENTED_EDGE('',*,*,#42580,.F.);
#88620=ORIENTED_EDGE('',*,*,#45590,.F.);
#88630=ORIENTED_EDGE('',*,*,#42250,.T.);
#88640=ORIENTED_EDGE('',*,*,#38520,.F.);
#88650=ORIENTED_EDGE('',*,*,#37800,.T.);
#88660=ORIENTED_EDGE('',*,*,#86760,.F.);
#88670=EDGE_LOOP('',(#88660,#88650,#88640,#88630,#88620,#88610,#88600,
#88590,#88580,#88570,#88560,#88550,#88540,#88530,#88520,#88510,#88500,
#88490,#88480,#88470,#88460,#88450,#88440,#88430,#88420,#88410,#88400,
#88390));
#88680=FACE_OUTER_BOUND('',#88670,.T.);
#88690=ADVANCED_FACE('',(#88680),#88380,.T.);
#88700=CARTESIAN_POINT('',(9.35,0.1,10.3));
#88710=DIRECTION('',(-1.,0.,0.));
#88720=DIRECTION('',(0.,1.,0.));
#88730=AXIS2_PLACEMENT_3D('',#88700,#88710,#88720);
#88740=SPHERICAL_SURFACE('',#88730,0.5);
#88750=ORIENTED_EDGE('',*,*,#15210,.F.);
#88760=ORIENTED_EDGE('',*,*,#85280,.T.);
#88770=CARTESIAN_POINT('',(9.35,0.1,10.3));
#88780=DIRECTION('',(0.,-1.,0.));
#88790=DIRECTION('',(-1.,0.,0.));
#88800=AXIS2_PLACEMENT_3D('',#88770,#88780,#88790);
#88810=CIRCLE('',#88800,0.5);
#88820=EDGE_CURVE('',#7850,#15200,#88810,.T.);
#88830=ORIENTED_EDGE('',*,*,#88820,.F.);
#88840=EDGE_LOOP('',(#88830,#88760,#88750));
#88850=FACE_OUTER_BOUND('',#88840,.T.);
#88860=ADVANCED_FACE('',(#88850),#88740,.T.);
#88870=ORIENTED_EDGE('',*,*,#32560,.T.);
#88880=ORIENTED_EDGE('',*,*,#52310,.F.);
#88890=ORIENTED_EDGE('',*,*,#47220,.T.);
#88900=ORIENTED_EDGE('',*,*,#40040,.T.);
#88910=EDGE_LOOP('',(#88900,#88890,#88880,#88870));
#88920=FACE_OUTER_BOUND('',#88910,.T.);
#88930=ADVANCED_FACE('',(#88920),#69820,.F.);
#88940=CARTESIAN_POINT('',(4.6,-10.9736360464781,-5.0400024));
#88950=DIRECTION('',(-1.,0.,0.));
#88960=DIRECTION('',(0.,1.,0.));
#88970=AXIS2_PLACEMENT_3D('',#88940,#88950,#88960);
#88980=PLANE('',#88970);
#88990=ORIENTED_EDGE('',*,*,#44400,.F.);
#89000=ORIENTED_EDGE('',*,*,#82350,.F.);
#89010=ORIENTED_EDGE('',*,*,#36450,.F.);
#89020=CARTESIAN_POINT('',(4.6,-7.6,0.));
#89030=DIRECTION('',(0.,0.,1.));
#89040=VECTOR('',#89030,1.);
#89050=LINE('',#89020,#89040);
#89060=EDGE_CURVE('',#36360,#44390,#89050,.T.);
#89070=ORIENTED_EDGE('',*,*,#89060,.F.);
#89080=EDGE_LOOP('',(#89070,#89010,#89000,#88990));
#89090=FACE_OUTER_BOUND('',#89080,.T.);
#89100=ADVANCED_FACE('',(#89090),#88980,.F.);
#89110=ORIENTED_EDGE('',*,*,#81400,.F.);
#89120=ORIENTED_EDGE('',*,*,#62770,.F.);
#89130=ORIENTED_EDGE('',*,*,#62470,.T.);
#89140=ORIENTED_EDGE('',*,*,#67970,.F.);
#89150=EDGE_LOOP('',(#89140,#89130,#89120,#89110));
#89160=FACE_OUTER_BOUND('',#89150,.T.);
#89170=ADVANCED_FACE('',(#89160),#620,.T.);
#89180=CARTESIAN_POINT('',(13.75,0.1,1.8));
#89190=DIRECTION('',(0.,0.,-1.));
#89200=DIRECTION('',(-1.,0.,0.));
#89210=AXIS2_PLACEMENT_3D('',#89180,#89190,#89200);
#89220=DEGENERATE_TOROIDAL_SURFACE('',#89210,0.199999999999999,0.3,.T.);
#89230=CARTESIAN_POINT('',(13.95,0.1,1.8));
#89240=DIRECTION('',(0.,-1.,0.));
#89250=DIRECTION('',(-1.,0.,0.));
#89260=AXIS2_PLACEMENT_3D('',#89230,#89240,#89250);
#89270=CIRCLE('',#89260,0.3);
#89280=EDGE_CURVE('',#25140,#47480,#89270,.T.);
#89290=ORIENTED_EDGE('',*,*,#89280,.F.);
#89300=ORIENTED_EDGE('',*,*,#47490,.T.);
#89310=CARTESIAN_POINT('',(13.75,0.299999999999999,1.8));
#89320=DIRECTION('',(1.,0.,0.));
#89330=DIRECTION('',(0.,-1.,0.));
#89340=AXIS2_PLACEMENT_3D('',#89310,#89320,#89330);
#89350=CIRCLE('',#89340,0.3);
#89360=EDGE_CURVE('',#24630,#9780,#89350,.T.);
#89370=ORIENTED_EDGE('',*,*,#89360,.T.);
#89380=ORIENTED_EDGE('',*,*,#25220,.F.);
#89390=EDGE_LOOP('',(#89380,#89370,#89300,#89290));
#89400=FACE_OUTER_BOUND('',#89390,.T.);
#89410=ADVANCED_FACE('',(#89400),#89220,.T.);
#89420=CARTESIAN_POINT('',(12.8,-7.9,0.));
#89430=DIRECTION('',(-0.,-1.,-0.));
#89440=DIRECTION('',(-1.,0.,0.));
#89450=AXIS2_PLACEMENT_3D('',#89420,#89430,#89440);
#89460=PLANE('',#89450);
#89470=CARTESIAN_POINT('',(4.3,-7.9,0.));
#89480=DIRECTION('',(0.,0.,1.));
#89490=VECTOR('',#89480,1.);
#89500=LINE('',#89470,#89490);
#89510=CARTESIAN_POINT('',(4.29999999840841,-7.9,10.3));
#89520=VERTEX_POINT('',#89510);
#89530=EDGE_CURVE('',#36270,#89520,#89500,.T.);
#89540=ORIENTED_EDGE('',*,*,#89530,.T.);
#89550=ORIENTED_EDGE('',*,*,#36280,.F.);
#89560=CARTESIAN_POINT('',(3.1,-7.9,0.));
#89570=DIRECTION('',(0.,0.,1.));
#89580=VECTOR('',#89570,1.);
#89590=LINE('',#89560,#89580);
#89600=CARTESIAN_POINT('',(3.10000000159159,-7.9,10.3));
#89610=VERTEX_POINT('',#89600);
#89620=EDGE_CURVE('',#36190,#89610,#89590,.T.);
#89630=ORIENTED_EDGE('',*,*,#89620,.F.);
#89640=CARTESIAN_POINT('',(0.,-7.9,10.3));
#89650=DIRECTION('',(-1.,0.,0.));
#89660=VECTOR('',#89650,1.);
#89670=LINE('',#89640,#89660);
#89680=EDGE_CURVE('',#89520,#89610,#89670,.T.);
#89690=ORIENTED_EDGE('',*,*,#89680,.T.);
#89700=EDGE_LOOP('',(#89690,#89630,#89550,#89540));
#89710=FACE_OUTER_BOUND('',#89700,.T.);
#89720=ADVANCED_FACE('',(#89710),#89460,.T.);
#89730=CARTESIAN_POINT('',(13.175,-6.65,0.075));
#89740=DIRECTION('',(-0.707106781186547,0.,-0.707106781186548));
#89750=DIRECTION('',(-0.707106781186548,0.,0.707106781186547));
#89760=AXIS2_PLACEMENT_3D('',#89730,#89740,#89750);
#89770=PLANE('',#89760);
#89780=ORIENTED_EDGE('',*,*,#62050,.T.);
#89790=ORIENTED_EDGE('',*,*,#67410,.F.);
#89800=CARTESIAN_POINT('',(13.1,-6.65,0.15));
#89810=DIRECTION('',(0.,1.,0.));
#89820=VECTOR('',#89810,1.);
#89830=LINE('',#89800,#89820);
#89840=EDGE_CURVE('',#81580,#67340,#89830,.T.);
#89850=ORIENTED_EDGE('',*,*,#89840,.T.);
#89860=ORIENTED_EDGE('',*,*,#81590,.F.);
#89870=EDGE_LOOP('',(#89860,#89850,#89790,#89780));
#89880=FACE_OUTER_BOUND('',#89870,.T.);
#89890=ADVANCED_FACE('',(#89880),#89770,.T.);
#89900=CARTESIAN_POINT('',(13.1,-5.9,0.));
#89910=DIRECTION('',(1.,0.,0.));
#89920=DIRECTION('',(0.,1.,0.));
#89930=AXIS2_PLACEMENT_3D('',#89900,#89910,#89920);
#89940=PLANE('',#89930);
#89950=ORIENTED_EDGE('',*,*,#67350,.T.);
#89960=ORIENTED_EDGE('',*,*,#87030,.T.);
#89970=ORIENTED_EDGE('',*,*,#81670,.T.);
#89980=ORIENTED_EDGE('',*,*,#89840,.F.);
#89990=EDGE_LOOP('',(#89980,#89970,#89960,#89950));
#90000=FACE_OUTER_BOUND('',#89990,.T.);
#90010=ADVANCED_FACE('',(#90000),#89940,.F.);
#90020=CARTESIAN_POINT('',(7.4,-7.4,5.));
#90030=DIRECTION('',(0.,0.,1.));
#90040=DIRECTION('',(1.,0.,0.));
#90050=AXIS2_PLACEMENT_3D('',#90020,#90030,#90040);
#90060=PLANE('',#90050);
#90070=CARTESIAN_POINT('',(8.30000026902482,0.,5.));
#90080=DIRECTION('',(0.,-1.,0.));
#90090=VECTOR('',#90080,1.);
#90100=LINE('',#90070,#90090);
#90110=CARTESIAN_POINT('',(8.30000026902482,-7.9,5.));
#90120=VERTEX_POINT('',#90110);
#90130=EDGE_CURVE('',#80800,#90120,#90100,.T.);
#90140=ORIENTED_EDGE('',*,*,#90130,.F.);
#90150=CARTESIAN_POINT('',(-3.65,-7.9,5.));
#90160=DIRECTION('',(1.,0.,0.));
#90170=VECTOR('',#90160,1.);
#90180=LINE('',#90150,#90170);
#90190=EDGE_CURVE('',#54160,#90120,#90180,.T.);
#90200=ORIENTED_EDGE('',*,*,#90190,.T.);
#90210=ORIENTED_EDGE('',*,*,#54170,.T.);
#90220=ORIENTED_EDGE('',*,*,#80870,.F.);
#90230=EDGE_LOOP('',(#90220,#90210,#90200,#90140));
#90240=FACE_OUTER_BOUND('',#90230,.T.);
#90250=ADVANCED_FACE('',(#90240),#90060,.T.);
#90260=CARTESIAN_POINT('',(7.9,-7.9,5.4));
#90270=DIRECTION('',(0.,-1.,0.));
#90280=DIRECTION('',(1.,0.,0.));
#90290=AXIS2_PLACEMENT_3D('',#90260,#90270,#90280);
#90300=PLANE('',#90290);
#90310=ORIENTED_EDGE('',*,*,#90190,.F.);
#90320=CARTESIAN_POINT('',(8.30000026902482,-7.9,0.));
#90330=DIRECTION('',(0.,0.,-1.));
#90340=VECTOR('',#90330,1.);
#90350=LINE('',#90320,#90340);
#90360=EDGE_CURVE('',#90120,#53680,#90350,.T.);
#90370=ORIENTED_EDGE('',*,*,#90360,.F.);
#90380=ORIENTED_EDGE('',*,*,#53710,.F.);
#90390=ORIENTED_EDGE('',*,*,#54230,.T.);
#90400=EDGE_LOOP('',(#90390,#90380,#90370,#90310));
#90410=FACE_OUTER_BOUND('',#90400,.T.);
#90420=ADVANCED_FACE('',(#90410),#90300,.T.);
#90430=CARTESIAN_POINT('',(8.30000026902482,-9.3,-5.0400024));
#90440=DIRECTION('',(-1.,0.,0.));
#90450=DIRECTION('',(0.,1.,0.));
#90460=AXIS2_PLACEMENT_3D('',#90430,#90440,#90450);
#90470=PLANE('',#90460);
#90480=ORIENTED_EDGE('',*,*,#53790,.T.);
#90490=ORIENTED_EDGE('',*,*,#90360,.T.);
#90500=ORIENTED_EDGE('',*,*,#90130,.T.);
#90510=ORIENTED_EDGE('',*,*,#80810,.T.);
#90520=EDGE_LOOP('',(#90510,#90500,#90490,#90480));
#90530=FACE_OUTER_BOUND('',#90520,.T.);
#90540=ADVANCED_FACE('',(#90530),#90470,.F.);
#90550=CARTESIAN_POINT('',(15.6999995380496,-7.4,1.5));
#90560=DIRECTION('',(-1.,0.,0.));
#90570=DIRECTION('',(0.,0.,1.));
#90580=AXIS2_PLACEMENT_3D('',#90550,#90560,#90570);
#90590=PLANE('',#90580);
#90600=ORIENTED_EDGE('',*,*,#81120,.T.);
#90610=CARTESIAN_POINT('',(15.6999995380496,0.,1.5));
#90620=DIRECTION('',(0.,1.,0.));
#90630=VECTOR('',#90620,1.);
#90640=LINE('',#90610,#90630);
#90650=CARTESIAN_POINT('',(15.6999995380496,-7.9,1.5));
#90660=VERTEX_POINT('',#90650);
#90670=EDGE_CURVE('',#90660,#81050,#90640,.T.);
#90680=ORIENTED_EDGE('',*,*,#90670,.T.);
#90690=CARTESIAN_POINT('',(15.6999995380496,-7.9,0.));
#90700=DIRECTION('',(0.,0.,-1.));
#90710=VECTOR('',#90700,1.);
#90720=LINE('',#90690,#90710);
#90730=CARTESIAN_POINT('',(15.6999995380496,-7.9,5.));
#90740=VERTEX_POINT('',#90730);
#90750=EDGE_CURVE('',#90740,#90660,#90720,.T.);
#90760=ORIENTED_EDGE('',*,*,#90750,.T.);
#90770=CARTESIAN_POINT('',(15.6999995380496,0.,5.));
#90780=DIRECTION('',(0.,-1.,0.));
#90790=VECTOR('',#90780,1.);
#90800=LINE('',#90770,#90790);
#90810=EDGE_CURVE('',#80960,#90740,#90800,.T.);
#90820=ORIENTED_EDGE('',*,*,#90810,.T.);
#90830=EDGE_LOOP('',(#90820,#90760,#90680,#90600));
#90840=FACE_OUTER_BOUND('',#90830,.T.);
#90850=ADVANCED_FACE('',(#90840),#90590,.F.);
#90860=CARTESIAN_POINT('',(14.6999995380496,-7.4,1.5));
#90870=DIRECTION('',(0.,0.,1.));
#90880=DIRECTION('',(1.,0.,0.));
#90890=AXIS2_PLACEMENT_3D('',#90860,#90870,#90880);
#90900=PLANE('',#90890);
#90910=ORIENTED_EDGE('',*,*,#11660,.F.);
#90920=CARTESIAN_POINT('',(26.7499995380496,-7.9,1.5));
#90930=DIRECTION('',(1.,0.,0.));
#90940=VECTOR('',#90930,1.);
#90950=LINE('',#90920,#90940);
#90960=EDGE_CURVE('',#11570,#90660,#90950,.T.);
#90970=ORIENTED_EDGE('',*,*,#90960,.F.);
#90980=ORIENTED_EDGE('',*,*,#90670,.F.);
#90990=ORIENTED_EDGE('',*,*,#81060,.T.);
#91000=EDGE_LOOP('',(#90990,#90980,#90970,#90910));
#91010=FACE_OUTER_BOUND('',#91000,.T.);
#91020=ADVANCED_FACE('',(#91010),#90900,.F.);
#91030=CARTESIAN_POINT('',(15.6999995380496,-7.4,5.));
#91040=DIRECTION('',(0.,0.,-1.));
#91050=DIRECTION('',(-1.,0.,0.));
#91060=AXIS2_PLACEMENT_3D('',#91030,#91040,#91050);
#91070=PLANE('',#91060);
#91080=ORIENTED_EDGE('',*,*,#11500,.F.);
#91090=ORIENTED_EDGE('',*,*,#80970,.T.);
#91100=ORIENTED_EDGE('',*,*,#90810,.F.);
#91110=CARTESIAN_POINT('',(26.7499995380496,-7.9,5.));
#91120=DIRECTION('',(-1.,0.,0.));
#91130=VECTOR('',#91120,1.);
#91140=LINE('',#91110,#91130);
#91150=EDGE_CURVE('',#90740,#11470,#91140,.T.);
#91160=ORIENTED_EDGE('',*,*,#91150,.F.);
#91170=EDGE_LOOP('',(#91160,#91100,#91090,#91080));
#91180=FACE_OUTER_BOUND('',#91170,.T.);
#91190=ADVANCED_FACE('',(#91180),#91070,.F.);
#91200=CARTESIAN_POINT('',(15.1999995380496,-7.9,5.4));
#91210=DIRECTION('',(0.,1.,-0.));
#91220=DIRECTION('',(-1.,0.,0.));
#91230=AXIS2_PLACEMENT_3D('',#91200,#91210,#91220);
#91240=PLANE('',#91230);
#91250=ORIENTED_EDGE('',*,*,#91150,.T.);
#91260=ORIENTED_EDGE('',*,*,#90750,.F.);
#91270=ORIENTED_EDGE('',*,*,#90960,.T.);
#91280=ORIENTED_EDGE('',*,*,#11580,.F.);
#91290=EDGE_LOOP('',(#91280,#91270,#91260,#91250));
#91300=FACE_OUTER_BOUND('',#91290,.T.);
#91310=ADVANCED_FACE('',(#91300),#91240,.F.);
#91320=CARTESIAN_POINT('',(6.95000026902482,-0.750000001591616,10.3));
#91330=CARTESIAN_POINT('',(6.95000026902482,-0.750000001591616,
10.2858578643012));
#91340=CARTESIAN_POINT('',(6.95000026902482,-0.75,10.2717157286025));
#91350=CARTESIAN_POINT('',(6.95000026902482,-0.75,10.0952573952691));
#91360=CARTESIAN_POINT('',(6.95000026902482,-0.75,9.93294119763457));
#91370=CARTESIAN_POINT('',(6.95000026902482,-0.75,9.73533333333333));
#91380=CARTESIAN_POINT('',(6.95000026902482,-0.75,9.70004166666667));
#91390=CARTESIAN_POINT('',(6.95000026902482,-0.75,9.62945833333333));
#91400=CARTESIAN_POINT('',(6.95000026902482,-0.75,9.59416666666667));
#91410=CARTESIAN_POINT('',(6.95000026902482,-0.75,9.52358333333333));
#91420=CARTESIAN_POINT('',(6.95000026902482,-0.75,9.48829166666667));
#91430=CARTESIAN_POINT('',(6.95000026902482,-0.75,9.347125));
#91440=CARTESIAN_POINT('',(6.95000026902482,-0.75,9.135375));
#91450=CARTESIAN_POINT('',(6.95000026902482,-0.75,8.923625));
#91460=CARTESIAN_POINT('',(6.95000026902482,-0.75,8.606));
#91470=CARTESIAN_POINT('',(6.95000026902482,-0.75,8.39425));
#91480=CARTESIAN_POINT('',(6.95000026902482,-0.75,7.85605208333333));
#91490=CARTESIAN_POINT('',(6.95000026902482,-0.75,7.52960416666666));
#91500=CARTESIAN_POINT('',(6.95000026902482,-0.75,6.87670833333333));
#91510=CARTESIAN_POINT('',(6.95000026902482,-0.75,6.55026041666666));
#91520=CARTESIAN_POINT('',(6.95000026902482,-0.75,6.20616666666666));
#91530=CARTESIAN_POINT('',(6.95000026902482,-0.75,6.18852083333333));
#91540=CARTESIAN_POINT('',(6.95000026902482,-0.75,6.15322916666666));
#91550=CARTESIAN_POINT('',(6.95000026902482,-0.75,6.13558333333333));
#91560=CARTESIAN_POINT('',(6.95000026902482,-0.75,6.11443380229039));
#91570=CARTESIAN_POINT('',(6.95000026902482,-0.75,6.11093010458079));
#91580=CARTESIAN_POINT('',(6.95000026902482,-0.75,6.09328427124746));
#91590=CARTESIAN_POINT('',(6.95000026902482,-0.75,6.07914213562372));
#91600=CARTESIAN_POINT('',(6.95000026902482,-0.75,6.05085786437626));
#91610=CARTESIAN_POINT('',(6.95000026902482,-0.75,6.03671572875253));
#91620=CARTESIAN_POINT('',(6.95000026902482,-0.75,6.0090698954192));
#91630=CARTESIAN_POINT('',(6.95000026902482,-0.75,5.9955661977096));
#91640=CARTESIAN_POINT('',(6.95000026902482,-0.75,5.96441666666666));
#91650=CARTESIAN_POINT('',(6.95000026902482,-0.75,5.94677083333333));
#91660=CARTESIAN_POINT('',(6.95000026902482,-0.75,5.91147916666666));
#91670=CARTESIAN_POINT('',(6.95000026902482,-0.75,5.89383333333333));
#91680=CARTESIAN_POINT('',(6.95000026902482,-0.75,5.55223958333333));
#91690=CARTESIAN_POINT('',(6.95000026902482,-0.75,5.22829166666666));
#91700=CARTESIAN_POINT('',(6.95000026902482,-0.75,4.58039583333333));
#91710=CARTESIAN_POINT('',(6.95000026902482,-0.75,4.25644791666666));
#91720=CARTESIAN_POINT('',(6.95000026902482,-0.75,3.71824999999999));
#91730=CARTESIAN_POINT('',(6.95000026902482,-0.75,3.504));
#91740=CARTESIAN_POINT('',(6.95000026902482,-0.75,3.182625));
#91750=CARTESIAN_POINT('',(6.95000026902482,-0.75,2.968375));
#91760=CARTESIAN_POINT('',(6.95000026902482,-0.75,2.754125));
#91770=CARTESIAN_POINT('',(6.95000026902482,-0.75,2.61170833333333));
#91780=CARTESIAN_POINT('',(6.95000026902482,-0.75,2.57641666666667));
#91790=CARTESIAN_POINT('',(6.95000026902482,-0.75,2.50583333333333));
#91800=CARTESIAN_POINT('',(6.95000026902482,-0.75,2.47054166666667));
#91810=CARTESIAN_POINT('',(6.95000026902482,-0.75,2.39995833333333));
#91820=CARTESIAN_POINT('',(6.95000026902482,-0.75,2.36466666666667));
#91830=CARTESIAN_POINT('',(6.95000026902482,-0.75,0.731245285954792));
#91840=CARTESIAN_POINT('',(6.95000026902482,-0.75,-0.866884428090416));
#91850=CARTESIAN_POINT('',(6.95000026902482,-0.75,-2.46501414213562));
#91860=CARTESIAN_POINT('',(6.95000026902482,-0.574264069497227,
10.3000103411866));
#91870=CARTESIAN_POINT('',(6.95000026902482,-0.574264069382276,
10.2858642026378));
#91880=CARTESIAN_POINT('',(6.95000026902482,-0.574264068704068,
10.2717156499352));
#91890=CARTESIAN_POINT('',(6.95000026902482,-0.574264068706034,
10.095257336277));
#91900=CARTESIAN_POINT('',(6.95000026902482,-0.574264068707417,
9.93294115249178));
#91910=CARTESIAN_POINT('',(6.95000026902482,-0.574264068708706,
9.73533330109242));
#91920=CARTESIAN_POINT('',(6.95000026902482,-0.574264068708921,
9.700041636576));
#91930=CARTESIAN_POINT('',(6.95000026902482,-0.574264068709322,
9.62945830725624));
#91940=CARTESIAN_POINT('',(6.95000026902482,-0.574264068709508,
9.59416664245291));
#91950=CARTESIAN_POINT('',(6.95000026902482,-0.574264068709854,
9.52358331257986));
#91960=CARTESIAN_POINT('',(6.95000026902482,-0.574264068710014,
9.48829164751016));
#91970=CARTESIAN_POINT('',(6.95000026902482,-0.574264068710603,
9.34712498673981));
#91980=CARTESIAN_POINT('',(6.95000026902476,-0.574264068711265,
9.13537499337229));
#91990=CARTESIAN_POINT('',(6.95000026902481,-0.574264068710424,
8.9236249966862));
#92000=CARTESIAN_POINT('',(6.95000026902485,-0.574264068709764,
8.60600000000009));
#92010=CARTESIAN_POINT('',(6.95000026902483,-0.574264068710124,
8.39425000000003));
#92020=CARTESIAN_POINT('',(6.95000026902481,-0.574264068710631,
7.85605208333329));
#92030=CARTESIAN_POINT('',(6.95000026902482,-0.574264068710558,
7.52960416666665));
#92040=CARTESIAN_POINT('',(6.95000026902482,-0.574264068710669,
6.87670833333334));
#92050=CARTESIAN_POINT('',(6.95000026902479,-0.574264068710854,
6.55026041666666));
#92060=CARTESIAN_POINT('',(6.95000026902482,-0.574264068710985,
6.20616666666666));
#92070=CARTESIAN_POINT('',(6.95000026902482,-0.574264068710991,
6.18852083333333));
#92080=CARTESIAN_POINT('',(6.95000026902482,-0.574264068711006,
6.15322916666666));
#92090=CARTESIAN_POINT('',(6.95000026902482,-0.574264068711014,
6.13558333333333));
#92100=CARTESIAN_POINT('',(6.95000026902482,-0.574264068711021,
6.11443380229039));
#92110=CARTESIAN_POINT('',(6.95000026902482,-0.574264068711022,
6.11093010458079));
#92120=CARTESIAN_POINT('',(6.95000026902482,-0.574264068711027,
6.09328427124746));
#92130=CARTESIAN_POINT('',(6.95000026902482,-0.574264068711033,
6.07914213562373));
#92140=CARTESIAN_POINT('',(6.95000026902482,-0.574264068711045,
6.05085786437626));
#92150=CARTESIAN_POINT('',(6.95000026902482,-0.574264068711051,
6.03671572875253));
#92160=CARTESIAN_POINT('',(6.95000026902482,-0.574264068711062,
6.0090698954192));
#92170=CARTESIAN_POINT('',(6.95000026902482,-0.574264068711067,
5.9955661977096));
#92180=CARTESIAN_POINT('',(6.95000026902482,-0.574264068711079,
5.96441666666666));
#92190=CARTESIAN_POINT('',(6.95000026902482,-0.574264068711087,
5.94677083333333));
#92200=CARTESIAN_POINT('',(6.95000026902482,-0.574264068711101,
5.91147916666666));
#92210=CARTESIAN_POINT('',(6.95000026902482,-0.574264068711107,
5.89383333333333));
#92220=CARTESIAN_POINT('',(6.95000026902484,-0.574264068711236,
5.55223958333336));
#92230=CARTESIAN_POINT('',(6.95000026902483,-0.574264068711362,
5.22829166666667));
#92240=CARTESIAN_POINT('',(6.95000026902482,-0.574264068711588,
4.58039583333332));
#92250=CARTESIAN_POINT('',(6.95000026902481,-0.574264068711688,
4.25644791666666));
#92260=CARTESIAN_POINT('',(6.95000026902483,-0.574264068711815,3.71825))
;
#92270=CARTESIAN_POINT('',(6.95000026902484,-0.574264068711855,3.504));
#92280=CARTESIAN_POINT('',(6.95000026902481,-0.574264068711901,
3.18262499999999));
#92290=CARTESIAN_POINT('',(6.95000026902478,-0.574264068711927,
2.96837499999999));
#92300=CARTESIAN_POINT('',(6.95000026902482,-0.574264068711929,2.754125)
);
#92310=CARTESIAN_POINT('',(6.95000026902482,-0.574264068711929,
2.61170833333333));
#92320=CARTESIAN_POINT('',(6.95000026902482,-0.574264068711929,
2.57641666666667));
#92330=CARTESIAN_POINT('',(6.95000026902482,-0.574264068711929,
2.50583333333333));
#92340=CARTESIAN_POINT('',(6.95000026902482,-0.574264068711929,
2.47054166666667));
#92350=CARTESIAN_POINT('',(6.95000026902482,-0.574264068711929,
2.39995833333333));
#92360=CARTESIAN_POINT('',(6.95000026902482,-0.574264068711929,
2.36466666666667));
#92370=CARTESIAN_POINT('',(6.95000026902482,-0.574264068711929,
0.731245285954792));
#92380=CARTESIAN_POINT('',(6.95000026902482,-0.574264068711929,
-0.866884428090416));
#92390=CARTESIAN_POINT('',(6.95000026902482,-0.574264068711929,
-2.46501414213562));
#92400=CARTESIAN_POINT('',(6.82573619952759,-0.45,10.3000103411866));
#92410=CARTESIAN_POINT('',(6.82573619964254,-0.45,10.2858642026378));
#92420=CARTESIAN_POINT('',(6.82573620032076,-0.45,10.2717156499352));
#92430=CARTESIAN_POINT('',(6.82573620031879,-0.45,10.095257336277));
#92440=CARTESIAN_POINT('',(6.82573620031741,-0.45,9.93294115249178));
#92450=CARTESIAN_POINT('',(6.82573620031612,-0.45,9.73533330109242));
#92460=CARTESIAN_POINT('',(6.8257362003159,-0.45,9.700041636576));
#92470=CARTESIAN_POINT('',(6.8257362003155,-0.45,9.62945830725624));
#92480=CARTESIAN_POINT('',(6.82573620031532,-0.45,9.59416664245291));
#92490=CARTESIAN_POINT('',(6.82573620031497,-0.45,9.52358331257986));
#92500=CARTESIAN_POINT('',(6.82573620031481,-0.45,9.48829164751016));
#92510=CARTESIAN_POINT('',(6.82573620031421,-0.45,9.34712498673981));
#92520=CARTESIAN_POINT('',(6.82573620031349,-0.449999999999999,
9.13537499337229));
#92530=CARTESIAN_POINT('',(6.82573620031438,-0.45,8.9236249966862));
#92540=CARTESIAN_POINT('',(6.82573620031509,-0.450000000000001,
8.60600000000009));
#92550=CARTESIAN_POINT('',(6.82573620031471,-0.45,8.39425000000003));
#92560=CARTESIAN_POINT('',(6.82573620031418,-0.45,7.85605208333329));
#92570=CARTESIAN_POINT('',(6.82573620031427,-0.45,7.52960416666665));
#92580=CARTESIAN_POINT('',(6.82573620031415,-0.45,6.87670833333334));
#92590=CARTESIAN_POINT('',(6.82573620031394,-0.449999999999998,
6.55026041666667));
#92600=CARTESIAN_POINT('',(6.82573620031384,-0.45,6.20616666666666));
#92610=CARTESIAN_POINT('',(6.82573620031383,-0.45,6.18852083333333));
#92620=CARTESIAN_POINT('',(6.82573620031382,-0.45,6.15322916666666));
#92630=CARTESIAN_POINT('',(6.82573620031381,-0.45,6.13558333333333));
#92640=CARTESIAN_POINT('',(6.8257362003138,-0.45,6.11443380229039));
#92650=CARTESIAN_POINT('',(6.8257362003138,-0.45,6.11093010458079));
#92660=CARTESIAN_POINT('',(6.8257362003138,-0.45,6.09328427124745));
#92670=CARTESIAN_POINT('',(6.82573620031379,-0.45,6.07914213562373));
#92680=CARTESIAN_POINT('',(6.82573620031378,-0.45,6.05085786437626));
#92690=CARTESIAN_POINT('',(6.82573620031378,-0.45,6.03671572875253));
#92700=CARTESIAN_POINT('',(6.82573620031376,-0.45,6.00906989541919));
#92710=CARTESIAN_POINT('',(6.82573620031376,-0.45,5.9955661977096));
#92720=CARTESIAN_POINT('',(6.82573620031375,-0.45,5.96441666666666));
#92730=CARTESIAN_POINT('',(6.82573620031374,-0.45,5.94677083333333));
#92740=CARTESIAN_POINT('',(6.82573620031372,-0.45,5.91147916666666));
#92750=CARTESIAN_POINT('',(6.82573620031372,-0.45,5.89383333333333));
#92760=CARTESIAN_POINT('',(6.82573620031359,-0.450000000000001,
5.55223958333336));
#92770=CARTESIAN_POINT('',(6.82573620031346,-0.45,5.22829166666667));
#92780=CARTESIAN_POINT('',(6.82573620031324,-0.45,4.58039583333332));
#92790=CARTESIAN_POINT('',(6.82573620031315,-0.45,4.25644791666666));
#92800=CARTESIAN_POINT('',(6.82573620031301,-0.45,3.71825));
#92810=CARTESIAN_POINT('',(6.82573620031295,-0.45,3.504));
#92820=CARTESIAN_POINT('',(6.82573620031294,-0.45,3.182625));
#92830=CARTESIAN_POINT('',(6.82573620031294,-0.45,2.968375));
#92840=CARTESIAN_POINT('',(6.8257362003129,-0.45,2.754125));
#92850=CARTESIAN_POINT('',(6.82573620031289,-0.45,2.61170833333333));
#92860=CARTESIAN_POINT('',(6.82573620031289,-0.45,2.57641666666667));
#92870=CARTESIAN_POINT('',(6.82573620031289,-0.45,2.50583333333333));
#92880=CARTESIAN_POINT('',(6.82573620031289,-0.45,2.47054166666667));
#92890=CARTESIAN_POINT('',(6.82573620031289,-0.45,2.39995833333333));
#92900=CARTESIAN_POINT('',(6.82573620031289,-0.45,2.36466666666667));
#92910=CARTESIAN_POINT('',(6.82573620031289,-0.45,0.731245285954792));
#92920=CARTESIAN_POINT('',(6.82573620031289,-0.45,-0.866884428090416));
#92930=CARTESIAN_POINT('',(6.82573620031289,-0.45,-2.46501414213562));
#92940=CARTESIAN_POINT('',(6.65000026743321,-0.45,10.3));
#92950=CARTESIAN_POINT('',(6.65000026743321,-0.45,10.2858578643012));
#92960=CARTESIAN_POINT('',(6.65000026902482,-0.45,10.2717157286025));
#92970=CARTESIAN_POINT('',(6.65000026902482,-0.45,10.0952573952691));
#92980=CARTESIAN_POINT('',(6.65000026902482,-0.45,9.93294119763457));
#92990=CARTESIAN_POINT('',(6.65000026902482,-0.45,9.73533333333333));
#93000=CARTESIAN_POINT('',(6.65000026902482,-0.45,9.70004166666667));
#93010=CARTESIAN_POINT('',(6.65000026902482,-0.45,9.62945833333333));
#93020=CARTESIAN_POINT('',(6.65000026902482,-0.45,9.59416666666667));
#93030=CARTESIAN_POINT('',(6.65000026902482,-0.45,9.52358333333333));
#93040=CARTESIAN_POINT('',(6.65000026902482,-0.45,9.48829166666667));
#93050=CARTESIAN_POINT('',(6.65000026902482,-0.45,9.347125));
#93060=CARTESIAN_POINT('',(6.65000026902482,-0.45,9.135375));
#93070=CARTESIAN_POINT('',(6.65000026902482,-0.45,8.923625));
#93080=CARTESIAN_POINT('',(6.65000026902482,-0.45,8.606));
#93090=CARTESIAN_POINT('',(6.65000026902482,-0.45,8.39425));
#93100=CARTESIAN_POINT('',(6.65000026902482,-0.45,7.85605208333333));
#93110=CARTESIAN_POINT('',(6.65000026902482,-0.45,7.52960416666666));
#93120=CARTESIAN_POINT('',(6.65000026902482,-0.45,6.87670833333333));
#93130=CARTESIAN_POINT('',(6.65000026902482,-0.45,6.55026041666666));
#93140=CARTESIAN_POINT('',(6.65000026902482,-0.45,6.20616666666666));
#93150=CARTESIAN_POINT('',(6.65000026902482,-0.45,6.18852083333333));
#93160=CARTESIAN_POINT('',(6.65000026902482,-0.45,6.15322916666666));
#93170=CARTESIAN_POINT('',(6.65000026902482,-0.45,6.13558333333333));
#93180=CARTESIAN_POINT('',(6.65000026902482,-0.45,6.11443380229039));
#93190=CARTESIAN_POINT('',(6.65000026902482,-0.45,6.11093010458079));
#93200=CARTESIAN_POINT('',(6.65000026902482,-0.45,6.09328427124746));
#93210=CARTESIAN_POINT('',(6.65000026902482,-0.45,6.07914213562372));
#93220=CARTESIAN_POINT('',(6.65000026902482,-0.45,6.05085786437626));
#93230=CARTESIAN_POINT('',(6.65000026902483,-0.45,6.03671572875253));
#93240=CARTESIAN_POINT('',(6.65000026902483,-0.45,6.0090698954192));
#93250=CARTESIAN_POINT('',(6.65000026902483,-0.45,5.9955661977096));
#93260=CARTESIAN_POINT('',(6.65000026902483,-0.45,5.96441666666666));
#93270=CARTESIAN_POINT('',(6.65000026902483,-0.45,5.94677083333333));
#93280=CARTESIAN_POINT('',(6.65000026902483,-0.45,5.91147916666666));
#93290=CARTESIAN_POINT('',(6.65000026902483,-0.45,5.89383333333333));
#93300=CARTESIAN_POINT('',(6.65000026902483,-0.45,5.55223958333333));
#93310=CARTESIAN_POINT('',(6.65000026902483,-0.45,5.22829166666666));
#93320=CARTESIAN_POINT('',(6.65000026902482,-0.45,4.58039583333333));
#93330=CARTESIAN_POINT('',(6.65000026902482,-0.45,4.25644791666666));
#93340=CARTESIAN_POINT('',(6.65000026902482,-0.45,3.71824999999999));
#93350=CARTESIAN_POINT('',(6.65000026902482,-0.45,3.504));
#93360=CARTESIAN_POINT('',(6.65000026902482,-0.45,3.182625));
#93370=CARTESIAN_POINT('',(6.65000026902482,-0.45,2.968375));
#93380=CARTESIAN_POINT('',(6.65000026902482,-0.45,2.754125));
#93390=CARTESIAN_POINT('',(6.65000026902482,-0.45,2.61170833333333));
#93400=CARTESIAN_POINT('',(6.65000026902482,-0.45,2.57641666666667));
#93410=CARTESIAN_POINT('',(6.65000026902482,-0.45,2.50583333333333));
#93420=CARTESIAN_POINT('',(6.65000026902482,-0.45,2.47054166666667));
#93430=CARTESIAN_POINT('',(6.65000026902482,-0.45,2.39995833333333));
#93440=CARTESIAN_POINT('',(6.65000026902482,-0.45,2.36466666666667));
#93450=CARTESIAN_POINT('',(6.65000026902483,-0.45,0.731245285954792));
#93460=CARTESIAN_POINT('',(6.65000026902482,-0.45,-0.866884428090416));
#93470=CARTESIAN_POINT('',(6.65000026902482,-0.45,-2.46501414213562));
#93480=(BOUNDED_SURFACE() B_SPLINE_SURFACE(3,3,((#91320,#91860,#92400,
#92940),(#91330,#91870,#92410,#92950),(#91340,#91880,#92420,#92960),(
#91350,#91890,#92430,#92970),(#91360,#91900,#92440,#92980),(#91370,
#91910,#92450,#92990),(#91380,#91920,#92460,#93000),(#91390,#91930,
#92470,#93010),(#91400,#91940,#92480,#93020),(#91410,#91950,#92490,
#93030),(#91420,#91960,#92500,#93040),(#91430,#91970,#92510,#93050),(
#91440,#91980,#92520,#93060),(#91450,#91990,#92530,#93070),(#91460,
#92000,#92540,#93080),(#91470,#92010,#92550,#93090),(#91480,#92020,
#92560,#93100),(#91490,#92030,#92570,#93110),(#91500,#92040,#92580,
#93120),(#91510,#92050,#92590,#93130),(#91520,#92060,#92600,#93140),(
#91530,#92070,#92610,#93150),(#91540,#92080,#92620,#93160),(#91550,
#92090,#92630,#93170),(#91560,#92100,#92640,#93180),(#91570,#92110,
#92650,#93190),(#91580,#92120,#92660,#93200),(#91590,#92130,#92670,
#93210),(#91600,#92140,#92680,#93220),(#91610,#92150,#92690,#93230),(
#91620,#92160,#92700,#93240),(#91630,#92170,#92710,#93250),(#91640,
#92180,#92720,#93260),(#91650,#92190,#92730,#93270),(#91660,#92200,
#92740,#93280),(#91670,#92210,#92750,#93290),(#91680,#92220,#92760,
#93300),(#91690,#92230,#92770,#93310),(#91700,#92240,#92780,#93320),(
#91710,#92250,#92790,#93330),(#91720,#92260,#92800,#93340),(#91730,
#92270,#92810,#93350),(#91740,#92280,#92820,#93360),(#91750,#92290,
#92830,#93370),(#91760,#92300,#92840,#93380),(#91770,#92310,#92850,
#93390),(#91780,#92320,#92860,#93400),(#91790,#92330,#92870,#93410),(
#91800,#92340,#92880,#93420),(#91810,#92350,#92890,#93430),(#91820,
#92360,#92900,#93440),(#91830,#92370,#92910,#93450),(#91840,#92380,
#92920,#93460),(#91850,#92390,#92930,#93470)),.UNSPECIFIED.,.F.,.F.,.F.)
 B_SPLINE_SURFACE_WITH_KNOTS((4,2,2,2,2,2,1,2,2,2,2,2,2,2,2,2,2,2,2,2,2,
2,1,2,2,2,2,4),(4,4),(0.,0.0424264070963023,0.529375000000003,
0.635250000000003,0.741125000000003,0.847000000000002,1.164625,1.48225,
2.1175,3.09684375000001,4.07618750000001,4.12912500000001,
4.18206250000001,4.19257359312882,4.23500000000001,4.27742640687121,
4.31793750000001,4.37087500000001,4.42381250000001,5.39565625000001,
6.36750000000001,7.01025000000001,7.331625,7.653,7.758875,7.86475,
7.970625,12.7650141421356),(0.,1.),.UNSPECIFIED.) 
GEOMETRIC_REPRESENTATION_ITEM() RATIONAL_B_SPLINE_SURFACE(((1.,
0.80473785330819,0.80473785330819,1.),(1.,0.804737854052619,
0.804737854052619,1.),(1.,0.804737854175267,0.804737854175267,1.),(1.,
0.804737854162542,0.804737854162542,1.),(1.,0.804737854153583,
0.804737854153583,1.),(1.,0.804737854145236,0.804737854145236,1.),(1.,
0.804737854143845,0.804737854143845,1.),(1.,0.804737854141247,
0.804737854141247,1.),(1.,0.804737854140042,0.804737854140042,1.),(1.,
0.804737854137802,0.804737854137802,1.),(1.,0.804737854136769,
0.804737854136769,1.),(1.,0.804737854132953,0.804737854132953,1.),(1.,
0.804737854128666,0.804737854128666,1.),(1.,0.804737854134111,
0.804737854134111,1.),(1.,0.804737854138393,0.804737854138393,1.),(1.,
0.804737854136066,0.804737854136066,1.),(1.,0.804737854132778,
0.804737854132778,1.),(1.,0.804737854133238,0.804737854133238,1.),(1.,
0.804737854132551,0.804737854132551,1.),(1.,0.804737854131402,
0.804737854131402,1.),(1.,0.80473785413049,0.80473785413049,1.),(1.,
0.804737854130444,0.804737854130444,1.),(1.,0.804737854130353,
0.804737854130353,1.),(1.,0.804737854130308,0.804737854130308,1.),(1.,
0.804737854130254,0.804737854130254,1.),(1.,0.804737854130246,
0.804737854130246,1.),(1.,0.804737854130201,0.804737854130201,1.),(1.,
0.804737854130163,0.804737854130163,1.),(1.,0.804737854130094,
0.804737854130094,1.),(1.,0.804737854130062,0.804737854130062,1.),(1.,
0.804737854129993,0.804737854129993,1.),(1.,0.804737854129957,
0.804737854129957,1.),(1.,0.804737854129877,0.804737854129877,1.),(1.,
0.804737854129835,0.804737854129835,1.),(1.,0.804737854129748,
0.804737854129748,1.),(1.,0.804737854129702,0.804737854129702,1.),(1.,
0.804737854128823,0.804737854128823,1.),(1.,0.804737854128035,
0.804737854128035,1.),(1.,0.804737854126588,0.804737854126588,1.),(1.,
0.80473785412593,0.80473785412593,1.),(1.,0.804737854125113,
0.804737854125113,1.),(1.,0.804737854124862,0.804737854124862,1.),(1.,
0.804737854124551,0.804737854124551,1.),(1.,0.804737854124367,
0.804737854124367,1.),(1.,0.804737854124366,0.804737854124366,1.),(1.,
0.804737854124366,0.804737854124366,1.),(1.,0.804737854124366,
0.804737854124366,1.),(1.,0.804737854124366,0.804737854124366,1.),(1.,
0.804737854124366,0.804737854124366,1.),(1.,0.804737854124366,
0.804737854124366,1.),(1.,0.804737854124366,0.804737854124366,1.),(1.,
0.804737854124366,0.804737854124366,1.),(1.,0.804737854124366,
0.804737854124366,1.),(1.,0.804737854124366,0.804737854124366,1.))) 
REPRESENTATION_ITEM('') SURFACE());
#93490=ORIENTED_EDGE('',*,*,#18900,.T.);
#93500=CARTESIAN_POINT('',(6.95000026902482,-0.750000001591616,10.3));
#93510=CARTESIAN_POINT('',(6.95000026902482,-0.574264069497228,
10.3000103411866));
#93520=CARTESIAN_POINT('',(6.82573619952759,-0.45,10.3000103411866));
#93530=CARTESIAN_POINT('',(6.65000026743321,-0.45,10.3));
#93540=(BOUNDED_CURVE() B_SPLINE_CURVE(3,(#93500,#93510,#93520,#93530),
.UNSPECIFIED.,.F.,.F.) B_SPLINE_CURVE_WITH_KNOTS((4,4),(0.,1.),
.UNSPECIFIED.) CURVE() GEOMETRIC_REPRESENTATION_ITEM() 
RATIONAL_B_SPLINE_CURVE((1.,0.804737853308189,0.804737853308189,1.)) 
REPRESENTATION_ITEM(''));
#93550=EDGE_CURVE('',#18870,#19270,#93540,.T.);
#93560=ORIENTED_EDGE('',*,*,#93550,.F.);
#93570=ORIENTED_EDGE('',*,*,#20030,.F.);
#93580=CARTESIAN_POINT('',(6.65000026902482,-0.45,1.8));
#93590=CARTESIAN_POINT('',(6.66414240464855,-0.45,1.8));
#93600=CARTESIAN_POINT('',(6.69308954204147,-0.45159872189552,1.8));
#93610=CARTESIAN_POINT('',(6.73807542279275,-0.459224555297362,1.8));
#93620=CARTESIAN_POINT('',(6.79906047532502,-0.481327183906595,
1.79999999999998));
#93630=CARTESIAN_POINT('',(6.86930437341265,-0.530695895612281,
1.80000000000006));
#93640=CARTESIAN_POINT('',(6.91867308511808,-0.600939793699796,
1.79999999999993));
#93650=CARTESIAN_POINT('',(6.94077571372759,-0.661924846232002,
1.80000000000006));
#93660=CARTESIAN_POINT('',(6.94840154712923,-0.706910726983429,
1.79999999999996));
#93670=CARTESIAN_POINT('',(6.95000026902482,-0.735857864376269,1.8));
#93680=CARTESIAN_POINT('',(6.95000026902482,-0.75,1.8));
#93690=B_SPLINE_CURVE_WITH_KNOTS('',6,(#93580,#93590,#93600,#93610,
#93620,#93630,#93640,#93650,#93660,#93670,#93680),.UNSPECIFIED.,.F.,.F.,
(7,1,1,1,1,7),(0.,0.2,0.4,0.6,0.8,1.),.UNSPECIFIED.);
#93700=CARTESIAN_POINT('',(6.86213234232792,-0.537867926696915,1.8));
#93710=VERTEX_POINT('',#93700);
#93720=EDGE_CURVE('',#19450,#93710,#93690,.T.);
#93730=ORIENTED_EDGE('',*,*,#93720,.F.);
#93740=EDGE_CURVE('',#93710,#18890,#93690,.T.);
#93750=ORIENTED_EDGE('',*,*,#93740,.F.);
#93760=EDGE_LOOP('',(#93750,#93730,#93570,#93560,#93490));
#93770=FACE_OUTER_BOUND('',#93760,.T.);
#93780=ADVANCED_FACE('',(#93770),#93480,.T.);
#93790=CARTESIAN_POINT('',(19.2499995380496,-6.15,0.));
#93800=DIRECTION('',(0.,0.,-1.));
#93810=DIRECTION('',(1.,0.,0.));
#93820=AXIS2_PLACEMENT_3D('',#93790,#93800,#93810);
#93830=CYLINDRICAL_SURFACE('',#93820,0.15);
#93840=ORIENTED_EDGE('',*,*,#87830,.F.);
#93850=ORIENTED_EDGE('',*,*,#13690,.T.);
#93860=ORIENTED_EDGE('',*,*,#82680,.T.);
#93870=ORIENTED_EDGE('',*,*,#50680,.F.);
#93880=EDGE_LOOP('',(#93870,#93860,#93850,#93840));
#93890=FACE_OUTER_BOUND('',#93880,.T.);
#93900=ADVANCED_FACE('',(#93890),#93830,.F.);
#93910=CARTESIAN_POINT('',(19.9999995380496,0.,1.8));
#93920=DIRECTION('',(0.,-1.,0.));
#93930=DIRECTION('',(-1.,0.,0.));
#93940=AXIS2_PLACEMENT_3D('',#93910,#93920,#93930);
#93950=CYLINDRICAL_SURFACE('',#93940,0.3);
#93960=CARTESIAN_POINT('',(19.9999995380496,-0.95,1.8));
#93970=DIRECTION('',(0.,-1.,0.));
#93980=DIRECTION('',(-1.,0.,0.));
#93990=AXIS2_PLACEMENT_3D('',#93960,#93970,#93980);
#94000=CIRCLE('',#93990,0.3);
#94010=EDGE_CURVE('',#10540,#84920,#94000,.T.);
#94020=ORIENTED_EDGE('',*,*,#94010,.T.);
#94030=ORIENTED_EDGE('',*,*,#10550,.F.);
#94040=ORIENTED_EDGE('',*,*,#30020,.F.);
#94050=ORIENTED_EDGE('',*,*,#84990,.T.);
#94060=EDGE_LOOP('',(#94050,#94040,#94030,#94020));
#94070=FACE_OUTER_BOUND('',#94060,.T.);
#94080=ADVANCED_FACE('',(#94070),#93950,.T.);
#94090=CARTESIAN_POINT('',(19.7999995380496,-0.95,1.8));
#94100=DIRECTION('',(0.,0.,-1.));
#94110=DIRECTION('',(-1.,0.,0.));
#94120=AXIS2_PLACEMENT_3D('',#94090,#94100,#94110);
#94130=DEGENERATE_TOROIDAL_SURFACE('',#94120,0.199999999999999,0.3,.T.);
#94140=ORIENTED_EDGE('',*,*,#73550,.F.);
#94150=ORIENTED_EDGE('',*,*,#10640,.F.);
#94160=ORIENTED_EDGE('',*,*,#94010,.F.);
#94170=CARTESIAN_POINT('',(19.7999995380496,-0.95,1.8));
#94180=DIRECTION('',(0.,0.,-1.));
#94190=DIRECTION('',(-1.,0.,0.));
#94200=AXIS2_PLACEMENT_3D('',#94170,#94180,#94190);
#94210=CIRCLE('',#94200,0.5);
#94220=EDGE_CURVE('',#11870,#84920,#94210,.T.);
#94230=ORIENTED_EDGE('',*,*,#94220,.T.);
#94240=EDGE_LOOP('',(#94230,#94160,#94150,#94140));
#94250=FACE_OUTER_BOUND('',#94240,.T.);
#94260=ADVANCED_FACE('',(#94250),#94130,.T.);
#94270=CARTESIAN_POINT('',(19.7999995380496,-0.95,10.3));
#94280=DIRECTION('',(0.,1.,0.));
#94290=DIRECTION('',(1.,0.,0.));
#94300=AXIS2_PLACEMENT_3D('',#94270,#94280,#94290);
#94310=SPHERICAL_SURFACE('',#94300,0.5);
#94320=CARTESIAN_POINT('',(19.7999995380496,-0.95,10.3));
#94330=DIRECTION('',(0.,0.,-1.));
#94340=DIRECTION('',(1.,-0.,0.));
#94350=AXIS2_PLACEMENT_3D('',#94320,#94330,#94340);
#94360=CIRCLE('',#94350,0.5);
#94370=EDGE_CURVE('',#11970,#65380,#94360,.T.);
#94380=ORIENTED_EDGE('',*,*,#94370,.F.);
#94390=ORIENTED_EDGE('',*,*,#65390,.T.);
#94400=ORIENTED_EDGE('',*,*,#65210,.T.);
#94410=EDGE_LOOP('',(#94400,#94390,#94380));
#94420=FACE_OUTER_BOUND('',#94410,.T.);
#94430=ADVANCED_FACE('',(#94420),#94310,.T.);
#94440=CARTESIAN_POINT('',(19.7999995380496,-0.95,0.));
#94450=DIRECTION('',(0.,0.,-1.));
#94460=DIRECTION('',(-1.,0.,0.));
#94470=AXIS2_PLACEMENT_3D('',#94440,#94450,#94460);
#94480=CYLINDRICAL_SURFACE('',#94470,0.5);
#94490=ORIENTED_EDGE('',*,*,#94370,.T.);
#94500=ORIENTED_EDGE('',*,*,#11980,.F.);
#94510=ORIENTED_EDGE('',*,*,#94220,.F.);
#94520=ORIENTED_EDGE('',*,*,#84930,.T.);
#94530=EDGE_LOOP('',(#94520,#94510,#94500,#94490));
#94540=FACE_OUTER_BOUND('',#94530,.T.);
#94550=ADVANCED_FACE('',(#94540),#94480,.T.);
#94560=CARTESIAN_POINT('',(0.,-0.75,1.8));
#94570=DIRECTION('',(1.,0.,0.));
#94580=DIRECTION('',(0.,-1.,0.));
#94590=AXIS2_PLACEMENT_3D('',#94560,#94570,#94580);
#94600=CYLINDRICAL_SURFACE('',#94590,0.3);
#94610=ORIENTED_EDGE('',*,*,#19460,.T.);
#94620=CARTESIAN_POINT('',(3.3,-0.75,1.8));
#94630=DIRECTION('',(1.,0.,0.));
#94640=DIRECTION('',(0.,-1.,0.));
#94650=AXIS2_PLACEMENT_3D('',#94620,#94630,#94640);
#94660=CIRCLE('',#94650,0.3);
#94670=EDGE_CURVE('',#26210,#19370,#94660,.T.);
#94680=ORIENTED_EDGE('',*,*,#94670,.T.);
#94690=ORIENTED_EDGE('',*,*,#26540,.F.);
#94700=CARTESIAN_POINT('',(6.65000026902482,-0.75,1.5));
#94710=CARTESIAN_POINT('',(6.65000026902482,-0.710730091830127,1.5));
#94720=CARTESIAN_POINT('',(6.65000026902426,-0.632190992826609,
1.5123368303808));
#94730=CARTESIAN_POINT('',(6.65000026902634,-0.55849141665817,
1.54934917785037));
#94740=CARTESIAN_POINT('',(6.65000026902309,-0.499349177849882,
1.60849141665764));
#94750=CARTESIAN_POINT('',(6.65000026902567,-0.462336830380989,
1.68219099282686));
#94760=CARTESIAN_POINT('',(6.65000026902482,-0.45,1.76073009183013));
#94770=CARTESIAN_POINT('',(6.65000026902482,-0.45,1.8));
#94780=B_SPLINE_CURVE_WITH_KNOTS('',6,(#94700,#94710,#94720,#94730,
#94740,#94750,#94760,#94770),.UNSPECIFIED.,.F.,.F.,(7,1,7),(0.,0.5,1.),
.UNSPECIFIED.);
#94790=CARTESIAN_POINT('',(6.6500002690248,-0.537867973529645,
1.58786797352964));
#94800=VERTEX_POINT('',#94790);
#94810=EDGE_CURVE('',#26470,#94800,#94780,.T.);
#94820=ORIENTED_EDGE('',*,*,#94810,.F.);
#94830=EDGE_CURVE('',#94800,#19450,#94780,.T.);
#94840=ORIENTED_EDGE('',*,*,#94830,.F.);
#94850=EDGE_LOOP('',(#94840,#94820,#94690,#94680,#94610));
#94860=FACE_OUTER_BOUND('',#94850,.T.);
#94870=ADVANCED_FACE('',(#94860),#94600,.T.);
#94880=CARTESIAN_POINT('',(3.3,-0.95,10.3));
#94890=DIRECTION('',(0.,0.,1.));
#94900=DIRECTION('',(1.,0.,0.));
#94910=AXIS2_PLACEMENT_3D('',#94880,#94890,#94900);
#94920=SPHERICAL_SURFACE('',#94910,0.5);
#94930=CARTESIAN_POINT('',(3.3,-0.95,10.3));
#94940=DIRECTION('',(0.,1.,0.));
#94950=DIRECTION('',(1.,0.,0.));
#94960=AXIS2_PLACEMENT_3D('',#94930,#94940,#94950);
#94970=CIRCLE('',#94960,0.5);
#94980=EDGE_CURVE('',#35880,#7440,#94970,.T.);
#94990=ORIENTED_EDGE('',*,*,#94980,.T.);
#95000=CARTESIAN_POINT('',(3.3,-0.95,10.3));
#95010=DIRECTION('',(0.,0.,1.));
#95020=DIRECTION('',(-1.,0.,0.));
#95030=AXIS2_PLACEMENT_3D('',#95000,#95010,#95020);
#95040=CIRCLE('',#95030,0.5);
#95050=EDGE_CURVE('',#19290,#35880,#95040,.T.);
#95060=ORIENTED_EDGE('',*,*,#95050,.T.);
#95070=ORIENTED_EDGE('',*,*,#64280,.T.);
#95080=EDGE_LOOP('',(#95070,#95060,#94990));
#95090=FACE_OUTER_BOUND('',#95080,.T.);
#95100=ADVANCED_FACE('',(#95090),#94920,.T.);
#95110=CARTESIAN_POINT('',(3.3,-0.95,1.8));
#95120=DIRECTION('',(0.,0.,1.));
#95130=DIRECTION('',(1.,0.,0.));
#95140=AXIS2_PLACEMENT_3D('',#95110,#95120,#95130);
#95150=DEGENERATE_TOROIDAL_SURFACE('',#95140,0.2,0.3,.T.);
#95160=CARTESIAN_POINT('',(3.1,-0.95,1.8));
#95170=DIRECTION('',(0.,-1.,0.));
#95180=DIRECTION('',(-1.,0.,0.));
#95190=AXIS2_PLACEMENT_3D('',#95160,#95170,#95180);
#95200=CIRCLE('',#95190,0.3);
#95210=EDGE_CURVE('',#35800,#26230,#95200,.T.);
#95220=ORIENTED_EDGE('',*,*,#95210,.F.);
#95230=ORIENTED_EDGE('',*,*,#26240,.T.);
#95240=ORIENTED_EDGE('',*,*,#94670,.F.);
#95250=CARTESIAN_POINT('',(3.3,-0.95,1.8));
#95260=DIRECTION('',(0.,0.,1.));
#95270=DIRECTION('',(1.,0.,0.));
#95280=AXIS2_PLACEMENT_3D('',#95250,#95260,#95270);
#95290=CIRCLE('',#95280,0.5);
#95300=EDGE_CURVE('',#19370,#35800,#95290,.T.);
#95310=ORIENTED_EDGE('',*,*,#95300,.F.);
#95320=EDGE_LOOP('',(#95310,#95240,#95230,#95220));
#95330=FACE_OUTER_BOUND('',#95320,.T.);
#95340=ADVANCED_FACE('',(#95330),#95150,.T.);
#95350=CARTESIAN_POINT('',(3.1,0.,1.8));
#95360=DIRECTION('',(0.,1.,0.));
#95370=DIRECTION('',(1.,0.,0.));
#95380=AXIS2_PLACEMENT_3D('',#95350,#95360,#95370);
#95390=CYLINDRICAL_SURFACE('',#95380,0.3);
#95400=ORIENTED_EDGE('',*,*,#29570,.T.);
#95410=ORIENTED_EDGE('',*,*,#26320,.F.);
#95420=ORIENTED_EDGE('',*,*,#95210,.T.);
#95430=ORIENTED_EDGE('',*,*,#35810,.T.);
#95440=EDGE_LOOP('',(#95430,#95420,#95410,#95400));
#95450=FACE_OUTER_BOUND('',#95440,.T.);
#95460=ADVANCED_FACE('',(#95450),#95390,.T.);
#95470=CARTESIAN_POINT('',(16.1500002690248,-0.750000001591593,10.3));
#95480=CARTESIAN_POINT('',(16.1500002690248,-0.749999987338313,
10.3141434450534));
#95490=CARTESIAN_POINT('',(16.1506006128708,-0.750240137538279,
10.3282794816952));
#95500=CARTESIAN_POINT('',(16.1520632330528,-0.750825185611114,
10.3454805663223));
#95510=CARTESIAN_POINT('',(16.1523574689674,-0.750942879976985,
10.3485944983948));
#95520=CARTESIAN_POINT('',(16.1542651839622,-0.751705965974908,
10.3669435560761));
#95530=CARTESIAN_POINT('',(16.1565478879284,-0.752619047545327,
10.3820880848314));
#95540=CARTESIAN_POINT('',(16.1652495150359,-0.756099698388343,
10.4260498445331));
#95550=CARTESIAN_POINT('',(16.1735222687684,-0.759408799889719,
10.4543621979276));
#95560=CARTESIAN_POINT('',(16.1944041053164,-0.767761534508889,
10.5079071233236));
#95570=CARTESIAN_POINT('',(16.2067884521429,-0.772715273247242,
10.533110317561));
#95580=CARTESIAN_POINT('',(16.2365085301768,-0.784603304460779,
10.5827028936997));
#95590=CARTESIAN_POINT('',(16.2540771784714,-0.791630763778639,
10.606787558436));
#95600=CARTESIAN_POINT('',(16.2921156921668,-0.806846169256803,
10.6503088805694));
#95610=CARTESIAN_POINT('',(16.3123516372442,-0.814940547273336,
10.6698264311607));
#95620=CARTESIAN_POINT('',(16.3486662515622,-0.829466393000539,
10.6994465431025));
#95630=CARTESIAN_POINT('',(16.3639741881795,-0.835589567656252,
10.710540198543));
#95640=CARTESIAN_POINT('',(16.3952959012017,-0.848118252865137,
10.7306558270154));
#95650=CARTESIAN_POINT('',(16.4112643927972,-0.854505649508951,
10.7397037765839));
#95660=CARTESIAN_POINT('',(16.4437378661634,-0.867495038855413,
10.755827700433));
#95670=CARTESIAN_POINT('',(16.4602078118745,-0.874083017138787,
10.7629237073923));
#95680=CARTESIAN_POINT('',(16.4935256884264,-0.887410167759553,
10.7752123146344));
#95690=CARTESIAN_POINT('',(16.5103448658503,-0.894137838730172,
10.780421511413));
#95700=CARTESIAN_POINT('',(16.5475059371195,-0.909002267237847,
10.7898226756345));
#95710=CARTESIAN_POINT('',(16.567898839439,-0.917159428165655,
10.7936476620817));
#95720=CARTESIAN_POINT('',(16.6088792533305,-0.933551593722248,
10.7987314196658));
#95730=CARTESIAN_POINT('',(16.6294439477143,-0.941740995923132,10.8));
#95740=CARTESIAN_POINT('',(16.6500002690248,-0.95,10.8));
#95750=CARTESIAN_POINT('',(16.1500002690248,-0.574264069497218,
10.3000103411866));
#95760=CARTESIAN_POINT('',(16.1500114402959,-0.574274572524607,
10.319724794965));
#95770=CARTESIAN_POINT('',(16.1510526879745,-0.575076128849011,
10.3383392342829));
#95780=CARTESIAN_POINT('',(16.1534981501024,-0.576951701555359,
10.3612547347544));
#95790=CARTESIAN_POINT('',(16.1539926493698,-0.577331519851516,
10.3654064026675));
#95800=CARTESIAN_POINT('',(16.1571891344991,-0.579780338589178,
10.3897503235188));
#95810=CARTESIAN_POINT('',(16.1610567599368,-0.582762266447758,
10.4099827536121));
#95820=CARTESIAN_POINT('',(16.1750471800111,-0.593433177286247,
10.4656619694593));
#95830=CARTESIAN_POINT('',(16.188282249194,-0.603586320804993,
10.5009047860149));
#95840=CARTESIAN_POINT('',(16.2186172436267,-0.626625036258391,
10.5616488805809));
#95850=CARTESIAN_POINT('',(16.2358370845236,-0.639690305639804,
10.5885565445496));
#95860=CARTESIAN_POINT('',(16.2737802077887,-0.668293539151249,
10.6374232608365));
#95870=CARTESIAN_POINT('',(16.2947680285024,-0.68405948214898,
10.6592081517712));
#95880=CARTESIAN_POINT('',(16.3371384560236,-0.715850706438871,
10.6962334619931));
#95890=CARTESIAN_POINT('',(16.3580825325686,-0.731465836945406,
10.7113746272669));
#95900=CARTESIAN_POINT('',(16.3942301606808,-0.758548273226774,
10.7337307405354));
#95910=CARTESIAN_POINT('',(16.4087209723877,-0.769345236004265,
10.741598385386));
#95920=CARTESIAN_POINT('',(16.4377827294509,-0.791076165352045,
10.7556758080538));
#95930=CARTESIAN_POINT('',(16.4521118687679,-0.801774141217041,
10.761759492763));
#95940=CARTESIAN_POINT('',(16.4807195363611,-0.823176557279332,
10.7724478272465));
#95950=CARTESIAN_POINT('',(16.4948423797237,-0.833729846567496,
10.7770010697481));
#95960=CARTESIAN_POINT('',(16.5230552957007,-0.854855541415384,
10.7848195324052));
#95970=CARTESIAN_POINT('',(16.5370054033324,-0.865292126576499,
10.7880505661618));
#95980=CARTESIAN_POINT('',(16.5675819726987,-0.88820631512259,
10.7938577750413));
#95990=CARTESIAN_POINT('',(16.5840672618916,-0.900549990551687,
10.7961675341711));
#96000=CARTESIAN_POINT('',(16.6171350048792,-0.925359103584208,
10.7992462558463));
#96010=CARTESIAN_POINT('',(16.6335117562901,-0.937610593643321,
10.8000008734897));
#96020=CARTESIAN_POINT('',(16.6500002690248,-0.95,10.8));
#96030=CARTESIAN_POINT('',(16.274264338522,-0.45,10.3000103411866));
#96040=CARTESIAN_POINT('',(16.2742748415494,-0.450011171271107,
10.319724794965));
#96050=CARTESIAN_POINT('',(16.2750763978738,-0.451052418949676,
10.3383392342829));
#96060=CARTESIAN_POINT('',(16.2769519705802,-0.453497881077587,
10.3612547347544));
#96070=CARTESIAN_POINT('',(16.2773317888763,-0.453992380344971,
10.3654064026675));
#96080=CARTESIAN_POINT('',(16.279780607614,-0.457188865474313,
10.3897503235188));
#96090=CARTESIAN_POINT('',(16.2827625354726,-0.461056490912,
10.4099827536121));
#96100=CARTESIAN_POINT('',(16.2934334463111,-0.475046910986312,
10.4656619694593));
#96110=CARTESIAN_POINT('',(16.3035865898298,-0.488281980169209,
10.500904786015));
#96120=CARTESIAN_POINT('',(16.3266253052832,-0.518616974601925,
10.5616488805809));
#96130=CARTESIAN_POINT('',(16.3396905746646,-0.535836815498736,
10.5885565445496));
#96140=CARTESIAN_POINT('',(16.3682938081761,-0.573779938763844,
10.6374232608365));
#96150=CARTESIAN_POINT('',(16.3840597511738,-0.594767759477521,
10.6592081517712));
#96160=CARTESIAN_POINT('',(16.4158509754637,-0.637138186998788,
10.6962334619931));
#96170=CARTESIAN_POINT('',(16.4314661059702,-0.658082263543827,
10.7113746272669));
#96180=CARTESIAN_POINT('',(16.4585485422516,-0.694229891655969,
10.7337307405354));
#96190=CARTESIAN_POINT('',(16.4693455050291,-0.708720703362925,
10.741598385386));
#96200=CARTESIAN_POINT('',(16.4910764343769,-0.737782460426112,
10.7556758080538));
#96210=CARTESIAN_POINT('',(16.5017744102419,-0.752111599743073,
10.761759492763));
#96220=CARTESIAN_POINT('',(16.5231768263042,-0.780719267336292,
10.7724478272465));
#96230=CARTESIAN_POINT('',(16.5337301155923,-0.794842110698914,
10.7770010697481));
#96240=CARTESIAN_POINT('',(16.5548558104402,-0.823055026675881,
10.7848195324052));
#96250=CARTESIAN_POINT('',(16.5652923956013,-0.837005134307546,
10.7880505661618));
#96260=CARTESIAN_POINT('',(16.5882065841474,-0.86758170367379,
10.7938577750413));
#96270=CARTESIAN_POINT('',(16.6005502595765,-0.884066992866726,
10.7961675341711));
#96280=CARTESIAN_POINT('',(16.6253593726091,-0.917134735854372,
10.7992462558463));
#96290=CARTESIAN_POINT('',(16.6376108626681,-0.93351148726525,
10.8000008734897));
#96300=CARTESIAN_POINT('',(16.6500002690248,-0.95,10.8));
#96310=CARTESIAN_POINT('',(16.4500002706164,-0.45,10.3));
#96320=CARTESIAN_POINT('',(16.4500002563631,-0.45,10.3141434450534));
#96330=CARTESIAN_POINT('',(16.4502404065631,-0.45060034384597,
10.3282794816952));
#96340=CARTESIAN_POINT('',(16.4508254546359,-0.452062964027945,
10.3454805663223));
#96350=CARTESIAN_POINT('',(16.4509431490018,-0.452357199942608,
10.3485944983948));
#96360=CARTESIAN_POINT('',(16.4517062349997,-0.454264914937417,
10.3669435560761));
#96370=CARTESIAN_POINT('',(16.4526193165701,-0.456547618903565,
10.3820880848314));
#96380=CARTESIAN_POINT('',(16.4560999674132,-0.465249246011106,
10.4260498445331));
#96390=CARTESIAN_POINT('',(16.4594090689145,-0.473521999743612,
10.4543621979276));
#96400=CARTESIAN_POINT('',(16.4677618035337,-0.494403836291537,
10.5079071233236));
#96410=CARTESIAN_POINT('',(16.4727155422721,-0.506788183118104,
10.533110317561));
#96420=CARTESIAN_POINT('',(16.4846035734856,-0.536508261151945,
10.5827028936997));
#96430=CARTESIAN_POINT('',(16.4916310328035,-0.554076909446599,
10.6067875584359));
#96440=CARTESIAN_POINT('',(16.5068464382816,-0.592115423142009,
10.6503088805694));
#96450=CARTESIAN_POINT('',(16.5149408162982,-0.612351368219383,
10.6698264311607));
#96460=CARTESIAN_POINT('',(16.5294666620254,-0.648665982537389,
10.6994465431024));
#96470=CARTESIAN_POINT('',(16.5355898366811,-0.663973919154689,
10.710540198543));
#96480=CARTESIAN_POINT('',(16.54811852189,-0.695295632176899,
10.7306558270154));
#96490=CARTESIAN_POINT('',(16.5545059185338,-0.711264123772376,
10.7397037765839));
#96500=CARTESIAN_POINT('',(16.5674953078802,-0.743737597138538,
10.755827700433));
#96510=CARTESIAN_POINT('',(16.5740832861636,-0.760207542849684,
10.7629237073923));
#96520=CARTESIAN_POINT('',(16.5874104367844,-0.793525419401595,
10.7752123146344));
#96530=CARTESIAN_POINT('',(16.594138107755,-0.810344596825435,
10.780421511413));
#96540=CARTESIAN_POINT('',(16.6090025362627,-0.847505668094611,
10.7898226756345));
#96550=CARTESIAN_POINT('',(16.6171596971905,-0.86789857041412,
10.7936476620817));
#96560=CARTESIAN_POINT('',(16.6335518627471,-0.908878984305637,
10.7987314196658));
#96570=CARTESIAN_POINT('',(16.6417412649479,-0.929443678689512,10.8));
#96580=CARTESIAN_POINT('',(16.6500002690248,-0.95,10.8));
#96590=(BOUNDED_SURFACE() B_SPLINE_SURFACE(3,3,((#95470,#95750,#96030,
#96310),(#95480,#95760,#96040,#96320),(#95490,#95770,#96050,#96330),(
#95500,#95780,#96060,#96340),(#95510,#95790,#96070,#96350),(#95520,
#95800,#96080,#96360),(#95530,#95810,#96090,#96370),(#95540,#95820,
#96100,#96380),(#95550,#95830,#96110,#96390),(#95560,#95840,#96120,
#96400),(#95570,#95850,#96130,#96410),(#95580,#95860,#96140,#96420),(
#95590,#95870,#96150,#96430),(#95600,#95880,#96160,#96440),(#95610,
#95890,#96170,#96450),(#95620,#95900,#96180,#96460),(#95630,#95910,
#96190,#96470),(#95640,#95920,#96200,#96480),(#95650,#95930,#96210,
#96490),(#95660,#95940,#96220,#96500),(#95670,#95950,#96230,#96510),(
#95680,#95960,#96240,#96520),(#95690,#95970,#96250,#96530),(#95700,
#95980,#96260,#96540),(#95710,#95990,#96270,#96550),(#95720,#96000,
#96280,#96560),(#95730,#96010,#96290,#96570),(#95740,#96020,#96300,
#96580)),.UNSPECIFIED.,.F.,.F.,.F.) B_SPLINE_SURFACE_WITH_KNOTS((4,2,2,2
,2,2,2,2,2,2,2,2,2,4),(4,4),(0.,0.0424272067193385,0.0518153809845233,
0.097803240672458,0.186627331454044,0.271984959705645,0.363655876321635,
0.451248076169576,0.510802236077576,0.569045774887545,0.626308816049582,
0.682805338615186,0.749614003988027,0.816056017586298),(0.,1.),
.UNSPECIFIED.) GEOMETRIC_REPRESENTATION_ITEM() RATIONAL_B_SPLINE_SURFACE
(((1.,0.804737853308189,0.804737853308189,1.),(1.,0.804742812078976,
0.804742812078976,1.),(1.,0.805325807676854,0.805325807676854,1.),(1.,
0.806677198433177,0.806677198433177,1.),(1.,0.806950029191571,
0.806950029191571,1.),(1.,0.808752520089484,0.808752520089484,1.),(1.,
0.810869814387937,0.810869814387937,1.),(1.,0.818833427443981,
0.818833427443981,1.),(1.,0.826188845913812,0.826188845913812,1.),(1.,
0.843345948603492,0.843345948603492,1.),(1.,0.853077793001424,
0.853077793001424,1.),(1.,0.874410491674922,0.874410491674922,1.),(1.,
0.886091859297906,0.886091859297906,1.),(1.,0.908616291827375,
0.908616291827375,1.),(1.,0.919464366985605,0.919464366985605,1.),(1.,
0.936612158045924,0.936612158045924,1.),(1.,0.943217743527861,
0.943217743527861,1.),(1.,0.955440327252866,0.955440327252866,1.),(1.,
0.961056106423972,0.961056106423972,1.),(1.,0.971199660003833,
0.971199660003833,1.),(1.,0.97573655358908,0.97573655358908,1.),(1.,
0.983665130154354,0.983665130154354,1.),(1.,0.987065339519847,
0.987065339519847,1.),(1.,0.993231202632987,0.993231202632987,1.),(1.,
0.99576606512786,0.99576606512786,1.),(1.,0.999141840440823,
0.999141840440823,1.),(1.,0.999985931618705,0.999985931618705,1.),(1.,1.
,1.,1.))) REPRESENTATION_ITEM('') SURFACE());
#96600=CARTESIAN_POINT('',(16.4500002706164,-0.45,10.3));
#96610=CARTESIAN_POINT('',(16.274264338522,-0.45,10.3000103411866));
#96620=CARTESIAN_POINT('',(16.1500002690248,-0.574264069497216,
10.3000103411866));
#96630=CARTESIAN_POINT('',(16.1500002690248,-0.750000001591593,10.3));
#96640=(BOUNDED_CURVE() B_SPLINE_CURVE(3,(#96600,#96610,#96620,#96630),
.UNSPECIFIED.,.F.,.F.) B_SPLINE_CURVE_WITH_KNOTS((4,4),(0.,1.),
.UNSPECIFIED.) CURVE() GEOMETRIC_REPRESENTATION_ITEM() 
RATIONAL_B_SPLINE_CURVE((1.,0.804737853308189,0.804737853308189,1.)) 
REPRESENTATION_ITEM(''));
#96650=EDGE_CURVE('',#12050,#83100,#96640,.T.);
#96660=ORIENTED_EDGE('',*,*,#96650,.T.);
#96670=ORIENTED_EDGE('',*,*,#65130,.F.);
#96680=ORIENTED_EDGE('',*,*,#83420,.T.);
#96690=EDGE_LOOP('',(#96680,#96670,#96660));
#96700=FACE_OUTER_BOUND('',#96690,.T.);
#96710=ADVANCED_FACE('',(#96700),#96590,.T.);
#96720=CARTESIAN_POINT('',(3.3,0.,10.3));
#96730=DIRECTION('',(0.,1.,0.));
#96740=DIRECTION('',(1.,0.,0.));
#96750=AXIS2_PLACEMENT_3D('',#96720,#96730,#96740);
#96760=CYLINDRICAL_SURFACE('',#96750,0.5);
#96770=ORIENTED_EDGE('',*,*,#94980,.F.);
#96780=ORIENTED_EDGE('',*,*,#7450,.T.);
#96790=CARTESIAN_POINT('',(2.8,-7.59999999840841,10.3));
#96800=CARTESIAN_POINT('',(2.8,-7.60000001266169,10.3141434450534));
#96810=CARTESIAN_POINT('',(2.80060034384597,-7.59975986246172,
10.3282794816952));
#96820=CARTESIAN_POINT('',(2.80206296402792,-7.5991748143889,
10.345480566322));
#96830=CARTESIAN_POINT('',(2.80235719994255,-7.59905712002304,
10.3485944983942));
#96840=CARTESIAN_POINT('',(2.80426491493733,-7.59829403402513,
10.3669435560755));
#96850=CARTESIAN_POINT('',(2.80654761890351,-7.5973809524547,
10.3820880848311));
#96860=CARTESIAN_POINT('',(2.81524924601094,-7.59390030161173,
10.4260498445322));
#96870=CARTESIAN_POINT('',(2.82352199974313,-7.59059120011048,
10.4543621979259));
#96880=CARTESIAN_POINT('',(2.84440383629018,-7.58223846549165,
10.5079071233205));
#96890=CARTESIAN_POINT('',(2.85678818311622,-7.57728472675351,
10.5331103175573));
#96900=CARTESIAN_POINT('',(2.88650826114917,-7.56539669554033,
10.5827028936956));
#96910=CARTESIAN_POINT('',(2.90407690944357,-7.55836923622257,
10.606787558432));
#96920=CARTESIAN_POINT('',(2.94211542313852,-7.54315383074459,
10.6503088805658));
#96930=CARTESIAN_POINT('',(2.96235136821568,-7.53505945272815,
10.6698264311573));
#96940=CARTESIAN_POINT('',(2.99866598253326,-7.52053360700111,
10.6994465430993));
#96950=CARTESIAN_POINT('',(3.01397391915034,-7.51441043234549,
10.71054019854));
#96960=CARTESIAN_POINT('',(3.0452956321721,-7.50188174713679,
10.7306558270126));
#96970=CARTESIAN_POINT('',(3.06126412376735,-7.49549435049306,
10.7397037765811));
#96980=CARTESIAN_POINT('',(3.09373759713308,-7.48250496114677,
10.7558277004305));
#96990=CARTESIAN_POINT('',(3.11020754284401,-7.47591698286349,
10.76292370739));
#97000=CARTESIAN_POINT('',(3.1435254193955,-7.46258983224289,
10.7752123146324));
#97010=CARTESIAN_POINT('',(3.16034459681914,-7.45586216127234,
10.7804215114112));
#97020=CARTESIAN_POINT('',(3.19750566808915,-7.44099773276433,
10.7898226756334));
#97030=CARTESIAN_POINT('',(3.21789857040976,-7.4328405718361,
10.793647662081));
#97040=CARTESIAN_POINT('',(3.25887898430346,-7.41644840627863,
10.7987314196656));
#97050=CARTESIAN_POINT('',(3.27944367868841,-7.40825900407732,10.8));
#97060=CARTESIAN_POINT('',(3.3,-7.4,10.8));
#97070=B_SPLINE_CURVE_WITH_KNOTS('',3,(#96790,#96800,#96810,#96820,
#96830,#96840,#96850,#96860,#96870,#96880,#96890,#96900,#96910,#96920,
#96930,#96940,#96950,#96960,#96970,#96980,#96990,#97000,#97010,#97020,
#97030,#97040,#97050,#97060),.UNSPECIFIED.,.F.,.F.,(4,2,2,2,2,2,2,2,2,2,
2,2,2,4),(0.,0.042427206719336,0.0518153809836421,0.0978032406724442,
0.186627331451424,0.271984959700621,0.363655876316455,0.451248076164234,
0.510802236071757,0.569045774881236,0.626308816042822,0.682805338607932,
0.749614003984397,0.816056017586248),.UNSPECIFIED.);
#97080=EDGE_CURVE('',#35960,#7360,#97070,.T.);
#97090=ORIENTED_EDGE('',*,*,#97080,.T.);
#97100=ORIENTED_EDGE('',*,*,#35970,.F.);
#97110=EDGE_LOOP('',(#97100,#97090,#96780,#96770));
#97120=FACE_OUTER_BOUND('',#97110,.T.);
#97130=ADVANCED_FACE('',(#97120),#96760,.T.);
#97140=CARTESIAN_POINT('',(16.2776249102049,-0.577624641180122,
1.62607343087511));
#97150=CARTESIAN_POINT('',(16.2749698867053,-0.582850542596782,
1.62352055557856));
#97160=CARTESIAN_POINT('',(16.2672451285566,-0.598889227843951,
1.61609106849587));
#97170=CARTESIAN_POINT('',(16.2556974057138,-0.626855570809289,
1.60496596967245));
#97180=CARTESIAN_POINT('',(16.2468994581166,-0.654555472422023,
1.59642392511507));
#97190=CARTESIAN_POINT('',(16.2413072674662,-0.680730805181968,
1.59092227129734));
#97200=CARTESIAN_POINT('',(16.2386414559113,-0.708485199914035,
1.58832662348282));
#97210=CARTESIAN_POINT('',(16.237937444556,-0.735074950554158,
1.58779877508052));
#97220=CARTESIAN_POINT('',(16.2378682425544,-0.749999999999998,
1.58786797352964));
#97230=CARTESIAN_POINT('',(16.2647705206196,-0.564770251594792,
1.65160218384058));
#97240=CARTESIAN_POINT('',(16.2620504969569,-0.569763557505134,
1.6487898451107));
#97250=CARTESIAN_POINT('',(16.2535577898896,-0.585683329006675,
1.64053333382829));
#97260=CARTESIAN_POINT('',(16.2383189611143,-0.61623432225996,
1.62797753623278));
#97270=CARTESIAN_POINT('',(16.224169427605,-0.649219258390836,
1.61894241837849));
#97280=CARTESIAN_POINT('',(16.2150886159727,-0.677766297225681,
1.61521911538482));
#97290=CARTESIAN_POINT('',(16.2111127698185,-0.707503743025226,
1.61516681822524));
#97300=CARTESIAN_POINT('',(16.2101488174965,-0.735238057600422,
1.6155692848619));
#97310=CARTESIAN_POINT('',(16.2101002095297,-0.749999999999989,
1.6156360065541));
#97320=CARTESIAN_POINT('',(16.2537017050508,-0.553701436026034,
1.68024449800604));
#97330=CARTESIAN_POINT('',(16.2503327348156,-0.558769993791556,
1.67789084164881));
#97340=CARTESIAN_POINT('',(16.2398519057225,-0.575087772616524,
1.67084412362103));
#97350=CARTESIAN_POINT('',(16.221191046985,-0.607213420707591,
1.65954462631194));
#97360=CARTESIAN_POINT('',(16.2039450225919,-0.643142456222509,
1.65088366700867));
#97370=CARTESIAN_POINT('',(16.1928307675117,-0.674677452239009,
1.64728947123065));
#97380=CARTESIAN_POINT('',(16.1878963563899,-0.706891811547622,
1.64730862000612));
#97390=CARTESIAN_POINT('',(16.1867195467981,-0.735401164646689,
1.64771122245284));
#97400=CARTESIAN_POINT('',(16.1866939491933,-0.749999999999983,
1.64776581226675));
#97410=CARTESIAN_POINT('',(16.2453577105182,-0.545357441493316,
1.7073584952766));
#97420=CARTESIAN_POINT('',(16.2410531672987,-0.550679587568859,
1.70584854053833));
#97430=CARTESIAN_POINT('',(16.2280413426744,-0.567656296391311,
1.70122435265711));
#97440=CARTESIAN_POINT('',(16.2064188479109,-0.600519257520449,
1.69335597773238));
#97450=CARTESIAN_POINT('',(16.1876666696523,-0.637553737873055,
1.68679777452972));
#97460=CARTESIAN_POINT('',(16.1755195959394,-0.67199296518922,
1.68366733381188));
#97470=CARTESIAN_POINT('',(16.1698764478288,-0.706614211411296,
1.68323018509415));
#97480=CARTESIAN_POINT('',(16.1685136865608,-0.7355544852702,
1.68336653108198));
#97490=CARTESIAN_POINT('',(16.1685059786777,-0.749999999999998,
1.68340087353537));
#97500=CARTESIAN_POINT('',(16.2401311888671,-0.540130919842161,
1.7327615105727));
#97510=CARTESIAN_POINT('',(16.234901766249,-0.545755479775907,
1.73214715014006));
#97520=CARTESIAN_POINT('',(16.219500813317,-0.563409161159082,
1.73022109201458));
#97530=CARTESIAN_POINT('',(16.1956143558832,-0.596425643262776,
1.7267494656197));
#97540=CARTESIAN_POINT('',(16.1763652665478,-0.633375682001077,
1.72362277328596));
#97550=CARTESIAN_POINT('',(16.1638224285772,-0.670092857156265,
1.72192166625812));
#97560=CARTESIAN_POINT('',(16.1576866467505,-0.706600766455187,
1.72147236236434));
#97570=CARTESIAN_POINT('',(16.1561686765215,-0.735688233048191,
1.72144755252573));
#97580=CARTESIAN_POINT('',(16.1561686842163,-0.750000000000047,
1.72146054232849));
#97590=CARTESIAN_POINT('',(16.2378681967691,-0.537867927744149,
1.76073009183013));
#97600=CARTESIAN_POINT('',(16.2320219083356,-0.543714216177621,
1.76073009183013));
#97610=CARTESIAN_POINT('',(16.2150631124152,-0.561833150858109,
1.76073009183013));
#97620=CARTESIAN_POINT('',(16.1898767139793,-0.594753807694765,
1.76073009183012));
#97630=CARTESIAN_POINT('',(16.1706128187285,-0.631224773967712,
1.76073009183011));
#97640=CARTESIAN_POINT('',(16.1580089318113,-0.669208475332685,
1.76073009183017));
#97650=CARTESIAN_POINT('',(16.151613788051,-0.706746318426973,
1.76073009183009));
#97660=CARTESIAN_POINT('',(16.1500002690248,-0.73579262155776,
1.76073009183013));
#97670=CARTESIAN_POINT('',(16.1500002690248,-0.75,1.76073009183013));
#97680=CARTESIAN_POINT('',(16.2378681957218,-0.537867926696913,1.8));
#97690=CARTESIAN_POINT('',(16.2320103750538,-0.543725747364979,1.8));
#97700=CARTESIAN_POINT('',(16.2150192762173,-0.561881572536901,1.8));
#97710=CARTESIAN_POINT('',(16.1897932912177,-0.594872399772625,
1.79999999999999));
#97720=CARTESIAN_POINT('',(16.1705247813501,-0.631411405836796,
1.79999999999998));
#97730=CARTESIAN_POINT('',(16.1579538520893,-0.669422493023894,
1.80000000000005));
#97740=CARTESIAN_POINT('',(16.1515989909199,-0.706910726983441,
1.79999999999997));
#97750=CARTESIAN_POINT('',(16.1500002690248,-0.735857864376269,1.8));
#97760=CARTESIAN_POINT('',(16.1500002690248,-0.75,1.8));
#97770=B_SPLINE_SURFACE_WITH_KNOTS('',6,6,((#97140,#97230,#97320,#97410,
#97500,#97590,#97680),(#97150,#97240,#97330,#97420,#97510,#97600,#97690)
,(#97160,#97250,#97340,#97430,#97520,#97610,#97700),(#97170,#97260,
#97350,#97440,#97530,#97620,#97710),(#97180,#97270,#97360,#97450,#97540,
#97630,#97720),(#97190,#97280,#97370,#97460,#97550,#97640,#97730),(
#97200,#97290,#97380,#97470,#97560,#97650,#97740),(#97210,#97300,#97390,
#97480,#97570,#97660,#97750),(#97220,#97310,#97400,#97490,#97580,#97670,
#97760)),.UNSPECIFIED.,.F.,.F.,.F.,(7,1,1,7),(7,7),(0.,0.2,0.6,1.),(0.,
1.),.UNSPECIFIED.);
#97780=ORIENTED_EDGE('',*,*,#63900,.T.);
#97790=ORIENTED_EDGE('',*,*,#69310,.F.);
#97800=EDGE_CURVE('',#85920,#69300,#69470,.T.);
#97810=ORIENTED_EDGE('',*,*,#97800,.T.);
#97820=EDGE_CURVE('',#63890,#85920,#64000,.T.);
#97830=ORIENTED_EDGE('',*,*,#97820,.T.);
#97840=EDGE_LOOP('',(#97830,#97810,#97790,#97780));
#97850=FACE_OUTER_BOUND('',#97840,.T.);
#97860=ADVANCED_FACE('',(#97850),#97770,.T.);
#97870=CARTESIAN_POINT('',(9.35,0.,10.3));
#97880=DIRECTION('',(0.,-1.,0.));
#97890=DIRECTION('',(-1.,0.,0.));
#97900=AXIS2_PLACEMENT_3D('',#97870,#97880,#97890);
#97910=CYLINDRICAL_SURFACE('',#97900,0.5);
#97920=ORIENTED_EDGE('',*,*,#88820,.T.);
#97930=ORIENTED_EDGE('',*,*,#7860,.F.);
#97940=ORIENTED_EDGE('',*,*,#70390,.F.);
#97950=ORIENTED_EDGE('',*,*,#25900,.T.);
#97960=EDGE_LOOP('',(#97950,#97940,#97930,#97920));
#97970=FACE_OUTER_BOUND('',#97960,.T.);
#97980=ADVANCED_FACE('',(#97970),#97910,.T.);
#97990=CARTESIAN_POINT('',(0.,-7.4,10.3));
#98000=DIRECTION('',(-1.,0.,0.));
#98010=DIRECTION('',(0.,1.,0.));
#98020=AXIS2_PLACEMENT_3D('',#97990,#98000,#98010);
#98030=CYLINDRICAL_SURFACE('',#98020,0.5);
#98040=ORIENTED_EDGE('',*,*,#7370,.T.);
#98050=CARTESIAN_POINT('',(4.29999999840841,-7.9,10.3));
#98060=CARTESIAN_POINT('',(4.30000001266169,-7.9,10.3141434450534));
#98070=CARTESIAN_POINT('',(4.29975986246172,-7.89939965615403,
10.3282794816952));
#98080=CARTESIAN_POINT('',(4.29917481438889,-7.89793703597207,
10.3454805663222));
#98090=CARTESIAN_POINT('',(4.29905712002302,-7.89764280005742,
10.3485944983946));
#98100=CARTESIAN_POINT('',(4.29829403402511,-7.89573508506263,
10.3669435560758));
#98110=CARTESIAN_POINT('',(4.29738095245468,-7.89345238109646,
10.3820880848313));
#98120=CARTESIAN_POINT('',(4.29390030161165,-7.88475075398887,
10.4260498445332));
#98130=CARTESIAN_POINT('',(4.29059120011026,-7.87647800025633,
10.4543621979278));
#98140=CARTESIAN_POINT('',(4.28223846549104,-7.85559616370829,
10.507907123324));
#98150=CARTESIAN_POINT('',(4.27728472675266,-7.84321181688165,
10.5331103175615));
#98160=CARTESIAN_POINT('',(4.26539669553908,-7.8134917388477,
10.5827028937002));
#98170=CARTESIAN_POINT('',(4.25836923622121,-7.79592309055301,
10.6067875584365));
#98180=CARTESIAN_POINT('',(4.24315383074302,-7.75788457685755,
10.6503088805699));
#98190=CARTESIAN_POINT('',(4.23505945272648,-7.73764863178015,
10.6698264311611));
#98200=CARTESIAN_POINT('',(4.22053360699925,-7.70133401746209,
10.6994465431028));
#98210=CARTESIAN_POINT('',(4.21441043234353,-7.68602608084476,
10.7105401985434));
#98220=CARTESIAN_POINT('',(4.20188174713462,-7.65470436782249,
10.7306558270158));
#98230=CARTESIAN_POINT('',(4.1954943504908,-7.63873587622699,
10.7397037765842));
#98240=CARTESIAN_POINT('',(4.18250496114431,-7.60626240286078,
10.7558277004333));
#98250=CARTESIAN_POINT('',(4.17591698286093,-7.58979245714961,
10.7629237073926));
#98260=CARTESIAN_POINT('',(4.16258983224015,-7.55647458059764,
10.7752123146346));
#98270=CARTESIAN_POINT('',(4.15586216126951,-7.53965540317376,
10.7804215114132));
#98280=CARTESIAN_POINT('',(4.14099773276188,-7.50249433190468,
10.7898226756347));
#98290=CARTESIAN_POINT('',(4.13284057183412,-7.48210142958531,
10.7936476620818));
#98300=CARTESIAN_POINT('',(4.11644840627761,-7.44112101569407,
10.7987314196658));
#98310=CARTESIAN_POINT('',(4.10825900407682,-7.42055632131034,10.8));
#98320=CARTESIAN_POINT('',(4.1,-7.4,10.8));
#98330=B_SPLINE_CURVE_WITH_KNOTS('',3,(#98050,#98060,#98070,#98080,
#98090,#98100,#98110,#98120,#98130,#98140,#98150,#98160,#98170,#98180,
#98190,#98200,#98210,#98220,#98230,#98240,#98250,#98260,#98270,#98280,
#98290,#98300,#98310,#98320),.UNSPECIFIED.,.F.,.F.,(4,2,2,2,2,2,2,2,2,2,
2,2,2,4),(0.,0.042427206719343,0.0518153809841067,0.0978032406724588,
0.186627331454379,0.271984959706273,0.363655876322276,0.451248076170229,
0.510802236078283,0.569045774888305,0.626308816050419,0.682805338616098,
0.749614003988499,0.816056017586318),.UNSPECIFIED.);
#98340=EDGE_CURVE('',#89520,#7280,#98330,.T.);
#98350=ORIENTED_EDGE('',*,*,#98340,.T.);
#98360=ORIENTED_EDGE('',*,*,#89680,.F.);
#98370=CARTESIAN_POINT('',(3.10000000159159,-7.9,10.3));
#98380=CARTESIAN_POINT('',(3.09999998733831,-7.9,10.3141434450534));
#98390=CARTESIAN_POINT('',(3.10024013753828,-7.89939965615403,
10.3282794816952));
#98400=CARTESIAN_POINT('',(3.1008251856111,-7.89793703597208,
10.345480566322));
#98410=CARTESIAN_POINT('',(3.10094287997696,-7.89764280005745,
10.3485944983942));
#98420=CARTESIAN_POINT('',(3.10170596597487,-7.89573508506267,
10.3669435560755));
#98430=CARTESIAN_POINT('',(3.1026190475453,-7.89345238109649,
10.3820880848311));
#98440=CARTESIAN_POINT('',(3.10609969838828,-7.88475075398906,
10.4260498445322));
#98450=CARTESIAN_POINT('',(3.10940879988952,-7.87647800025688,
10.4543621979259));
#98460=CARTESIAN_POINT('',(3.11776153450835,-7.85559616370982,
10.5079071233205));
#98470=CARTESIAN_POINT('',(3.12271527324649,-7.84321181688378,
10.5331103175573));
#98480=CARTESIAN_POINT('',(3.13460330445967,-7.81349173885083,
10.5827028936956));
#98490=CARTESIAN_POINT('',(3.14163076377743,-7.79592309055643,
10.606787558432));
#98500=CARTESIAN_POINT('',(3.15684616925541,-7.75788457686148,
10.6503088805658));
#98510=CARTESIAN_POINT('',(3.16494054727185,-7.73764863178432,
10.6698264311573));
#98520=CARTESIAN_POINT('',(3.17946639299889,-7.70133401746674,
10.6994465430993));
#98530=CARTESIAN_POINT('',(3.18558956765452,-7.68602608084966,
10.71054019854));
#98540=CARTESIAN_POINT('',(3.19811825286322,-7.6547043678279,
10.7306558270126));
#98550=CARTESIAN_POINT('',(3.20450564950694,-7.63873587623265,
10.7397037765811));
#98560=CARTESIAN_POINT('',(3.21749503885323,-7.60626240286692,
10.7558277004305));
#98570=CARTESIAN_POINT('',(3.22408301713652,-7.589792457156,
10.76292370739));
#98580=CARTESIAN_POINT('',(3.23741016775712,-7.55647458060451,
10.7752123146324));
#98590=CARTESIAN_POINT('',(3.24413783872765,-7.53965540318085,
10.7804215114112));
#98600=CARTESIAN_POINT('',(3.25900226723566,-7.50249433191084,
10.7898226756334));
#98610=CARTESIAN_POINT('',(3.2671594281639,-7.48210142959026,
10.793647662081));
#98620=CARTESIAN_POINT('',(3.28355159372139,-7.44112101569656,
10.7987314196656));
#98630=CARTESIAN_POINT('',(3.29174099592268,-7.42055632131159,10.8));
#98640=CARTESIAN_POINT('',(3.3,-7.4,10.8));
#98650=B_SPLINE_CURVE_WITH_KNOTS('',3,(#98370,#98380,#98390,#98400,
#98410,#98420,#98430,#98440,#98450,#98460,#98470,#98480,#98490,#98500,
#98510,#98520,#98530,#98540,#98550,#98560,#98570,#98580,#98590,#98600,
#98610,#98620,#98630,#98640),.UNSPECIFIED.,.F.,.F.,(4,2,2,2,2,2,2,2,2,2,
2,2,2,4),(0.,0.042427206719336,0.0518153809836421,0.0978032406724442,
0.186627331451424,0.271984959700621,0.363655876316455,0.451248076164234,
0.510802236071757,0.569045774881236,0.626308816042822,0.682805338607932,
0.749614003984397,0.816056017586248),.UNSPECIFIED.);
#98660=EDGE_CURVE('',#89610,#7360,#98650,.T.);
#98670=ORIENTED_EDGE('',*,*,#98660,.F.);
#98680=EDGE_LOOP('',(#98670,#98360,#98350,#98040));
#98690=FACE_OUTER_BOUND('',#98680,.T.);
#98700=ADVANCED_FACE('',(#98690),#98030,.T.);
#98710=CARTESIAN_POINT('',(0.,0.3,1.8));
#98720=DIRECTION('',(-1.,0.,0.));
#98730=DIRECTION('',(0.,1.,0.));
#98740=AXIS2_PLACEMENT_3D('',#98710,#98720,#98730);
#98750=CYLINDRICAL_SURFACE('',#98740,0.3);
#98760=CARTESIAN_POINT('',(9.35,0.3,1.8));
#98770=DIRECTION('',(-1.,0.,0.));
#98780=DIRECTION('',(0.,1.,0.));
#98790=AXIS2_PLACEMENT_3D('',#98760,#98770,#98780);
#98800=CIRCLE('',#98790,0.3);
#98810=EDGE_CURVE('',#9470,#24900,#98800,.T.);
#98820=ORIENTED_EDGE('',*,*,#98810,.F.);
#98830=ORIENTED_EDGE('',*,*,#24910,.T.);
#98840=ORIENTED_EDGE('',*,*,#84320,.T.);
#98850=ORIENTED_EDGE('',*,*,#9560,.F.);
#98860=EDGE_LOOP('',(#98850,#98840,#98830,#98820));
#98870=FACE_OUTER_BOUND('',#98860,.T.);
#98880=ADVANCED_FACE('',(#98870),#98750,.T.);
#98890=CARTESIAN_POINT('',(9.35,0.1,1.8));
#98900=DIRECTION('',(0.,0.,-1.));
#98910=DIRECTION('',(-1.,0.,0.));
#98920=AXIS2_PLACEMENT_3D('',#98890,#98900,#98910);
#98930=DEGENERATE_TOROIDAL_SURFACE('',#98920,0.199999999999999,0.3,.T.);
#98940=ORIENTED_EDGE('',*,*,#31880,.T.);
#98950=ORIENTED_EDGE('',*,*,#25000,.F.);
#98960=ORIENTED_EDGE('',*,*,#98810,.T.);
#98970=ORIENTED_EDGE('',*,*,#15360,.T.);
#98980=EDGE_LOOP('',(#98970,#98960,#98950,#98940));
#98990=FACE_OUTER_BOUND('',#98980,.T.);
#99000=ADVANCED_FACE('',(#98990),#98930,.T.);
#99010=CARTESIAN_POINT('',(8.175,-6.65,0.075));
#99020=DIRECTION('',(-0.707106781186548,0.,-0.707106781186547));
#99030=DIRECTION('',(-0.707106781186547,0.,0.707106781186548));
#99040=AXIS2_PLACEMENT_3D('',#99010,#99020,#99030);
#99050=PLANE('',#99040);
#99060=ORIENTED_EDGE('',*,*,#50330,.T.);
#99070=ORIENTED_EDGE('',*,*,#68510,.F.);
#99080=ORIENTED_EDGE('',*,*,#14890,.T.);
#99090=ORIENTED_EDGE('',*,*,#82110,.T.);
#99100=EDGE_LOOP('',(#99090,#99080,#99070,#99060));
#99110=FACE_OUTER_BOUND('',#99100,.T.);
#99120=ADVANCED_FACE('',(#99110),#99050,.T.);
#99130=CARTESIAN_POINT('',(12.425,-6.65,0.075));
#99140=DIRECTION('',(0.707106781186547,0.,-0.707106781186548));
#99150=DIRECTION('',(0.707106781186548,0.,0.707106781186547));
#99160=AXIS2_PLACEMENT_3D('',#99130,#99140,#99150);
#99170=PLANE('',#99160);
#99180=ORIENTED_EDGE('',*,*,#82860,.T.);
#99190=ORIENTED_EDGE('',*,*,#65940,.F.);
#99200=ORIENTED_EDGE('',*,*,#53150,.T.);
#99210=ORIENTED_EDGE('',*,*,#81850,.F.);
#99220=EDGE_LOOP('',(#99210,#99200,#99190,#99180));
#99230=FACE_OUTER_BOUND('',#99220,.T.);
#99240=ADVANCED_FACE('',(#99230),#99170,.T.);
#99250=CARTESIAN_POINT('',(13.95,0.,1.8));
#99260=DIRECTION('',(0.,-1.,0.));
#99270=DIRECTION('',(-1.,0.,0.));
#99280=AXIS2_PLACEMENT_3D('',#99250,#99260,#99270);
#99290=CYLINDRICAL_SURFACE('',#99280,0.3);
#99300=ORIENTED_EDGE('',*,*,#84690,.T.);
#99310=ORIENTED_EDGE('',*,*,#89280,.T.);
#99320=ORIENTED_EDGE('',*,*,#25150,.F.);
#99330=ORIENTED_EDGE('',*,*,#31480,.F.);
#99340=EDGE_LOOP('',(#99330,#99320,#99310,#99300));
#99350=FACE_OUTER_BOUND('',#99340,.T.);
#99360=ADVANCED_FACE('',(#99350),#99290,.T.);
#99370=CARTESIAN_POINT('',(0.,0.3,1.8));
#99380=DIRECTION('',(1.,0.,0.));
#99390=DIRECTION('',(0.,-1.,0.));
#99400=AXIS2_PLACEMENT_3D('',#99370,#99380,#99390);
#99410=CYLINDRICAL_SURFACE('',#99400,0.3);
#99420=ORIENTED_EDGE('',*,*,#89360,.F.);
#99430=ORIENTED_EDGE('',*,*,#9790,.T.);
#99440=ORIENTED_EDGE('',*,*,#10100,.T.);
#99450=ORIENTED_EDGE('',*,*,#24640,.F.);
#99460=EDGE_LOOP('',(#99450,#99440,#99430,#99420));
#99470=FACE_OUTER_BOUND('',#99460,.T.);
#99480=ADVANCED_FACE('',(#99470),#99410,.T.);
#99490=CARTESIAN_POINT('',(13.75,0.,10.3));
#99500=DIRECTION('',(0.,1.,0.));
#99510=DIRECTION('',(1.,0.,0.));
#99520=AXIS2_PLACEMENT_3D('',#99490,#99500,#99510);
#99530=CYLINDRICAL_SURFACE('',#99520,0.5);
#99540=ORIENTED_EDGE('',*,*,#85740,.F.);
#99550=ORIENTED_EDGE('',*,*,#84760,.T.);
#99560=ORIENTED_EDGE('',*,*,#71570,.T.);
#99570=ORIENTED_EDGE('',*,*,#8020,.F.);
#99580=EDGE_LOOP('',(#99570,#99560,#99550,#99540));
#99590=FACE_OUTER_BOUND('',#99580,.T.);
#99600=ADVANCED_FACE('',(#99590),#99530,.T.);
#99610=CARTESIAN_POINT('',(2.8,-7.6,0.));
#99620=CARTESIAN_POINT('',(2.8,-7.77573593128807,0.));
#99630=CARTESIAN_POINT('',(2.92426406871193,-7.9,0.));
#99640=CARTESIAN_POINT('',(3.1,-7.9,0.));
#99650=(BOUNDED_CURVE() B_SPLINE_CURVE(3,(#99610,#99620,#99630,#99640),
.UNSPECIFIED.,.F.,.F.) B_SPLINE_CURVE_WITH_KNOTS((4,4),(0.,1.),
.UNSPECIFIED.) CURVE() GEOMETRIC_REPRESENTATION_ITEM() 
RATIONAL_B_SPLINE_CURVE((1.,0.804737854124365,0.804737854124365,1.)) 
REPRESENTATION_ITEM(''));
#99660=DIRECTION('',(0.,0.,1.));
#99670=VECTOR('',#99660,1.);
#99680=SURFACE_OF_LINEAR_EXTRUSION('',#99650,#99670);
#99690=CARTESIAN_POINT('',(3.10000000159159,-7.9,10.3));
#99700=CARTESIAN_POINT('',(2.92426406937119,-7.9,10.3));
#99710=CARTESIAN_POINT('',(2.8,-7.77573593062881,10.3));
#99720=CARTESIAN_POINT('',(2.8,-7.59999999840841,10.3));
#99730=(BOUNDED_CURVE() B_SPLINE_CURVE(3,(#99690,#99700,#99710,#99720),
.UNSPECIFIED.,.F.,.F.) B_SPLINE_CURVE_WITH_KNOTS((4,4),(0.,1.),
.UNSPECIFIED.) CURVE() GEOMETRIC_REPRESENTATION_ITEM() 
RATIONAL_B_SPLINE_CURVE((1.,0.804737854124365,0.804737854124365,1.)) 
REPRESENTATION_ITEM(''));
#99740=EDGE_CURVE('',#89610,#35960,#99730,.T.);
#99750=ORIENTED_EDGE('',*,*,#99740,.T.);
#99760=ORIENTED_EDGE('',*,*,#89620,.T.);
#99770=ORIENTED_EDGE('',*,*,#36200,.T.);
#99780=ORIENTED_EDGE('',*,*,#36030,.F.);
#99790=EDGE_LOOP('',(#99780,#99770,#99760,#99750));
#99800=FACE_OUTER_BOUND('',#99790,.T.);
#99810=ADVANCED_FACE('',(#99800),#99680,.T.);
#99820=CARTESIAN_POINT('',(4.6,-7.59999999840841,10.3));
#99830=CARTESIAN_POINT('',(4.6,-7.60000001266169,10.3141434450534));
#99840=CARTESIAN_POINT('',(4.59939965615403,-7.59975986246172,
10.3282794816952));
#99850=CARTESIAN_POINT('',(4.59793703597207,-7.59917481438889,
10.3454805663222));
#99860=CARTESIAN_POINT('',(4.59764280005742,-7.59905712002303,
10.3485944983946));
#99870=CARTESIAN_POINT('',(4.59573508506262,-7.59829403402511,
10.3669435560758));
#99880=CARTESIAN_POINT('',(4.59345238109646,-7.59738095245469,
10.3820880848313));
#99890=CARTESIAN_POINT('',(4.58475075398887,-7.59390030161165,
10.4260498445332));
#99900=CARTESIAN_POINT('',(4.57647800025633,-7.59059120011026,
10.4543621979278));
#99910=CARTESIAN_POINT('',(4.55559616370829,-7.58223846549104,
10.507907123324));
#99920=CARTESIAN_POINT('',(4.54321181688166,-7.57728472675266,
10.5331103175615));
#99930=CARTESIAN_POINT('',(4.5134917388477,-7.56539669553908,
10.5827028937002));
#99940=CARTESIAN_POINT('',(4.49592309055302,-7.55836923622121,
10.6067875584364));
#99950=CARTESIAN_POINT('',(4.45788457685755,-7.54315383074302,
10.6503088805699));
#99960=CARTESIAN_POINT('',(4.43764863178015,-7.53505945272648,
10.6698264311611));
#99970=CARTESIAN_POINT('',(4.40133401746209,-7.52053360699926,
10.6994465431028));
#99980=CARTESIAN_POINT('',(4.38602608084476,-7.51441043234353,
10.7105401985434));
#99990=CARTESIAN_POINT('',(4.35470436782249,-7.50188174713462,
10.7306558270158));
#100000=CARTESIAN_POINT('',(4.33873587622699,-7.4954943504908,
10.7397037765842));
#100010=CARTESIAN_POINT('',(4.30626240286078,-7.48250496114431,
10.7558277004333));
#100020=CARTESIAN_POINT('',(4.28979245714962,-7.47591698286093,
10.7629237073926));
#100030=CARTESIAN_POINT('',(4.25647458059765,-7.46258983224014,
10.7752123146346));
#100040=CARTESIAN_POINT('',(4.23965540317378,-7.45586216126951,
10.7804215114132));
#100050=CARTESIAN_POINT('',(4.20249433190469,-7.44099773276187,
10.7898226756347));
#100060=CARTESIAN_POINT('',(4.18210142958529,-7.43284057183412,
10.7936476620818));
#100070=CARTESIAN_POINT('',(4.14112101569403,-7.41644840627763,
10.7987314196658));
#100080=CARTESIAN_POINT('',(4.12055632131034,-7.40825900407681,10.8));
#100090=CARTESIAN_POINT('',(4.1,-7.4,10.8));
#100100=CARTESIAN_POINT('',(4.6,-7.77573593062881,10.3));
#100110=CARTESIAN_POINT('',(4.59998911291171,-7.77572574967625,
10.3197184426437));
#100120=CARTESIAN_POINT('',(4.5989475725723,-7.77492388245888,
10.3383393291972));
#100130=CARTESIAN_POINT('',(4.59650211892243,-7.77304829844465,
10.3612547347542));
#100140=CARTESIAN_POINT('',(4.59600761965507,-7.77266848014852,
10.3654064026671));
#100150=CARTESIAN_POINT('',(4.59281113452576,-7.77021966141088,
10.3897503235185));
#100160=CARTESIAN_POINT('',(4.58894350908804,-7.76723773355227,
10.4099827536119));
#100170=CARTESIAN_POINT('',(4.57495308901365,-7.75656682271373,
10.4656619694594));
#100180=CARTESIAN_POINT('',(4.56171801983069,-7.74641367919493,
10.5009047860152));
#100190=CARTESIAN_POINT('',(4.53138302539783,-7.72337496374143,
10.5616488805814));
#100200=CARTESIAN_POINT('',(4.51416318450094,-7.71030969435995,
10.5885565445501));
#100210=CARTESIAN_POINT('',(4.47622006123573,-7.68170646084842,
10.637423260837));
#100220=CARTESIAN_POINT('',(4.45523224052203,-7.66594051785068,
10.6592081517716));
#100230=CARTESIAN_POINT('',(4.41286181300074,-7.63414929356078,
10.6962334619935));
#100240=CARTESIAN_POINT('',(4.39191773645569,-7.61853416305423,
10.7113746272672));
#100250=CARTESIAN_POINT('',(4.35577010834352,-7.59145172677285,
10.7337307405357));
#100260=CARTESIAN_POINT('',(4.34127929663656,-7.58065476399535,
10.7415983853863));
#100270=CARTESIAN_POINT('',(4.31221753957334,-7.55892383464754,
10.755675808054));
#100280=CARTESIAN_POINT('',(4.29788840025636,-7.54822585878253,
10.7617594927633));
#100290=CARTESIAN_POINT('',(4.26928073266312,-7.52682344272022,
10.7724478272467));
#100300=CARTESIAN_POINT('',(4.25515788930049,-7.51627015343205,
10.7770010697483));
#100310=CARTESIAN_POINT('',(4.22694497332349,-7.49514445858413,
10.7848195324053));
#100320=CARTESIAN_POINT('',(4.2129948656918,-7.484707873423,
10.7880505661619));
#100330=CARTESIAN_POINT('',(4.18241829632563,-7.46179368487697,
10.7938577750413));
#100340=CARTESIAN_POINT('',(4.1659330071328,-7.44945000944798,
10.7961675341712));
#100350=CARTESIAN_POINT('',(4.13286526414536,-7.42464089641561,
10.7992462558463));
#100360=CARTESIAN_POINT('',(4.11648851273463,-7.4123894063566,
10.8000008734897));
#100370=CARTESIAN_POINT('',(4.1,-7.4,10.8));
#100380=CARTESIAN_POINT('',(4.47573593062881,-7.9,10.3));
#100390=CARTESIAN_POINT('',(4.47572574967625,-7.89998911291171,
10.3197184426437));
#100400=CARTESIAN_POINT('',(4.47492388245887,-7.89894757257231,
10.3383393291972));
#100410=CARTESIAN_POINT('',(4.47304829844465,-7.89650211892243,
10.3612547347542));
#100420=CARTESIAN_POINT('',(4.47266848014852,-7.89600761965508,
10.3654064026671));
#100430=CARTESIAN_POINT('',(4.47021966141088,-7.89281113452576,
10.3897503235185));
#100440=CARTESIAN_POINT('',(4.46723773355227,-7.88894350908804,
10.4099827536119));
#100450=CARTESIAN_POINT('',(4.45656682271373,-7.87495308901365,
10.4656619694594));
#100460=CARTESIAN_POINT('',(4.44641367919493,-7.86171801983069,
10.5009047860152));
#100470=CARTESIAN_POINT('',(4.42337496374143,-7.83138302539783,
10.5616488805814));
#100480=CARTESIAN_POINT('',(4.41030969435995,-7.81416318450094,
10.5885565445501));
#100490=CARTESIAN_POINT('',(4.38170646084842,-7.77622006123572,
10.637423260837));
#100500=CARTESIAN_POINT('',(4.36594051785069,-7.75523224052203,
10.6592081517716));
#100510=CARTESIAN_POINT('',(4.33414929356078,-7.71286181300074,
10.6962334619935));
#100520=CARTESIAN_POINT('',(4.31853416305423,-7.69191773645569,
10.7113746272672));
#100530=CARTESIAN_POINT('',(4.29145172677285,-7.65577010834353,
10.7337307405357));
#100540=CARTESIAN_POINT('',(4.28065476399535,-7.64127929663656,
10.7415983853863));
#100550=CARTESIAN_POINT('',(4.25892383464754,-7.61221753957334,
10.755675808054));
#100560=CARTESIAN_POINT('',(4.24822585878253,-7.59788840025636,
10.7617594927633));
#100570=CARTESIAN_POINT('',(4.22682344272021,-7.56928073266312,
10.7724478272467));
#100580=CARTESIAN_POINT('',(4.21627015343206,-7.55515788930048,
10.7770010697483));
#100590=CARTESIAN_POINT('',(4.19514445858414,-7.52694497332348,
10.7848195324054));
#100600=CARTESIAN_POINT('',(4.18470787342301,-7.51299486569178,
10.7880505661619));
#100610=CARTESIAN_POINT('',(4.16179368487698,-7.48241829632562,
10.7938577750413));
#100620=CARTESIAN_POINT('',(4.14945000944797,-7.46593300713282,
10.7961675341712));
#100630=CARTESIAN_POINT('',(4.12464089641558,-7.43286526414539,
10.7992462558463));
#100640=CARTESIAN_POINT('',(4.1123894063566,-7.41648851273464,
10.8000008734897));
#100650=CARTESIAN_POINT('',(4.1,-7.4,10.8));
#100660=CARTESIAN_POINT('',(4.29999999840841,-7.9,10.3));
#100670=CARTESIAN_POINT('',(4.30000001266169,-7.9,10.3141434450534));
#100680=CARTESIAN_POINT('',(4.29975986246172,-7.89939965615403,
10.3282794816952));
#100690=CARTESIAN_POINT('',(4.29917481438889,-7.89793703597207,
10.3454805663222));
#100700=CARTESIAN_POINT('',(4.29905712002302,-7.89764280005742,
10.3485944983946));
#100710=CARTESIAN_POINT('',(4.29829403402511,-7.89573508506263,
10.3669435560758));
#100720=CARTESIAN_POINT('',(4.29738095245468,-7.89345238109646,
10.3820880848313));
#100730=CARTESIAN_POINT('',(4.29390030161165,-7.88475075398887,
10.4260498445332));
#100740=CARTESIAN_POINT('',(4.29059120011026,-7.87647800025633,
10.4543621979278));
#100750=CARTESIAN_POINT('',(4.28223846549104,-7.85559616370829,
10.507907123324));
#100760=CARTESIAN_POINT('',(4.27728472675266,-7.84321181688165,
10.5331103175615));
#100770=CARTESIAN_POINT('',(4.26539669553908,-7.8134917388477,
10.5827028937002));
#100780=CARTESIAN_POINT('',(4.25836923622121,-7.79592309055301,
10.6067875584365));
#100790=CARTESIAN_POINT('',(4.24315383074302,-7.75788457685755,
10.6503088805699));
#100800=CARTESIAN_POINT('',(4.23505945272648,-7.73764863178015,
10.6698264311611));
#100810=CARTESIAN_POINT('',(4.22053360699925,-7.70133401746209,
10.6994465431028));
#100820=CARTESIAN_POINT('',(4.21441043234353,-7.68602608084476,
10.7105401985434));
#100830=CARTESIAN_POINT('',(4.20188174713462,-7.65470436782249,
10.7306558270158));
#100840=CARTESIAN_POINT('',(4.1954943504908,-7.63873587622699,
10.7397037765842));
#100850=CARTESIAN_POINT('',(4.18250496114431,-7.60626240286078,
10.7558277004333));
#100860=CARTESIAN_POINT('',(4.17591698286093,-7.58979245714961,
10.7629237073926));
#100870=CARTESIAN_POINT('',(4.16258983224015,-7.55647458059764,
10.7752123146346));
#100880=CARTESIAN_POINT('',(4.15586216126951,-7.53965540317376,
10.7804215114132));
#100890=CARTESIAN_POINT('',(4.14099773276188,-7.50249433190468,
10.7898226756347));
#100900=CARTESIAN_POINT('',(4.13284057183412,-7.48210142958531,
10.7936476620818));
#100910=CARTESIAN_POINT('',(4.11644840627761,-7.44112101569407,
10.7987314196658));
#100920=CARTESIAN_POINT('',(4.10825900407682,-7.42055632131034,10.8));
#100930=CARTESIAN_POINT('',(4.1,-7.4,10.8));
#100940=(BOUNDED_SURFACE() B_SPLINE_SURFACE(3,3,((#99820,#100100,#100380
,#100660),(#99830,#100110,#100390,#100670),(#99840,#100120,#100400,
#100680),(#99850,#100130,#100410,#100690),(#99860,#100140,#100420,
#100700),(#99870,#100150,#100430,#100710),(#99880,#100160,#100440,
#100720),(#99890,#100170,#100450,#100730),(#99900,#100180,#100460,
#100740),(#99910,#100190,#100470,#100750),(#99920,#100200,#100480,
#100760),(#99930,#100210,#100490,#100770),(#99940,#100220,#100500,
#100780),(#99950,#100230,#100510,#100790),(#99960,#100240,#100520,
#100800),(#99970,#100250,#100530,#100810),(#99980,#100260,#100540,
#100820),(#99990,#100270,#100550,#100830),(#100000,#100280,#100560,
#100840),(#100010,#100290,#100570,#100850),(#100020,#100300,#100580,
#100860),(#100030,#100310,#100590,#100870),(#100040,#100320,#100600,
#100880),(#100050,#100330,#100610,#100890),(#100060,#100340,#100620,
#100900),(#100070,#100350,#100630,#100910),(#100080,#100360,#100640,
#100920),(#100090,#100370,#100650,#100930)),.UNSPECIFIED.,.F.,.F.,.F.) 
B_SPLINE_SURFACE_WITH_KNOTS((4,2,2,2,2,2,2,2,2,2,2,2,2,4),(4,4),(0.,
0.042427206719343,0.0518153809841067,0.0978032406724588,
0.186627331454379,0.271984959706273,0.363655876322276,0.451248076170229,
0.510802236078283,0.569045774888305,0.626308816050419,0.682805338616098,
0.749614003988499,0.816056017586318),(0.,1.),.UNSPECIFIED.) 
GEOMETRIC_REPRESENTATION_ITEM() RATIONAL_B_SPLINE_SURFACE(((1.,
0.804737854124365,0.804737854124365,1.),(1.,0.804743058065143,
0.804743058065143,1.),(1.,0.805325936801684,0.805325936801684,1.),(1.,
0.806677198433171,0.806677198433171,1.),(1.,0.80695002919154,
0.80695002919154,1.),(1.,0.808752520089446,0.808752520089446,1.),(1.,
0.810869814387915,0.810869814387915,1.),(1.,0.818833427444009,
0.818833427444009,1.),(1.,0.826188845913863,0.826188845913863,1.),(1.,
0.843345948603638,0.843345948603638,1.),(1.,0.853077793001605,
0.853077793001605,1.),(1.,0.874410491675166,0.874410491675166,1.),(1.,
0.886091859298147,0.886091859298147,1.),(1.,0.908616291827615,
0.908616291827615,1.),(1.,0.919464366985845,0.919464366985845,1.),(1.,
0.936612158046158,0.936612158046158,1.),(1.,0.943217743528091,
0.943217743528091,1.),(1.,0.955440327253087,0.955440327253087,1.),(1.,
0.961056106424183,0.961056106424183,1.),(1.,0.971199660004027,
0.971199660004027,1.),(1.,0.975736553589267,0.975736553589267,1.),(1.,
0.983665130154518,0.983665130154518,1.),(1.,0.987065339519998,
0.987065339519998,1.),(1.,0.993231202633079,0.993231202633079,1.),(1.,
0.995766065127917,0.995766065127917,1.),(1.,0.999141840440834,
0.999141840440834,1.),(1.,0.999985931618705,0.999985931618705,1.),(1.,1.
,1.,1.))) REPRESENTATION_ITEM('') SURFACE());
#100950=CARTESIAN_POINT('',(4.6,-7.59999999840841,10.3));
#100960=CARTESIAN_POINT('',(4.6,-7.77573593062881,10.3));
#100970=CARTESIAN_POINT('',(4.47573593062881,-7.9,10.3));
#100980=CARTESIAN_POINT('',(4.29999999840841,-7.9,10.3));
#100990=(BOUNDED_CURVE() B_SPLINE_CURVE(3,(#100950,#100960,#100970,
#100980),.UNSPECIFIED.,.F.,.F.) B_SPLINE_CURVE_WITH_KNOTS((4,4),(0.,1.),
.UNSPECIFIED.) CURVE() GEOMETRIC_REPRESENTATION_ITEM() 
RATIONAL_B_SPLINE_CURVE((1.,0.804737854124365,0.804737854124365,1.)) 
REPRESENTATION_ITEM(''));
#101000=EDGE_CURVE('',#44390,#89520,#100990,.T.);
#101010=ORIENTED_EDGE('',*,*,#101000,.F.);
#101020=ORIENTED_EDGE('',*,*,#98340,.F.);
#101030=ORIENTED_EDGE('',*,*,#44710,.T.);
#101040=EDGE_LOOP('',(#101030,#101020,#101010));
#101050=FACE_OUTER_BOUND('',#101040,.T.);
#101060=ADVANCED_FACE('',(#101050),#100940,.T.);
#101070=CARTESIAN_POINT('',(3.10000000159159,-7.9,10.3));
#101080=CARTESIAN_POINT('',(3.09999998733831,-7.9,10.3141434450534));
#101090=CARTESIAN_POINT('',(3.10024013753828,-7.89939965615403,
10.3282794816952));
#101100=CARTESIAN_POINT('',(3.1008251856111,-7.89793703597208,
10.345480566322));
#101110=CARTESIAN_POINT('',(3.10094287997696,-7.89764280005745,
10.3485944983942));
#101120=CARTESIAN_POINT('',(3.10170596597487,-7.89573508506267,
10.3669435560755));
#101130=CARTESIAN_POINT('',(3.1026190475453,-7.89345238109649,
10.3820880848311));
#101140=CARTESIAN_POINT('',(3.10609969838828,-7.88475075398906,
10.4260498445322));
#101150=CARTESIAN_POINT('',(3.10940879988952,-7.87647800025688,
10.4543621979259));
#101160=CARTESIAN_POINT('',(3.11776153450835,-7.85559616370982,
10.5079071233205));
#101170=CARTESIAN_POINT('',(3.12271527324649,-7.84321181688378,
10.5331103175573));
#101180=CARTESIAN_POINT('',(3.13460330445967,-7.81349173885083,
10.5827028936956));
#101190=CARTESIAN_POINT('',(3.14163076377743,-7.79592309055643,
10.606787558432));
#101200=CARTESIAN_POINT('',(3.15684616925541,-7.75788457686148,
10.6503088805658));
#101210=CARTESIAN_POINT('',(3.16494054727185,-7.73764863178432,
10.6698264311573));
#101220=CARTESIAN_POINT('',(3.17946639299889,-7.70133401746674,
10.6994465430993));
#101230=CARTESIAN_POINT('',(3.18558956765452,-7.68602608084966,
10.71054019854));
#101240=CARTESIAN_POINT('',(3.19811825286322,-7.6547043678279,
10.7306558270126));
#101250=CARTESIAN_POINT('',(3.20450564950694,-7.63873587623265,
10.7397037765811));
#101260=CARTESIAN_POINT('',(3.21749503885323,-7.60626240286692,
10.7558277004305));
#101270=CARTESIAN_POINT('',(3.22408301713652,-7.589792457156,
10.76292370739));
#101280=CARTESIAN_POINT('',(3.23741016775712,-7.55647458060451,
10.7752123146324));
#101290=CARTESIAN_POINT('',(3.24413783872765,-7.53965540318085,
10.7804215114112));
#101300=CARTESIAN_POINT('',(3.25900226723566,-7.50249433191084,
10.7898226756334));
#101310=CARTESIAN_POINT('',(3.2671594281639,-7.48210142959026,
10.793647662081));
#101320=CARTESIAN_POINT('',(3.28355159372139,-7.44112101569656,
10.7987314196656));
#101330=CARTESIAN_POINT('',(3.29174099592268,-7.42055632131159,10.8));
#101340=CARTESIAN_POINT('',(3.3,-7.4,10.8));
#101350=CARTESIAN_POINT('',(2.92426406937119,-7.9,10.3));
#101360=CARTESIAN_POINT('',(2.92427425032375,-7.89998911291171,
10.3197184426437));
#101370=CARTESIAN_POINT('',(2.92507611754113,-7.8989475725723,
10.3383393291972));
#101380=CARTESIAN_POINT('',(2.92695170155532,-7.89650211892245,
10.361254734754));
#101390=CARTESIAN_POINT('',(2.92733151985145,-7.89600761965512,
10.3654064026667));
#101400=CARTESIAN_POINT('',(2.92978033858906,-7.89281113452583,
10.3897503235181));
#101410=CARTESIAN_POINT('',(2.93276226644769,-7.88894350908809,
10.4099827536117));
#101420=CARTESIAN_POINT('',(2.94343317728605,-7.87495308901396,
10.4656619694583));
#101430=CARTESIAN_POINT('',(2.9535863208044,-7.86171801983156,
10.5009047860129));
#101440=CARTESIAN_POINT('',(2.97662503625694,-7.83138302539999,
10.5616488805776));
#101450=CARTESIAN_POINT('',(2.98969030563788,-7.81416318450381,
10.5885565445458));
#101460=CARTESIAN_POINT('',(3.01829353914868,-7.77622006123956,
10.6374232608327));
#101470=CARTESIAN_POINT('',(3.03405948214634,-7.755232240526,
10.6592081517677));
#101480=CARTESIAN_POINT('',(3.06585070643608,-7.71286181300493,
10.6962334619902));
#101490=CARTESIAN_POINT('',(3.08146583694257,-7.69191773645997,
10.7113746272643));
#101500=CARTESIAN_POINT('',(3.10854827322379,-7.65577010834802,
10.7337307405332));
#101510=CARTESIAN_POINT('',(3.11934523600119,-7.64127929664119,
10.7415983853839));
#101520=CARTESIAN_POINT('',(3.14107616534879,-7.61221753957826,
10.7556758080518));
#101530=CARTESIAN_POINT('',(3.15177414121369,-7.59788840026141,
10.7617594927612));
#101540=CARTESIAN_POINT('',(3.17317655727579,-7.56928073266844,
10.7724478272449));
#101550=CARTESIAN_POINT('',(3.18372984656387,-7.55515788930595,
10.7770010697466));
#101560=CARTESIAN_POINT('',(3.20485554141157,-7.52694497332922,
10.7848195324039));
#101570=CARTESIAN_POINT('',(3.21529212657259,-7.51299486569766,
10.7880505661606));
#101580=CARTESIAN_POINT('',(3.23820631511926,-7.48241829633064,
10.7938577750406));
#101590=CARTESIAN_POINT('',(3.25054999054902,-7.46593300713682,
10.7961675341707));
#101600=CARTESIAN_POINT('',(3.27535910358292,-7.43286526414738,
10.7992462558462));
#101610=CARTESIAN_POINT('',(3.28761059364265,-7.41648851273564,
10.8000008734897));
#101620=CARTESIAN_POINT('',(3.3,-7.4,10.8));
#101630=CARTESIAN_POINT('',(2.8,-7.77573593062881,10.3));
#101640=CARTESIAN_POINT('',(2.80001088708829,-7.77572574967625,
10.3197184426437));
#101650=CARTESIAN_POINT('',(2.8010524274277,-7.77492388245887,
10.3383393291972));
#101660=CARTESIAN_POINT('',(2.80349788107755,-7.77304829844467,
10.361254734754));
#101670=CARTESIAN_POINT('',(2.80399238034488,-7.77266848014856,
10.3654064026667));
#101680=CARTESIAN_POINT('',(2.80718886547417,-7.77021966141094,
10.3897503235181));
#101690=CARTESIAN_POINT('',(2.81105649091191,-7.76723773355231,
10.4099827536117));
#101700=CARTESIAN_POINT('',(2.82504691098605,-7.75656682271396,
10.4656619694583));
#101710=CARTESIAN_POINT('',(2.83828198016844,-7.7464136791956,
10.5009047860129));
#101720=CARTESIAN_POINT('',(2.86861697460001,-7.72337496374306,
10.5616488805776));
#101730=CARTESIAN_POINT('',(2.88583681549619,-7.71030969436212,
10.5885565445458));
#101740=CARTESIAN_POINT('',(2.92377993876044,-7.68170646085131,
10.6374232608327));
#101750=CARTESIAN_POINT('',(2.94476775947401,-7.66594051785366,
10.6592081517677));
#101760=CARTESIAN_POINT('',(2.98713818699506,-7.63414929356392,
10.6962334619902));
#101770=CARTESIAN_POINT('',(3.00808226354003,-7.61853416305743,
10.7113746272643));
#101780=CARTESIAN_POINT('',(3.04422989165199,-7.59145172677621,
10.7337307405332));
#101790=CARTESIAN_POINT('',(3.05872070335881,-7.58065476399881,
10.7415983853839));
#101800=CARTESIAN_POINT('',(3.08778246042175,-7.55892383465122,
10.7556758080518));
#101810=CARTESIAN_POINT('',(3.10211159973859,-7.54822585878631,
10.7617594927612));
#101820=CARTESIAN_POINT('',(3.13071926733156,-7.52682344272421,
10.7724478272449));
#101830=CARTESIAN_POINT('',(3.14484211069406,-7.51627015343614,
10.7770010697466));
#101840=CARTESIAN_POINT('',(3.17305502667078,-7.49514445858843,
10.7848195324039));
#101850=CARTESIAN_POINT('',(3.18700513430233,-7.4847078734274,
10.7880505661606));
#101860=CARTESIAN_POINT('',(3.21758170366936,-7.46179368488073,
10.7938577750406));
#101870=CARTESIAN_POINT('',(3.23406699286319,-7.44945000945099,
10.7961675341707));
#101880=CARTESIAN_POINT('',(3.26713473585264,-7.4246408964171,
10.7992462558462));
#101890=CARTESIAN_POINT('',(3.28351148726436,-7.41238940635735,
10.8000008734897));
#101900=CARTESIAN_POINT('',(3.3,-7.4,10.8));
#101910=CARTESIAN_POINT('',(2.8,-7.59999999840841,10.3));
#101920=CARTESIAN_POINT('',(2.8,-7.60000001266169,10.3141434450534));
#101930=CARTESIAN_POINT('',(2.80060034384597,-7.59975986246172,
10.3282794816952));
#101940=CARTESIAN_POINT('',(2.80206296402792,-7.5991748143889,
10.345480566322));
#101950=CARTESIAN_POINT('',(2.80235719994255,-7.59905712002304,
10.3485944983942));
#101960=CARTESIAN_POINT('',(2.80426491493733,-7.59829403402513,
10.3669435560755));
#101970=CARTESIAN_POINT('',(2.80654761890351,-7.5973809524547,
10.3820880848311));
#101980=CARTESIAN_POINT('',(2.81524924601094,-7.59390030161173,
10.4260498445322));
#101990=CARTESIAN_POINT('',(2.82352199974313,-7.59059120011048,
10.4543621979259));
#102000=CARTESIAN_POINT('',(2.84440383629018,-7.58223846549165,
10.5079071233205));
#102010=CARTESIAN_POINT('',(2.85678818311622,-7.57728472675351,
10.5331103175573));
#102020=CARTESIAN_POINT('',(2.88650826114917,-7.56539669554033,
10.5827028936956));
#102030=CARTESIAN_POINT('',(2.90407690944357,-7.55836923622257,
10.606787558432));
#102040=CARTESIAN_POINT('',(2.94211542313852,-7.54315383074459,
10.6503088805658));
#102050=CARTESIAN_POINT('',(2.96235136821568,-7.53505945272815,
10.6698264311573));
#102060=CARTESIAN_POINT('',(2.99866598253326,-7.52053360700111,
10.6994465430993));
#102070=CARTESIAN_POINT('',(3.01397391915034,-7.51441043234549,
10.71054019854));
#102080=CARTESIAN_POINT('',(3.0452956321721,-7.50188174713679,
10.7306558270126));
#102090=CARTESIAN_POINT('',(3.06126412376735,-7.49549435049306,
10.7397037765811));
#102100=CARTESIAN_POINT('',(3.09373759713308,-7.48250496114677,
10.7558277004305));
#102110=CARTESIAN_POINT('',(3.11020754284401,-7.47591698286349,
10.76292370739));
#102120=CARTESIAN_POINT('',(3.1435254193955,-7.46258983224289,
10.7752123146324));
#102130=CARTESIAN_POINT('',(3.16034459681914,-7.45586216127234,
10.7804215114112));
#102140=CARTESIAN_POINT('',(3.19750566808915,-7.44099773276433,
10.7898226756334));
#102150=CARTESIAN_POINT('',(3.21789857040976,-7.4328405718361,
10.793647662081));
#102160=CARTESIAN_POINT('',(3.25887898430346,-7.41644840627863,
10.7987314196656));
#102170=CARTESIAN_POINT('',(3.27944367868841,-7.40825900407732,10.8));
#102180=CARTESIAN_POINT('',(3.3,-7.4,10.8));
#102190=(BOUNDED_SURFACE() B_SPLINE_SURFACE(3,3,((#101070,#101350,
#101630,#101910),(#101080,#101360,#101640,#101920),(#101090,#101370,
#101650,#101930),(#101100,#101380,#101660,#101940),(#101110,#101390,
#101670,#101950),(#101120,#101400,#101680,#101960),(#101130,#101410,
#101690,#101970),(#101140,#101420,#101700,#101980),(#101150,#101430,
#101710,#101990),(#101160,#101440,#101720,#102000),(#101170,#101450,
#101730,#102010),(#101180,#101460,#101740,#102020),(#101190,#101470,
#101750,#102030),(#101200,#101480,#101760,#102040),(#101210,#101490,
#101770,#102050),(#101220,#101500,#101780,#102060),(#101230,#101510,
#101790,#102070),(#101240,#101520,#101800,#102080),(#101250,#101530,
#101810,#102090),(#101260,#101540,#101820,#102100),(#101270,#101550,
#101830,#102110),(#101280,#101560,#101840,#102120),(#101290,#101570,
#101850,#102130),(#101300,#101580,#101860,#102140),(#101310,#101590,
#101870,#102150),(#101320,#101600,#101880,#102160),(#101330,#101610,
#101890,#102170),(#101340,#101620,#101900,#102180)),.UNSPECIFIED.,.F.,
.F.,.F.) B_SPLINE_SURFACE_WITH_KNOTS((4,2,2,2,2,2,2,2,2,2,2,2,2,4),(4,4)
,(0.,0.042427206719336,0.0518153809836421,0.0978032406724442,
0.186627331451424,0.271984959700621,0.363655876316455,0.451248076164234,
0.510802236071757,0.569045774881236,0.626308816042822,0.682805338607932,
0.749614003984397,0.816056017586248),(0.,1.),.UNSPECIFIED.) 
GEOMETRIC_REPRESENTATION_ITEM() RATIONAL_B_SPLINE_SURFACE(((1.,
0.804737854124367,0.804737854124367,1.),(1.,0.804743058065146,
0.804743058065146,1.),(1.,0.805325936801684,0.805325936801684,1.),(1.,
0.806677198433161,0.806677198433161,1.),(1.,0.806950029191513,
0.806950029191513,1.),(1.,0.808752520089406,0.808752520089406,1.),(1.,
0.810869814387886,0.810869814387886,1.),(1.,0.818833427443826,
0.818833427443826,1.),(1.,0.826188845913362,0.826188845913362,1.),(1.,
0.843345948602414,0.843345948602414,1.),(1.,0.853077792999972,
0.853077792999972,1.),(1.,0.874410491673038,0.874410491673038,1.),(1.,
0.886091859295974,0.886091859295974,1.),(1.,0.908616291825437,
0.908616291825437,1.),(1.,0.919464366983705,0.919464366983705,1.),(1.,
0.936612158044089,0.936612158044089,1.),(1.,0.943217743526042,
0.943217743526042,1.),(1.,0.955440327251115,0.955440327251115,1.),(1.,
0.961056106422266,0.961056106422266,1.),(1.,0.971199660002258,
0.971199660002258,1.),(1.,0.975736553587586,0.975736553587586,1.),(1.,
0.983665130153049,0.983665130153049,1.),(1.,0.987065339518646,
0.987065339518646,1.),(1.,0.99323120263226,0.99323120263226,1.),(1.,
0.995766065127404,0.995766065127404,1.),(1.,0.999141840440728,
0.999141840440728,1.),(1.,0.999985931618703,0.999985931618703,1.),(1.,1.
,1.,1.))) REPRESENTATION_ITEM('') SURFACE());
#102200=ORIENTED_EDGE('',*,*,#99740,.F.);
#102210=ORIENTED_EDGE('',*,*,#97080,.F.);
#102220=ORIENTED_EDGE('',*,*,#98660,.T.);
#102230=EDGE_LOOP('',(#102220,#102210,#102200));
#102240=FACE_OUTER_BOUND('',#102230,.T.);
#102250=ADVANCED_FACE('',(#102240),#102190,.T.);
#102260=CARTESIAN_POINT('',(4.6,-7.6,0.));
#102270=CARTESIAN_POINT('',(4.6,-7.77573593128807,0.));
#102280=CARTESIAN_POINT('',(4.47573593128807,-7.9,0.));
#102290=CARTESIAN_POINT('',(4.3,-7.9,0.));
#102300=(BOUNDED_CURVE() B_SPLINE_CURVE(3,(#102260,#102270,#102280,
#102290),.UNSPECIFIED.,.F.,.F.) B_SPLINE_CURVE_WITH_KNOTS((4,4),(0.,1.),
.UNSPECIFIED.) CURVE() GEOMETRIC_REPRESENTATION_ITEM() 
RATIONAL_B_SPLINE_CURVE((1.,0.804737854124365,0.804737854124365,1.)) 
REPRESENTATION_ITEM(''));
#102310=DIRECTION('',(0.,0.,1.));
#102320=VECTOR('',#102310,1.);
#102330=SURFACE_OF_LINEAR_EXTRUSION('',#102300,#102320);
#102340=ORIENTED_EDGE('',*,*,#36370,.F.);
#102350=ORIENTED_EDGE('',*,*,#89530,.F.);
#102360=ORIENTED_EDGE('',*,*,#101000,.T.);
#102370=ORIENTED_EDGE('',*,*,#89060,.T.);
#102380=EDGE_LOOP('',(#102370,#102360,#102350,#102340));
#102390=FACE_OUTER_BOUND('',#102380,.T.);
#102400=ADVANCED_FACE('',(#102390),#102330,.F.);
#102410=CARTESIAN_POINT('',(18.9999995380496,0.,10.3));
#102420=DIRECTION('',(0.,1.,0.));
#102430=DIRECTION('',(1.,0.,0.));
#102440=AXIS2_PLACEMENT_3D('',#102410,#102420,#102430);
#102450=CYLINDRICAL_SURFACE('',#102440,0.5);
#102460=ORIENTED_EDGE('',*,*,#69670,.F.);
#102470=ORIENTED_EDGE('',*,*,#7130,.T.);
#102480=CARTESIAN_POINT('',(18.9999995380496,-7.4,10.8));
#102490=CARTESIAN_POINT('',(18.9794432167396,-7.40825900407671,10.8));
#102500=CARTESIAN_POINT('',(18.9588785223561,-7.41644840627745,
10.7987314196658));
#102510=CARTESIAN_POINT('',(18.9178981084654,-7.43284057183372,
10.793647662082));
#102520=CARTESIAN_POINT('',(18.8975052061462,-7.44099773276136,
10.7898226756349));
#102530=CARTESIAN_POINT('',(18.8603441348773,-7.45586216126892,
10.7804215114137));
#102540=CARTESIAN_POINT('',(18.8435249574534,-7.46258983223958,
10.7752123146351));
#102550=CARTESIAN_POINT('',(18.8102070809014,-7.4759169828604,
10.7629237073931));
#102560=CARTESIAN_POINT('',(18.7937371351901,-7.4825049611438,
10.7558277004339));
#102570=CARTESIAN_POINT('',(18.7612636618238,-7.49549435049033,
10.7397037765849));
#102580=CARTESIAN_POINT('',(18.7452951702283,-7.50188174713417,
10.7306558270164));
#102590=CARTESIAN_POINT('',(18.7139734572059,-7.51441043234312,
10.7105401985441));
#102600=CARTESIAN_POINT('',(18.6986655205885,-7.52053360699887,
10.6994465431036));
#102610=CARTESIAN_POINT('',(18.6623509062704,-7.53505945272614,
10.6698264311619));
#102620=CARTESIAN_POINT('',(18.6421149611929,-7.54315383074269,
10.6503088805707));
#102630=CARTESIAN_POINT('',(18.6040764474973,-7.55836923622093,
10.6067875584373));
#102640=CARTESIAN_POINT('',(18.5865077992026,-7.56539669553883,
10.5827028937011));
#102650=CARTESIAN_POINT('',(18.5567877211684,-7.57728472675249,
10.5331103175623));
#102660=CARTESIAN_POINT('',(18.5444033743417,-7.58223846549092,
10.5079071233247));
#102670=CARTESIAN_POINT('',(18.5235215377934,-7.59059120011021,
10.4543621979282));
#102680=CARTESIAN_POINT('',(18.5152487840608,-7.59390030161163,
10.4260498445334));
#102690=CARTESIAN_POINT('',(18.5065471569532,-7.5973809524547,
10.3820880848311));
#102700=CARTESIAN_POINT('',(18.504264452987,-7.59829403402513,
10.3669435560754));
#102710=CARTESIAN_POINT('',(18.5023567379922,-7.59905712002304,
10.3485944983942));
#102720=CARTESIAN_POINT('',(18.5020625020776,-7.5991748143889,
10.345480566322));
#102730=CARTESIAN_POINT('',(18.5005998818956,-7.59975986246172,
10.3282794816952));
#102740=CARTESIAN_POINT('',(18.4999995380496,-7.60000001266166,
10.3141434450534));
#102750=CARTESIAN_POINT('',(18.4999995380496,-7.59999999840838,10.3));
#102760=B_SPLINE_CURVE_WITH_KNOTS('',3,(#102480,#102490,#102500,#102510,
#102520,#102530,#102540,#102550,#102560,#102570,#102580,#102590,#102600,
#102610,#102620,#102630,#102640,#102650,#102660,#102670,#102680,#102690,
#102700,#102710,#102720,#102730,#102740,#102750),.UNSPECIFIED.,.F.,.F.,(
4,2,2,2,2,2,2,2,2,2,2,2,2,4),(0.,0.0664420135970128,0.133250678968547,
0.18974720153433,0.247010242696557,0.305253781506693,0.36480794141486,
0.452400141262852,0.544071057878883,0.629428686131319,0.718252776913822,
0.764240636602711,0.773628810866945,0.816056017586277),.UNSPECIFIED.);
#102770=EDGE_CURVE('',#7100,#84510,#102760,.T.);
#102780=ORIENTED_EDGE('',*,*,#102770,.F.);
#102790=ORIENTED_EDGE('',*,*,#84600,.F.);
#102800=EDGE_LOOP('',(#102790,#102780,#102470,#102460));
#102810=FACE_OUTER_BOUND('',#102800,.T.);
#102820=ADVANCED_FACE('',(#102810),#102450,.T.);
#102830=CARTESIAN_POINT('',(6.82237562784471,-0.577624641180122,
1.62607343087511));
#102840=CARTESIAN_POINT('',(6.81714972642805,-0.574969617680529,
1.62352055557856));
#102850=CARTESIAN_POINT('',(6.80111104118088,-0.567244859531832,
1.61609106849587));
#102860=CARTESIAN_POINT('',(6.77314469821555,-0.555697136688934,
1.60496596967244));
#102870=CARTESIAN_POINT('',(6.74544479660281,-0.546899189091671,
1.59642392511506));
#102880=CARTESIAN_POINT('',(6.71926946384286,-0.541306998441271,
1.59092227129734));
#102890=CARTESIAN_POINT('',(6.69151506911077,-0.538641186886457,
1.58832662348281));
#102900=CARTESIAN_POINT('',(6.66492531847064,-0.537937175531222,
1.58779877508052));
#102910=CARTESIAN_POINT('',(6.6500002690248,-0.537867973529645,
1.58786797352964));
#102920=CARTESIAN_POINT('',(6.83523001743004,-0.564770251594792,
1.65160218384058));
#102930=CARTESIAN_POINT('',(6.8302367115197,-0.562050227932088,
1.6487898451107));
#102940=CARTESIAN_POINT('',(6.81431694001815,-0.55355752086479,
1.64053333382829));
#102950=CARTESIAN_POINT('',(6.78376594676487,-0.538318692089497,
1.62797753623278));
#102960=CARTESIAN_POINT('',(6.75078101063398,-0.524169158580086,
1.61894241837848));
#102970=CARTESIAN_POINT('',(6.72223397179909,-0.515088346947846,
1.61521911538481));
#102980=CARTESIAN_POINT('',(6.6924965259995,-0.511112500793832,
1.61516681822524));
#102990=CARTESIAN_POINT('',(6.6647622114243,-0.510148548471953,
1.6155692848619));
#103000=CARTESIAN_POINT('',(6.65000026902473,-0.510099940505159,
1.6156360065541));
#103010=CARTESIAN_POINT('',(6.84629883299882,-0.553701436026034,
1.68024449800605));
#103020=CARTESIAN_POINT('',(6.8412302752333,-0.55033246579085,
1.67789084164881));
#103030=CARTESIAN_POINT('',(6.82491249640832,-0.539851636697722,
1.67084412362103));
#103040=CARTESIAN_POINT('',(6.79278684831724,-0.521190777960228,
1.65954462631193));
#103050=CARTESIAN_POINT('',(6.75685781280228,-0.503944753567136,
1.65088366700866));
#103060=CARTESIAN_POINT('',(6.72532281678571,-0.492830498486792,
1.64728947123063));
#103070=CARTESIAN_POINT('',(6.69310845747708,-0.487896087365416,
1.64730862000613));
#103080=CARTESIAN_POINT('',(6.66459910437797,-0.48671927777364,
1.64771122245284));
#103090=CARTESIAN_POINT('',(6.65000026902468,-0.486693680168848,
1.64776581226675));
#103100=CARTESIAN_POINT('',(6.85464282753154,-0.545357441493316,
1.7073584952766));
#103110=CARTESIAN_POINT('',(6.849320681456,-0.541052898273821,
1.70584854053833));
#103120=CARTESIAN_POINT('',(6.83234397263355,-0.528041073649545,
1.70122435265711));
#103130=CARTESIAN_POINT('',(6.79948101150441,-0.506418578886114,
1.69335597773239));
#103140=CARTESIAN_POINT('',(6.76244653115178,-0.487666400627566,
1.68679777452972));
#103150=CARTESIAN_POINT('',(6.72800730383559,-0.475519326914121,
1.68366733381185));
#103160=CARTESIAN_POINT('',(6.69338605761356,-0.469876178804149,
1.68323018509417));
#103170=CARTESIAN_POINT('',(6.66444578375461,-0.468513417536046,
1.68336653108198));
#103180=CARTESIAN_POINT('',(6.65000026902481,-0.468505709652965,
1.68340087353537));
#103190=CARTESIAN_POINT('',(6.85986934918269,-0.540130919842162,
1.7327615105727));
#103200=CARTESIAN_POINT('',(6.85424478924894,-0.534901497224058,
1.73214715014006));
#103210=CARTESIAN_POINT('',(6.83659110786579,-0.519500544292138,
1.73022109201458));
#103220=CARTESIAN_POINT('',(6.80357462576216,-0.495614086858299,
1.7267494656197));
#103230=CARTESIAN_POINT('',(6.76662458702394,-0.476364997522826,
1.72362277328596));
#103240=CARTESIAN_POINT('',(6.72990741186886,-0.463822159550996,
1.72192166625809));
#103250=CARTESIAN_POINT('',(6.69339950257015,-0.457686377725026,
1.72147236236437));
#103260=CARTESIAN_POINT('',(6.6643120359771,-0.456168407495643,
1.72144755252573));
#103270=CARTESIAN_POINT('',(6.65000026902525,-0.456168415190495,
1.72146054232849));
#103280=CARTESIAN_POINT('',(6.86213234128068,-0.53786792774415,
1.76073009183013));
#103290=CARTESIAN_POINT('',(6.85628605284721,-0.532021639310678,
1.76073009183013));
#103300=CARTESIAN_POINT('',(6.83816711816673,-0.51506284339033,
1.76073009183013));
#103310=CARTESIAN_POINT('',(6.80524646133007,-0.489876444954602,
1.76073009183013));
#103320=CARTESIAN_POINT('',(6.76877549505708,-0.470612549704118,
1.76073009183012));
#103330=CARTESIAN_POINT('',(6.73079179369208,-0.458008662785672,
1.76073009183013));
#103340=CARTESIAN_POINT('',(6.69325395059793,-0.451613519026637,
1.76073009183013));
#103350=CARTESIAN_POINT('',(6.66420764746706,-0.45,1.76073009183013));
#103360=CARTESIAN_POINT('',(6.65000026902482,-0.45,1.76073009183013));
#103370=CARTESIAN_POINT('',(6.86213234232792,-0.537867926696914,1.8));
#103380=CARTESIAN_POINT('',(6.85627452165985,-0.532010106028849,1.8));
#103390=CARTESIAN_POINT('',(6.83811869648794,-0.515019007192378,
1.80000000000001));
#103400=CARTESIAN_POINT('',(6.80512786925221,-0.489793022192996,1.8));
#103410=CARTESIAN_POINT('',(6.76858886318799,-0.470524512325731,
1.79999999999999));
#103420=CARTESIAN_POINT('',(6.73057777600087,-0.457953583063722,1.8));
#103430=CARTESIAN_POINT('',(6.69308954204147,-0.45159872189552,
1.80000000000001));
#103440=CARTESIAN_POINT('',(6.66414240464856,-0.45,1.8));
#103450=CARTESIAN_POINT('',(6.65000026902482,-0.45,1.8));
#103460=B_SPLINE_SURFACE_WITH_KNOTS('',6,6,((#102830,#102920,#103010,
#103100,#103190,#103280,#103370),(#102840,#102930,#103020,#103110,
#103200,#103290,#103380),(#102850,#102940,#103030,#103120,#103210,
#103300,#103390),(#102860,#102950,#103040,#103130,#103220,#103310,
#103400),(#102870,#102960,#103050,#103140,#103230,#103320,#103410),(
#102880,#102970,#103060,#103150,#103240,#103330,#103420),(#102890,
#102980,#103070,#103160,#103250,#103340,#103430),(#102900,#102990,
#103080,#103170,#103260,#103350,#103440),(#102910,#103000,#103090,
#103180,#103270,#103360,#103450)),.UNSPECIFIED.,.F.,.F.,.F.,(7,1,1,7),(7
,7),(0.,0.2,0.6,1.),(0.,1.),.UNSPECIFIED.);
#103470=CARTESIAN_POINT('',(6.82237562784471,-0.577624641180122,
1.62607343087511));
#103480=CARTESIAN_POINT('',(6.79624612076141,-0.564349523682157,
1.61330905439237));
#103490=CARTESIAN_POINT('',(6.76710843870153,-0.553077009101541,
1.60245416796752));
#103500=CARTESIAN_POINT('',(6.73971011582531,-0.544851366781507,
1.59443948504226));
#103510=CARTESIAN_POINT('',(6.71443692796791,-0.539981506512782,
1.5896039978482));
#103520=CARTESIAN_POINT('',(6.6873128926394,-0.538040978533588,
1.58769497740685));
#103530=CARTESIAN_POINT('',(6.6500002690248,-0.537867973529645,
1.58786797352964));
#103540=B_SPLINE_CURVE_WITH_KNOTS('',6,(#103470,#103480,#103490,#103500,
#103510,#103520,#103530),.UNSPECIFIED.,.F.,.F.,(7,7),(0.,1.),
.UNSPECIFIED.);
#103550=CARTESIAN_POINT('',(6.82237562784471,-0.577624641180122,
1.62607343087511));
#103560=VERTEX_POINT('',#103550);
#103570=EDGE_CURVE('',#103560,#94800,#103540,.T.);
#103580=ORIENTED_EDGE('',*,*,#103570,.T.);
#103590=CARTESIAN_POINT('',(6.82237562784471,-0.577624641180122,
1.62607343087511));
#103600=CARTESIAN_POINT('',(6.83523001743004,-0.564770251594792,
1.65160218384058));
#103610=CARTESIAN_POINT('',(6.84629883299882,-0.553701436026034,
1.68024449800605));
#103620=CARTESIAN_POINT('',(6.85464282753154,-0.545357441493316,
1.7073584952766));
#103630=CARTESIAN_POINT('',(6.85986934918269,-0.540130919842162,
1.7327615105727));
#103640=CARTESIAN_POINT('',(6.86213234128068,-0.53786792774415,
1.76073009183013));
#103650=CARTESIAN_POINT('',(6.86213234232792,-0.537867926696914,1.8));
#103660=B_SPLINE_CURVE_WITH_KNOTS('',6,(#103590,#103600,#103610,#103620,
#103630,#103640,#103650),.UNSPECIFIED.,.F.,.F.,(7,7),(0.,1.),
.UNSPECIFIED.);
#103670=EDGE_CURVE('',#103560,#93710,#103660,.T.);
#103680=ORIENTED_EDGE('',*,*,#103670,.F.);
#103690=ORIENTED_EDGE('',*,*,#93720,.T.);
#103700=ORIENTED_EDGE('',*,*,#94830,.T.);
#103710=EDGE_LOOP('',(#103700,#103690,#103680,#103580));
#103720=FACE_OUTER_BOUND('',#103710,.T.);
#103730=ADVANCED_FACE('',(#103720),#103460,.T.);
#103740=CARTESIAN_POINT('',(16.4500002706164,-0.45,10.3));
#103750=CARTESIAN_POINT('',(16.4500002706164,-0.45,10.2858578643012));
#103760=CARTESIAN_POINT('',(16.4500002690248,-0.45,10.2717157286025));
#103770=CARTESIAN_POINT('',(16.4500002690248,-0.45,10.0952573952692));
#103780=CARTESIAN_POINT('',(16.4500002690248,-0.45,9.93294119763457));
#103790=CARTESIAN_POINT('',(16.4500002690248,-0.45,9.73533333333333));
#103800=CARTESIAN_POINT('',(16.4500002690248,-0.45,9.70004166666667));
#103810=CARTESIAN_POINT('',(16.4500002690248,-0.45,9.62945833333333));
#103820=CARTESIAN_POINT('',(16.4500002690248,-0.45,9.59416666666666));
#103830=CARTESIAN_POINT('',(16.4500002690248,-0.45,9.52358333333333));
#103840=CARTESIAN_POINT('',(16.4500002690248,-0.45,9.48829166666667));
#103850=CARTESIAN_POINT('',(16.4500002690248,-0.45,9.347125));
#103860=CARTESIAN_POINT('',(16.4500002690248,-0.45,9.135375));
#103870=CARTESIAN_POINT('',(16.4500002690248,-0.45,8.923625));
#103880=CARTESIAN_POINT('',(16.4500002690248,-0.45,8.606));
#103890=CARTESIAN_POINT('',(16.4500002690248,-0.45,8.39425));
#103900=CARTESIAN_POINT('',(16.4500002690248,-0.45,7.85605208333334));
#103910=CARTESIAN_POINT('',(16.4500002690248,-0.45,7.52960416666667));
#103920=CARTESIAN_POINT('',(16.4500002690248,-0.45,6.87670833333334));
#103930=CARTESIAN_POINT('',(16.4500002690248,-0.45,6.55026041666667));
#103940=CARTESIAN_POINT('',(16.4500002690248,-0.45,6.20616666666667));
#103950=CARTESIAN_POINT('',(16.4500002690248,-0.45,6.18852083333334));
#103960=CARTESIAN_POINT('',(16.4500002690248,-0.45,6.15322916666667));
#103970=CARTESIAN_POINT('',(16.4500002690248,-0.45,6.13558333333334));
#103980=CARTESIAN_POINT('',(16.4500002690248,-0.45,6.1144338022904));
#103990=CARTESIAN_POINT('',(16.4500002690248,-0.45,6.1109301045808));
#104000=CARTESIAN_POINT('',(16.4500002690248,-0.45,6.09328427124746));
#104010=CARTESIAN_POINT('',(16.4500002690248,-0.45,6.07914213562373));
#104020=CARTESIAN_POINT('',(16.4500002690248,-0.45,6.05085786437627));
#104030=CARTESIAN_POINT('',(16.4500002690248,-0.45,6.03671572875254));
#104040=CARTESIAN_POINT('',(16.4500002690248,-0.45,6.00906989541921));
#104050=CARTESIAN_POINT('',(16.4500002690248,-0.45,5.9955661977096));
#104060=CARTESIAN_POINT('',(16.4500002690248,-0.45,5.96441666666667));
#104070=CARTESIAN_POINT('',(16.4500002690248,-0.45,5.94677083333333));
#104080=CARTESIAN_POINT('',(16.4500002690248,-0.45,5.91147916666667));
#104090=CARTESIAN_POINT('',(16.4500002690248,-0.45,5.89383333333333));
#104100=CARTESIAN_POINT('',(16.4500002690248,-0.45,5.55223958333333));
#104110=CARTESIAN_POINT('',(16.4500002690248,-0.45,5.22829166666666));
#104120=CARTESIAN_POINT('',(16.4500002690248,-0.45,4.58039583333333));
#104130=CARTESIAN_POINT('',(16.4500002690248,-0.45,4.25644791666666));
#104140=CARTESIAN_POINT('',(16.4500002690248,-0.45,3.71824999999999));
#104150=CARTESIAN_POINT('',(16.4500002690248,-0.45,3.50399999999999));
#104160=CARTESIAN_POINT('',(16.4500002690248,-0.45,3.182625));
#104170=CARTESIAN_POINT('',(16.4500002690248,-0.45,2.968375));
#104180=CARTESIAN_POINT('',(16.4500002690248,-0.45,2.754125));
#104190=CARTESIAN_POINT('',(16.4500002690248,-0.45,2.61170833333333));
#104200=CARTESIAN_POINT('',(16.4500002690248,-0.45,2.57641666666667));
#104210=CARTESIAN_POINT('',(16.4500002690248,-0.45,2.50583333333333));
#104220=CARTESIAN_POINT('',(16.4500002690248,-0.45,2.47054166666667));
#104230=CARTESIAN_POINT('',(16.4500002690248,-0.45,2.39995833333333));
#104240=CARTESIAN_POINT('',(16.4500002690248,-0.45,2.36466666666667));
#104250=CARTESIAN_POINT('',(16.4500002690248,-0.45,0.731245285954793));
#104260=CARTESIAN_POINT('',(16.4500002690248,-0.45,-0.866884428090416));
#104270=CARTESIAN_POINT('',(16.4500002690248,-0.45,-2.46501414213562));
#104280=CARTESIAN_POINT('',(16.274264338522,-0.45,10.3000103411866));
#104290=CARTESIAN_POINT('',(16.2742643384071,-0.45,10.2858642026378));
#104300=CARTESIAN_POINT('',(16.2742643377289,-0.45,10.2717156499352));
#104310=CARTESIAN_POINT('',(16.2742643377308,-0.45,10.095257336277));
#104320=CARTESIAN_POINT('',(16.2742643377322,-0.45,9.93294115249178));
#104330=CARTESIAN_POINT('',(16.2742643377335,-0.45,9.73533330109242));
#104340=CARTESIAN_POINT('',(16.2742643377337,-0.45,9.700041636576));
#104350=CARTESIAN_POINT('',(16.2742643377341,-0.45,9.62945830725624));
#104360=CARTESIAN_POINT('',(16.2742643377343,-0.45,9.59416664245291));
#104370=CARTESIAN_POINT('',(16.2742643377347,-0.45,9.52358331257986));
#104380=CARTESIAN_POINT('',(16.2742643377348,-0.45,9.48829164751016));
#104390=CARTESIAN_POINT('',(16.2742643377354,-0.45,9.3471249867398));
#104400=CARTESIAN_POINT('',(16.2742643377359,-0.449999999999996,
9.13537499337224));
#104410=CARTESIAN_POINT('',(16.2742643377352,-0.449999999999999,
8.92362499668619));
#104420=CARTESIAN_POINT('',(16.2742643377347,-0.450000000000002,
8.60600000000011));
#104430=CARTESIAN_POINT('',(16.274264337735,-0.450000000000001,
8.39425000000004));
#104440=CARTESIAN_POINT('',(16.2742643377354,-0.449999999999999,
7.85605208333329));
#104450=CARTESIAN_POINT('',(16.2742643377354,-0.45,7.52960416666667));
#104460=CARTESIAN_POINT('',(16.2742643377355,-0.45,6.87670833333334));
#104470=CARTESIAN_POINT('',(16.2742643377357,-0.449999999999999,
6.55026041666664));
#104480=CARTESIAN_POINT('',(16.2742643377358,-0.45,6.20616666666667));
#104490=CARTESIAN_POINT('',(16.2742643377358,-0.45,6.18852083333334));
#104500=CARTESIAN_POINT('',(16.2742643377358,-0.45,6.15322916666667));
#104510=CARTESIAN_POINT('',(16.2742643377358,-0.45,6.13558333333333));
#104520=CARTESIAN_POINT('',(16.2742643377358,-0.45,6.1144338022904));
#104530=CARTESIAN_POINT('',(16.2742643377358,-0.45,6.1109301045808));
#104540=CARTESIAN_POINT('',(16.2742643377358,-0.45,6.09328427124747));
#104550=CARTESIAN_POINT('',(16.2742643377359,-0.45,6.07914213562373));
#104560=CARTESIAN_POINT('',(16.2742643377359,-0.45,6.05085786437627));
#104570=CARTESIAN_POINT('',(16.2742643377359,-0.45,6.03671572875254));
#104580=CARTESIAN_POINT('',(16.2742643377359,-0.45,6.00906989541921));
#104590=CARTESIAN_POINT('',(16.2742643377359,-0.45,5.99556619770961));
#104600=CARTESIAN_POINT('',(16.2742643377359,-0.45,5.96441666666667));
#104610=CARTESIAN_POINT('',(16.2742643377359,-0.45,5.94677083333333));
#104620=CARTESIAN_POINT('',(16.2742643377359,-0.45,5.91147916666667));
#104630=CARTESIAN_POINT('',(16.2742643377359,-0.45,5.89383333333333));
#104640=CARTESIAN_POINT('',(16.274264337736,-0.450000000000001,
5.55223958333333));
#104650=CARTESIAN_POINT('',(16.2742643377362,-0.450000000000001,
5.22829166666667));
#104660=CARTESIAN_POINT('',(16.2742643377364,-0.450000000000001,
4.58039583333333));
#104670=CARTESIAN_POINT('',(16.2742643377365,-0.450000000000001,
4.25644791666665));
#104680=CARTESIAN_POINT('',(16.2742643377366,-0.450000000000001,
3.71824999999999));
#104690=CARTESIAN_POINT('',(16.2742643377367,-0.450000000000001,3.504));
#104700=CARTESIAN_POINT('',(16.2742643377367,-0.450000000000001,
3.18262499999999));
#104710=CARTESIAN_POINT('',(16.2742643377368,-0.450000000000001,
2.96837499999998));
#104720=CARTESIAN_POINT('',(16.2742643377367,-0.45,2.754125));
#104730=CARTESIAN_POINT('',(16.2742643377367,-0.45,2.61170833333333));
#104740=CARTESIAN_POINT('',(16.2742643377367,-0.45,2.57641666666667));
#104750=CARTESIAN_POINT('',(16.2742643377367,-0.45,2.50583333333333));
#104760=CARTESIAN_POINT('',(16.2742643377367,-0.45,2.47054166666667));
#104770=CARTESIAN_POINT('',(16.2742643377367,-0.45,2.39995833333333));
#104780=CARTESIAN_POINT('',(16.2742643377367,-0.45,2.36466666666667));
#104790=CARTESIAN_POINT('',(16.2742643377367,-0.45,0.731245285954793));
#104800=CARTESIAN_POINT('',(16.2742643377367,-0.45,-0.866884428090416));
#104810=CARTESIAN_POINT('',(16.2742643377367,-0.45,-2.46501414213562));
#104820=CARTESIAN_POINT('',(16.1500002690248,-0.574264069497216,
10.3000103411866));
#104830=CARTESIAN_POINT('',(16.1500002690248,-0.57426406938227,
10.2858642026378));
#104840=CARTESIAN_POINT('',(16.1500002690248,-0.574264068704065,
10.2717156499352));
#104850=CARTESIAN_POINT('',(16.1500002690248,-0.574264068706031,
10.095257336277));
#104860=CARTESIAN_POINT('',(16.1500002690248,-0.574264068707415,
9.93294115249179));
#104870=CARTESIAN_POINT('',(16.1500002690248,-0.574264068708705,
9.73533330109242));
#104880=CARTESIAN_POINT('',(16.1500002690248,-0.574264068708919,
9.700041636576));
#104890=CARTESIAN_POINT('',(16.1500002690248,-0.574264068709321,
9.62945830725624));
#104900=CARTESIAN_POINT('',(16.1500002690248,-0.574264068709507,
9.59416664245291));
#104910=CARTESIAN_POINT('',(16.1500002690248,-0.574264068709853,
9.52358331257987));
#104920=CARTESIAN_POINT('',(16.1500002690248,-0.574264068710013,
9.48829164751016));
#104930=CARTESIAN_POINT('',(16.1500002690248,-0.574264068710602,
9.34712498673981));
#104940=CARTESIAN_POINT('',(16.1500002690247,-0.574264068711262,
9.13537499337233));
#104950=CARTESIAN_POINT('',(16.1500002690248,-0.574264068710422,
8.92362499668621));
#104960=CARTESIAN_POINT('',(16.1500002690249,-0.574264068709761,
8.60600000000007));
#104970=CARTESIAN_POINT('',(16.1500002690249,-0.574264068710121,
8.39425000000003));
#104980=CARTESIAN_POINT('',(16.1500002690248,-0.57426406871063,
7.85605208333331));
#104990=CARTESIAN_POINT('',(16.1500002690248,-0.574264068710558,
7.52960416666667));
#105000=CARTESIAN_POINT('',(16.1500002690248,-0.57426406871067,
6.87670833333334));
#105010=CARTESIAN_POINT('',(16.1500002690248,-0.574264068710854,
6.55026041666664));
#105020=CARTESIAN_POINT('',(16.1500002690248,-0.574264068710984,
6.20616666666667));
#105030=CARTESIAN_POINT('',(16.1500002690248,-0.57426406871099,
6.18852083333334));
#105040=CARTESIAN_POINT('',(16.1500002690248,-0.574264068711004,
6.15322916666667));
#105050=CARTESIAN_POINT('',(16.1500002690248,-0.574264068711012,
6.13558333333333));
#105060=CARTESIAN_POINT('',(16.1500002690248,-0.57426406871102,
6.1144338022904));
#105070=CARTESIAN_POINT('',(16.1500002690248,-0.574264068711022,
6.1109301045808));
#105080=CARTESIAN_POINT('',(16.1500002690248,-0.574264068711029,
6.09328427124747));
#105090=CARTESIAN_POINT('',(16.1500002690248,-0.574264068711034,
6.07914213562373));
#105100=CARTESIAN_POINT('',(16.1500002690248,-0.574264068711045,
6.05085786437627));
#105110=CARTESIAN_POINT('',(16.1500002690248,-0.574264068711052,
6.03671572875254));
#105120=CARTESIAN_POINT('',(16.1500002690248,-0.574264068711062,
6.00906989541921));
#105130=CARTESIAN_POINT('',(16.1500002690248,-0.574264068711065,
5.9955661977096));
#105140=CARTESIAN_POINT('',(16.1500002690248,-0.574264068711076,
5.96441666666667));
#105150=CARTESIAN_POINT('',(16.1500002690248,-0.574264068711084,
5.94677083333333));
#105160=CARTESIAN_POINT('',(16.1500002690248,-0.574264068711099,
5.91147916666667));
#105170=CARTESIAN_POINT('',(16.1500002690248,-0.574264068711106,
5.89383333333333));
#105180=CARTESIAN_POINT('',(16.1500002690248,-0.574264068711233,
5.55223958333333));
#105190=CARTESIAN_POINT('',(16.1500002690248,-0.574264068711361,
5.22829166666667));
#105200=CARTESIAN_POINT('',(16.1500002690248,-0.574264068711588,
4.58039583333332));
#105210=CARTESIAN_POINT('',(16.1500002690248,-0.574264068711687,
4.25644791666665));
#105220=CARTESIAN_POINT('',(16.1500002690248,-0.574264068711814,
3.71824999999999));
#105230=CARTESIAN_POINT('',(16.1500002690249,-0.574264068711855,3.504));
#105240=CARTESIAN_POINT('',(16.1500002690248,-0.5742640687119,
3.18262499999999));
#105250=CARTESIAN_POINT('',(16.1500002690247,-0.574264068711926,
2.96837499999998));
#105260=CARTESIAN_POINT('',(16.1500002690248,-0.574264068711928,2.754125
));
#105270=CARTESIAN_POINT('',(16.1500002690248,-0.574264068711929,
2.61170833333333));
#105280=CARTESIAN_POINT('',(16.1500002690248,-0.574264068711929,
2.57641666666667));
#105290=CARTESIAN_POINT('',(16.1500002690248,-0.574264068711929,
2.50583333333333));
#105300=CARTESIAN_POINT('',(16.1500002690248,-0.574264068711929,
2.47054166666667));
#105310=CARTESIAN_POINT('',(16.1500002690248,-0.574264068711929,
2.39995833333333));
#105320=CARTESIAN_POINT('',(16.1500002690248,-0.574264068711929,
2.36466666666667));
#105330=CARTESIAN_POINT('',(16.1500002690248,-0.574264068711928,
0.731245285954793));
#105340=CARTESIAN_POINT('',(16.1500002690248,-0.574264068711928,
-0.866884428090416));
#105350=CARTESIAN_POINT('',(16.1500002690248,-0.574264068711928,
-2.46501414213562));
#105360=CARTESIAN_POINT('',(16.1500002690248,-0.750000001591593,10.3));
#105370=CARTESIAN_POINT('',(16.1500002690248,-0.750000001591593,
10.2858578643012));
#105380=CARTESIAN_POINT('',(16.1500002690248,-0.75,10.2717157286025));
#105390=CARTESIAN_POINT('',(16.1500002690248,-0.75,10.0952573952692));
#105400=CARTESIAN_POINT('',(16.1500002690248,-0.75,9.93294119763458));
#105410=CARTESIAN_POINT('',(16.1500002690248,-0.75,9.73533333333334));
#105420=CARTESIAN_POINT('',(16.1500002690248,-0.75,9.70004166666667));
#105430=CARTESIAN_POINT('',(16.1500002690248,-0.75,9.62945833333334));
#105440=CARTESIAN_POINT('',(16.1500002690248,-0.75,9.59416666666667));
#105450=CARTESIAN_POINT('',(16.1500002690248,-0.75,9.52358333333333));
#105460=CARTESIAN_POINT('',(16.1500002690248,-0.75,9.48829166666667));
#105470=CARTESIAN_POINT('',(16.1500002690248,-0.75,9.347125));
#105480=CARTESIAN_POINT('',(16.1500002690248,-0.75,9.135375));
#105490=CARTESIAN_POINT('',(16.1500002690248,-0.75,8.923625));
#105500=CARTESIAN_POINT('',(16.1500002690248,-0.75,8.606));
#105510=CARTESIAN_POINT('',(16.1500002690248,-0.75,8.39425));
#105520=CARTESIAN_POINT('',(16.1500002690248,-0.75,7.85605208333334));
#105530=CARTESIAN_POINT('',(16.1500002690248,-0.75,7.52960416666667));
#105540=CARTESIAN_POINT('',(16.1500002690248,-0.75,6.87670833333334));
#105550=CARTESIAN_POINT('',(16.1500002690248,-0.75,6.55026041666667));
#105560=CARTESIAN_POINT('',(16.1500002690248,-0.75,6.20616666666667));
#105570=CARTESIAN_POINT('',(16.1500002690248,-0.75,6.18852083333334));
#105580=CARTESIAN_POINT('',(16.1500002690248,-0.75,6.15322916666667));
#105590=CARTESIAN_POINT('',(16.1500002690248,-0.75,6.13558333333334));
#105600=CARTESIAN_POINT('',(16.1500002690248,-0.75,6.1144338022904));
#105610=CARTESIAN_POINT('',(16.1500002690248,-0.75,6.1109301045808));
#105620=CARTESIAN_POINT('',(16.1500002690248,-0.75,6.09328427124746));
#105630=CARTESIAN_POINT('',(16.1500002690248,-0.75,6.07914213562373));
#105640=CARTESIAN_POINT('',(16.1500002690248,-0.75,6.05085786437627));
#105650=CARTESIAN_POINT('',(16.1500002690248,-0.75,6.03671572875254));
#105660=CARTESIAN_POINT('',(16.1500002690248,-0.75,6.00906989541921));
#105670=CARTESIAN_POINT('',(16.1500002690248,-0.75,5.9955661977096));
#105680=CARTESIAN_POINT('',(16.1500002690248,-0.75,5.96441666666667));
#105690=CARTESIAN_POINT('',(16.1500002690248,-0.75,5.94677083333333));
#105700=CARTESIAN_POINT('',(16.1500002690248,-0.75,5.91147916666667));
#105710=CARTESIAN_POINT('',(16.1500002690248,-0.75,5.89383333333333));
#105720=CARTESIAN_POINT('',(16.1500002690248,-0.75,5.55223958333333));
#105730=CARTESIAN_POINT('',(16.1500002690248,-0.75,5.22829166666666));
#105740=CARTESIAN_POINT('',(16.1500002690248,-0.75,4.58039583333333));
#105750=CARTESIAN_POINT('',(16.1500002690248,-0.75,4.25644791666666));
#105760=CARTESIAN_POINT('',(16.1500002690248,-0.749999999999999,
3.71824999999999));
#105770=CARTESIAN_POINT('',(16.1500002690248,-0.749999999999999,
3.50399999999999));
#105780=CARTESIAN_POINT('',(16.1500002690248,-0.75,3.182625));
#105790=CARTESIAN_POINT('',(16.1500002690248,-0.75,2.968375));
#105800=CARTESIAN_POINT('',(16.1500002690248,-0.75,2.754125));
#105810=CARTESIAN_POINT('',(16.1500002690248,-0.75,2.61170833333333));
#105820=CARTESIAN_POINT('',(16.1500002690248,-0.75,2.57641666666667));
#105830=CARTESIAN_POINT('',(16.1500002690248,-0.75,2.50583333333333));
#105840=CARTESIAN_POINT('',(16.1500002690248,-0.75,2.47054166666667));
#105850=CARTESIAN_POINT('',(16.1500002690248,-0.75,2.39995833333333));
#105860=CARTESIAN_POINT('',(16.1500002690248,-0.75,2.36466666666667));
#105870=CARTESIAN_POINT('',(16.1500002690248,-0.75,0.731245285954793));
#105880=CARTESIAN_POINT('',(16.1500002690248,-0.75,-0.866884428090416));
#105890=CARTESIAN_POINT('',(16.1500002690248,-0.75,-2.46501414213562));
#105900=(BOUNDED_SURFACE() B_SPLINE_SURFACE(3,3,((#103740,#104280,
#104820,#105360),(#103750,#104290,#104830,#105370),(#103760,#104300,
#104840,#105380),(#103770,#104310,#104850,#105390),(#103780,#104320,
#104860,#105400),(#103790,#104330,#104870,#105410),(#103800,#104340,
#104880,#105420),(#103810,#104350,#104890,#105430),(#103820,#104360,
#104900,#105440),(#103830,#104370,#104910,#105450),(#103840,#104380,
#104920,#105460),(#103850,#104390,#104930,#105470),(#103860,#104400,
#104940,#105480),(#103870,#104410,#104950,#105490),(#103880,#104420,
#104960,#105500),(#103890,#104430,#104970,#105510),(#103900,#104440,
#104980,#105520),(#103910,#104450,#104990,#105530),(#103920,#104460,
#105000,#105540),(#103930,#104470,#105010,#105550),(#103940,#104480,
#105020,#105560),(#103950,#104490,#105030,#105570),(#103960,#104500,
#105040,#105580),(#103970,#104510,#105050,#105590),(#103980,#104520,
#105060,#105600),(#103990,#104530,#105070,#105610),(#104000,#104540,
#105080,#105620),(#104010,#104550,#105090,#105630),(#104020,#104560,
#105100,#105640),(#104030,#104570,#105110,#105650),(#104040,#104580,
#105120,#105660),(#104050,#104590,#105130,#105670),(#104060,#104600,
#105140,#105680),(#104070,#104610,#105150,#105690),(#104080,#104620,
#105160,#105700),(#104090,#104630,#105170,#105710),(#104100,#104640,
#105180,#105720),(#104110,#104650,#105190,#105730),(#104120,#104660,
#105200,#105740),(#104130,#104670,#105210,#105750),(#104140,#104680,
#105220,#105760),(#104150,#104690,#105230,#105770),(#104160,#104700,
#105240,#105780),(#104170,#104710,#105250,#105790),(#104180,#104720,
#105260,#105800),(#104190,#104730,#105270,#105810),(#104200,#104740,
#105280,#105820),(#104210,#104750,#105290,#105830),(#104220,#104760,
#105300,#105840),(#104230,#104770,#105310,#105850),(#104240,#104780,
#105320,#105860),(#104250,#104790,#105330,#105870),(#104260,#104800,
#105340,#105880),(#104270,#104810,#105350,#105890)),.UNSPECIFIED.,.F.,
.F.,.F.) B_SPLINE_SURFACE_WITH_KNOTS((4,2,2,2,2,2,1,2,2,2,2,2,2,2,2,2,2,
2,2,2,2,2,1,2,2,2,2,4),(4,4),(0.,0.0424264070962757,0.529375,
0.635250000000001,0.741125000000002,0.847000000000001,1.164625,1.48225,
2.1175,3.09684375,4.07618750000001,4.129125,4.1820625,4.19257359312881,
4.235,4.2774264068712,4.3179375,4.37087500000001,4.42381250000001,
5.39565625000001,6.36750000000002,7.01025000000001,7.33162500000001,
7.65300000000001,7.75887500000001,7.86475,7.97062500000001,
12.7650141421356),(0.,1.),.UNSPECIFIED.) GEOMETRIC_REPRESENTATION_ITEM()
 RATIONAL_B_SPLINE_SURFACE(((1.,0.804737853308189,0.804737853308189,1.),
(1.,0.804737854052623,0.804737854052623,1.),(1.,0.804737854175263,
0.804737854175263,1.),(1.,0.804737854162538,0.804737854162538,1.),(1.,
0.80473785415358,0.80473785415358,1.),(1.,0.804737854145233,
0.804737854145233,1.),(1.,0.804737854143842,0.804737854143842,1.),(1.,
0.804737854141245,0.804737854141245,1.),(1.,0.804737854140039,
0.804737854140039,1.),(1.,0.8047378541378,0.8047378541378,1.),(1.,
0.804737854136766,0.804737854136766,1.),(1.,0.804737854132951,
0.804737854132951,1.),(1.,0.80473785412866,0.80473785412866,1.),(1.,
0.804737854134098,0.804737854134098,1.),(1.,0.804737854138374,
0.804737854138374,1.),(1.,0.804737854136051,0.804737854136051,1.),(1.,
0.804737854132778,0.804737854132778,1.),(1.,0.804737854133253,
0.804737854133253,1.),(1.,0.804737854132539,0.804737854132539,1.),(1.,
0.80473785413135,0.80473785413135,1.),(1.,0.804737854130481,
0.804737854130481,1.),(1.,0.804737854130438,0.804737854130438,1.),(1.,
0.804737854130353,0.804737854130353,1.),(1.,0.804737854130311,
0.804737854130311,1.),(1.,0.804737854130258,0.804737854130258,1.),(1.,
0.804737854130249,0.804737854130249,1.),(1.,0.804737854130205,
0.804737854130205,1.),(1.,0.804737854130171,0.804737854130171,1.),(1.,
0.804737854130099,0.804737854130099,1.),(1.,0.80473785413006,
0.80473785413006,1.),(1.,0.804737854129983,0.804737854129983,1.),(1.,
0.804737854129945,0.804737854129945,1.),(1.,0.804737854129866,
0.804737854129866,1.),(1.,0.804737854129826,0.804737854129826,1.),(1.,
0.804737854129741,0.804737854129741,1.),(1.,0.804737854129696,
0.804737854129696,1.),(1.,0.804737854128816,0.804737854128816,1.),(1.,
0.804737854128032,0.804737854128032,1.),(1.,0.804737854126589,
0.804737854126589,1.),(1.,0.804737854125931,0.804737854125931,1.),(1.,
0.804737854125117,0.804737854125117,1.),(1.,0.804737854124866,
0.804737854124866,1.),(1.,0.804737854124554,0.804737854124554,1.),(1.,
0.804737854124368,0.804737854124368,1.),(1.,0.804737854124365,
0.804737854124365,1.),(1.,0.804737854124365,0.804737854124365,1.),(1.,
0.804737854124365,0.804737854124365,1.),(1.,0.804737854124365,
0.804737854124365,1.),(1.,0.804737854124365,0.804737854124365,1.),(1.,
0.804737854124366,0.804737854124366,1.),(1.,0.804737854124365,
0.804737854124365,1.),(1.,0.804737854124365,0.804737854124365,1.),(1.,
0.804737854124365,0.804737854124365,1.),(1.,0.804737854124365,
0.804737854124365,1.))) REPRESENTATION_ITEM('') SURFACE());
#105910=ORIENTED_EDGE('',*,*,#12630,.T.);
#105920=ORIENTED_EDGE('',*,*,#96650,.F.);
#105930=ORIENTED_EDGE('',*,*,#86500,.F.);
#105940=ORIENTED_EDGE('',*,*,#97800,.F.);
#105950=ORIENTED_EDGE('',*,*,#69480,.F.);
#105960=EDGE_LOOP('',(#105950,#105940,#105930,#105920,#105910));
#105970=FACE_OUTER_BOUND('',#105960,.T.);
#105980=ADVANCED_FACE('',(#105970),#105900,.T.);
#105990=CARTESIAN_POINT('',(3.3,-0.95,0.));
#106000=DIRECTION('',(0.,0.,1.));
#106010=DIRECTION('',(1.,0.,0.));
#106020=AXIS2_PLACEMENT_3D('',#105990,#106000,#106010);
#106030=CYLINDRICAL_SURFACE('',#106020,0.5);
#106040=ORIENTED_EDGE('',*,*,#95300,.T.);
#106050=ORIENTED_EDGE('',*,*,#19380,.F.);
#106060=ORIENTED_EDGE('',*,*,#95050,.F.);
#106070=ORIENTED_EDGE('',*,*,#35890,.T.);
#106080=EDGE_LOOP('',(#106070,#106060,#106050,#106040));
#106090=FACE_OUTER_BOUND('',#106080,.T.);
#106100=ADVANCED_FACE('',(#106090),#106030,.T.);
#106110=CARTESIAN_POINT('',(6.45000026902482,-0.95,10.8));
#106120=CARTESIAN_POINT('',(6.45825927310164,-0.929443678689655,10.8));
#106130=CARTESIAN_POINT('',(6.46644867530244,-0.908878984305936,
10.7987314196658));
#106140=CARTESIAN_POINT('',(6.48284084085894,-0.867898570414702,
10.7936476620818));
#106150=CARTESIAN_POINT('',(6.49099800178668,-0.847505668095327,
10.7898226756347));
#106160=CARTESIAN_POINT('',(6.50586243029431,-0.810344596826258,
10.7804215114132));
#106170=CARTESIAN_POINT('',(6.51259010126496,-0.793525419402387,
10.7752123146346));
#106180=CARTESIAN_POINT('',(6.52591725188575,-0.760207542850419,
10.7629237073926));
#106190=CARTESIAN_POINT('',(6.53250523016913,-0.743737597139258,
10.7558277004333));
#106200=CARTESIAN_POINT('',(6.54549461951562,-0.71126412377304,
10.7397037765842));
#106210=CARTESIAN_POINT('',(6.55188201615944,-0.695295632177527,
10.7306558270158));
#106220=CARTESIAN_POINT('',(6.56441070136835,-0.663973919155255,
10.7105401985434));
#106230=CARTESIAN_POINT('',(6.57053387602407,-0.648665982537922,
10.6994465431029));
#106240=CARTESIAN_POINT('',(6.5850597217513,-0.61235136821986,
10.6698264311611));
#106250=CARTESIAN_POINT('',(6.59315409976784,-0.592115423142459,
10.6503088805699));
#106260=CARTESIAN_POINT('',(6.60836950524602,-0.554076909446993,
10.6067875584365));
#106270=CARTESIAN_POINT('',(6.6153969645639,-0.53650826115231,
10.5827028937002));
#106280=CARTESIAN_POINT('',(6.62728499577748,-0.506788183118353,
10.5331103175615));
#106290=CARTESIAN_POINT('',(6.63223873451587,-0.494403836291715,
10.507907123324));
#106300=CARTESIAN_POINT('',(6.64059146913508,-0.473521999743674,
10.4543621979278));
#106310=CARTESIAN_POINT('',(6.64390057063647,-0.465249246011127,
10.4260498445332));
#106320=CARTESIAN_POINT('',(6.64738122147948,-0.456547618903595,
10.3820880848316));
#106330=CARTESIAN_POINT('',(6.6482943030499,-0.454264914937465,
10.3669435560764));
#106340=CARTESIAN_POINT('',(6.64905738904783,-0.452357199942639,
10.3485944983952));
#106350=CARTESIAN_POINT('',(6.6491750834137,-0.452062964027959,
10.3454805663225));
#106360=CARTESIAN_POINT('',(6.64976013148654,-0.45060034384597,
10.3282794816952));
#106370=CARTESIAN_POINT('',(6.65000028168648,-0.45,10.3141434450534));
#106380=CARTESIAN_POINT('',(6.65000026743321,-0.45,10.3));
#106390=CARTESIAN_POINT('',(6.45000026902482,-0.95,10.8));
#106400=CARTESIAN_POINT('',(6.46238967538142,-0.933511487265362,
10.8000008734897));
#106410=CARTESIAN_POINT('',(6.47464116544042,-0.917134735854613,
10.7992462558463));
#106420=CARTESIAN_POINT('',(6.49945027847279,-0.884066992867193,
10.7961675341712));
#106430=CARTESIAN_POINT('',(6.51179395390178,-0.86758170367438,
10.7938577750413));
#106440=CARTESIAN_POINT('',(6.53470814244781,-0.83700513430823,
10.7880505661619));
#106450=CARTESIAN_POINT('',(6.54514472760895,-0.82305502667654,
10.7848195324054));
#106460=CARTESIAN_POINT('',(6.56627042245687,-0.794842110699545,
10.7770010697483));
#106470=CARTESIAN_POINT('',(6.57682371174504,-0.780719267336912,
10.7724478272467));
#106480=CARTESIAN_POINT('',(6.59822612780736,-0.75211159974367,
10.7617594927633));
#106490=CARTESIAN_POINT('',(6.60892410367235,-0.737782460426677,
10.755675808054));
#106500=CARTESIAN_POINT('',(6.63065503302016,-0.708720703363454,
10.7415983853863));
#106510=CARTESIAN_POINT('',(6.64145199579767,-0.694229891656489,
10.7337307405357));
#106520=CARTESIAN_POINT('',(6.66853443207905,-0.658082263544318,
10.7113746272672));
#106530=CARTESIAN_POINT('',(6.68414956258559,-0.637138186999267,
10.6962334619935));
#106540=CARTESIAN_POINT('',(6.7159407868755,-0.594767759477981,
10.6592081517716));
#106550=CARTESIAN_POINT('',(6.73170672987324,-0.57377993876429,
10.637423260837));
#106560=CARTESIAN_POINT('',(6.76030996338477,-0.535836815499074,
10.5885565445501));
#106570=CARTESIAN_POINT('',(6.77337523276624,-0.518616974602176,
10.5616488805814));
#106580=CARTESIAN_POINT('',(6.79641394821975,-0.488281980169308,
10.5009047860152));
#106590=CARTESIAN_POINT('',(6.80656709173855,-0.475046910986346,
10.4656619694594));
#106600=CARTESIAN_POINT('',(6.81723800257702,-0.461056490912051,
10.4099827536123));
#106610=CARTESIAN_POINT('',(6.82021993043559,-0.457188865474393,
10.3897503235193));
#106620=CARTESIAN_POINT('',(6.82266874917327,-0.453992380345023,
10.3654064026679));
#106630=CARTESIAN_POINT('',(6.82304856746944,-0.45349788107761,
10.3612547347546));
#106640=CARTESIAN_POINT('',(6.82492414017581,-0.451052418949676,
10.3383392342829));
#106650=CARTESIAN_POINT('',(6.82572569650021,-0.450011171271107,
10.319724794965));
#106660=CARTESIAN_POINT('',(6.82573619952759,-0.45,10.3000103411866));
#106670=CARTESIAN_POINT('',(6.45000026902482,-0.95,10.8));
#106680=CARTESIAN_POINT('',(6.46648878175946,-0.937610593643405,
10.8000008734897));
#106690=CARTESIAN_POINT('',(6.48286553317019,-0.925359103584392,
10.7992462558463));
#106700=CARTESIAN_POINT('',(6.51593327615762,-0.900549990552029,
10.7961675341712));
#106710=CARTESIAN_POINT('',(6.53241856535043,-0.88820631512303,
10.7938577750413));
#106720=CARTESIAN_POINT('',(6.56299513471659,-0.865292126577007,
10.7880505661619));
#106730=CARTESIAN_POINT('',(6.57694524234829,-0.854855541415883,
10.7848195324054));
#106740=CARTESIAN_POINT('',(6.6051581583253,-0.833729846567969,
10.7770010697483));
#106750=CARTESIAN_POINT('',(6.61928100168793,-0.823176557279804,
10.7724478272467));
#106760=CARTESIAN_POINT('',(6.64788866928118,-0.801774141217488,
10.7617594927633));
#106770=CARTESIAN_POINT('',(6.66221780859815,-0.79107616535247,
10.755675808054));
#106780=CARTESIAN_POINT('',(6.69127956566137,-0.769345236004667,
10.7415983853863));
#106790=CARTESIAN_POINT('',(6.70577037736834,-0.758548273227155,
10.7337307405357));
#106800=CARTESIAN_POINT('',(6.74191800548051,-0.731465836945774,
10.7113746272672));
#106810=CARTESIAN_POINT('',(6.76286208202556,-0.715850706439228,
10.6962334619935));
#106820=CARTESIAN_POINT('',(6.80523250954684,-0.684059482149325,
10.6592081517716));
#106830=CARTESIAN_POINT('',(6.82622033026053,-0.668293539151588,
10.637423260837));
#106840=CARTESIAN_POINT('',(6.86416345352575,-0.639690305640062,
10.5885565445501));
#106850=CARTESIAN_POINT('',(6.88138329442265,-0.626625036258578,
10.5616488805814));
#106860=CARTESIAN_POINT('',(6.91171828885552,-0.603586320805068,
10.5009047860152));
#106870=CARTESIAN_POINT('',(6.92495335803848,-0.593433177286272,
10.4656619694594));
#106880=CARTESIAN_POINT('',(6.93894377811277,-0.582762266447802,
10.4099827536123));
#106890=CARTESIAN_POINT('',(6.94281140355043,-0.579780338589236,
10.3897503235193));
#106900=CARTESIAN_POINT('',(6.9460078886798,-0.577331519851557,
10.3654064026679));
#106910=CARTESIAN_POINT('',(6.94650238794721,-0.576951701555375,
10.3612547347546));
#106920=CARTESIAN_POINT('',(6.94894785007515,-0.575076128849014,
10.3383392342829));
#106930=CARTESIAN_POINT('',(6.94998909775372,-0.574274572524614,
10.319724794965));
#106940=CARTESIAN_POINT('',(6.95000026902482,-0.574264069497228,
10.3000103411866));
#106950=CARTESIAN_POINT('',(6.45000026902482,-0.95,10.8));
#106960=CARTESIAN_POINT('',(6.47055659033516,-0.941740995923186,10.8));
#106970=CARTESIAN_POINT('',(6.49112128471887,-0.933551593722372,
10.7987314196658));
#106980=CARTESIAN_POINT('',(6.53210169861011,-0.917159428165883,
10.7936476620818));
#106990=CARTESIAN_POINT('',(6.55249460092948,-0.909002267238132,
10.7898226756347));
#107000=CARTESIAN_POINT('',(6.58965567219855,-0.894137838730503,
10.7804215114132));
#107010=CARTESIAN_POINT('',(6.60647484962245,-0.887410167759871,
10.7752123146346));
#107020=CARTESIAN_POINT('',(6.63979272617442,-0.874083017139078,
10.7629237073926));
#107030=CARTESIAN_POINT('',(6.65626267188559,-0.867495038855704,
10.7558277004333));
#107040=CARTESIAN_POINT('',(6.68873614525181,-0.854505649509216,
10.7397037765842));
#107050=CARTESIAN_POINT('',(6.7047046368473,-0.848118252865387,
10.7306558270158));
#107060=CARTESIAN_POINT('',(6.73602634986957,-0.83558956765648,
10.7105401985434));
#107070=CARTESIAN_POINT('',(6.7513342864869,-0.829466393000751,
10.6994465431028));
#107080=CARTESIAN_POINT('',(6.78764890080497,-0.814940547273526,
10.6698264311611));
#107090=CARTESIAN_POINT('',(6.80788484588236,-0.806846169256984,
10.6503088805699));
#107100=CARTESIAN_POINT('',(6.84592335957783,-0.791630763778798,
10.6067875584365));
#107110=CARTESIAN_POINT('',(6.86349200787252,-0.784603304460923,
10.5827028937002));
#107120=CARTESIAN_POINT('',(6.89321208590647,-0.77271527324734,
10.5331103175615));
#107130=CARTESIAN_POINT('',(6.90559643273311,-0.76776153450896,
10.507907123324));
#107140=CARTESIAN_POINT('',(6.92647826928115,-0.759408799889744,
10.4543621979278));
#107150=CARTESIAN_POINT('',(6.9347510230137,-0.756099698388352,
10.4260498445332));
#107160=CARTESIAN_POINT('',(6.94345265012123,-0.752619047545339,
10.3820880848316));
#107170=CARTESIAN_POINT('',(6.94573535408736,-0.751705965974927,
10.3669435560764));
#107180=CARTESIAN_POINT('',(6.94764306908218,-0.750942879976997,
10.3485944983951));
#107190=CARTESIAN_POINT('',(6.94793730499686,-0.75082518561112,
10.3454805663225));
#107200=CARTESIAN_POINT('',(6.94939992517885,-0.750240137538279,
10.3282794816952));
#107210=CARTESIAN_POINT('',(6.95000026902482,-0.749999987338337,
10.3141434450534));
#107220=CARTESIAN_POINT('',(6.95000026902482,-0.750000001591616,10.3));
#107230=(BOUNDED_SURFACE() B_SPLINE_SURFACE(3,3,((#106110,#106390,
#106670,#106950),(#106120,#106400,#106680,#106960),(#106130,#106410,
#106690,#106970),(#106140,#106420,#106700,#106980),(#106150,#106430,
#106710,#106990),(#106160,#106440,#106720,#107000),(#106170,#106450,
#106730,#107010),(#106180,#106460,#106740,#107020),(#106190,#106470,
#106750,#107030),(#106200,#106480,#106760,#107040),(#106210,#106490,
#106770,#107050),(#106220,#106500,#106780,#107060),(#106230,#106510,
#106790,#107070),(#106240,#106520,#106800,#107080),(#106250,#106530,
#106810,#107090),(#106260,#106540,#106820,#107100),(#106270,#106550,
#106830,#107110),(#106280,#106560,#106840,#107120),(#106290,#106570,
#106850,#107130),(#106300,#106580,#106860,#107140),(#106310,#106590,
#106870,#107150),(#106320,#106600,#106880,#107160),(#106330,#106610,
#106890,#107170),(#106340,#106620,#106900,#107180),(#106350,#106630,
#106910,#107190),(#106360,#106640,#106920,#107200),(#106370,#106650,
#106930,#107210),(#106380,#106660,#106940,#107220)),.UNSPECIFIED.,.F.,
.F.,.F.) B_SPLINE_SURFACE_WITH_KNOTS((4,2,2,2,2,2,2,2,2,2,2,2,2,4),(4,4)
,(0.,0.0664420135978254,0.133250678970181,0.189747201535868,
0.247010242697987,0.305253781508009,0.364807941416066,0.452400141264011,
0.544071057879994,0.629428686131898,0.718252776913825,0.764240636601269,
0.773628810866935,0.81605601758627),(0.,1.),.UNSPECIFIED.) 
GEOMETRIC_REPRESENTATION_ITEM() RATIONAL_B_SPLINE_SURFACE(((1.,1.,1.,1.)
,(1.,0.999985931618706,0.999985931618706,1.),(1.,0.999141840440834,
0.999141840440834,1.),(1.,0.995766065127918,0.995766065127918,1.),(1.,
0.993231202633082,0.993231202633082,1.),(1.,0.987065339520003,
0.987065339520003,1.),(1.,0.983665130154526,0.983665130154526,1.),(1.,
0.975736553589274,0.975736553589274,1.),(1.,0.971199660004035,
0.971199660004035,1.),(1.,0.961056106424189,0.961056106424189,1.),(1.,
0.955440327253094,0.955440327253094,1.),(1.,0.943217743528096,
0.943217743528096,1.),(1.,0.936612158046162,0.936612158046162,1.),(1.,
0.919464366985849,0.919464366985849,1.),(1.,0.908616291827622,
0.908616291827622,1.),(1.,0.886091859298153,0.886091859298153,1.),(1.,
0.874410491675176,0.874410491675176,1.),(1.,0.853077793001614,
0.853077793001614,1.),(1.,0.843345948603642,0.843345948603642,1.),(1.,
0.826188845913863,0.826188845913863,1.),(1.,0.818833427444009,
0.818833427444009,1.),(1.,0.810869814387968,0.810869814387968,1.),(1.,
0.808752520089527,0.808752520089527,1.),(1.,0.806950029191595,
0.806950029191595,1.),(1.,0.806677198433195,0.806677198433195,1.),(1.,
0.805325807676863,0.805325807676863,1.),(1.,0.804742812078972,
0.804742812078972,1.),(1.,0.804737853308191,0.804737853308191,1.))) 
REPRESENTATION_ITEM('') SURFACE());
#107240=ORIENTED_EDGE('',*,*,#93550,.T.);
#107250=CARTESIAN_POINT('',(6.45000026902482,-0.95,10.8));
#107260=CARTESIAN_POINT('',(6.47055659033516,-0.941740995923186,10.8));
#107270=CARTESIAN_POINT('',(6.49112128471887,-0.933551593722372,
10.7987314196658));
#107280=CARTESIAN_POINT('',(6.53210169861011,-0.917159428165883,
10.7936476620818));
#107290=CARTESIAN_POINT('',(6.55249460092948,-0.909002267238132,
10.7898226756347));
#107300=CARTESIAN_POINT('',(6.58965567219855,-0.894137838730503,
10.7804215114132));
#107310=CARTESIAN_POINT('',(6.60647484962245,-0.887410167759871,
10.7752123146346));
#107320=CARTESIAN_POINT('',(6.63979272617442,-0.874083017139078,
10.7629237073926));
#107330=CARTESIAN_POINT('',(6.65626267188559,-0.867495038855704,
10.7558277004333));
#107340=CARTESIAN_POINT('',(6.68873614525181,-0.854505649509216,
10.7397037765842));
#107350=CARTESIAN_POINT('',(6.7047046368473,-0.848118252865387,
10.7306558270158));
#107360=CARTESIAN_POINT('',(6.73602634986957,-0.83558956765648,
10.7105401985434));
#107370=CARTESIAN_POINT('',(6.7513342864869,-0.829466393000751,
10.6994465431028));
#107380=CARTESIAN_POINT('',(6.78764890080497,-0.814940547273526,
10.6698264311611));
#107390=CARTESIAN_POINT('',(6.80788484588236,-0.806846169256984,
10.6503088805699));
#107400=CARTESIAN_POINT('',(6.84592335957783,-0.791630763778798,
10.6067875584365));
#107410=CARTESIAN_POINT('',(6.86349200787252,-0.784603304460923,
10.5827028937002));
#107420=CARTESIAN_POINT('',(6.89321208590647,-0.77271527324734,
10.5331103175615));
#107430=CARTESIAN_POINT('',(6.90559643273311,-0.76776153450896,
10.507907123324));
#107440=CARTESIAN_POINT('',(6.92647826928115,-0.759408799889744,
10.4543621979278));
#107450=CARTESIAN_POINT('',(6.9347510230137,-0.756099698388352,
10.4260498445332));
#107460=CARTESIAN_POINT('',(6.94345265012123,-0.752619047545339,
10.3820880848316));
#107470=CARTESIAN_POINT('',(6.94573535408736,-0.751705965974927,
10.3669435560764));
#107480=CARTESIAN_POINT('',(6.94764306908218,-0.750942879976997,
10.3485944983951));
#107490=CARTESIAN_POINT('',(6.94793730499686,-0.75082518561112,
10.3454805663225));
#107500=CARTESIAN_POINT('',(6.94939992517885,-0.750240137538279,
10.3282794816952));
#107510=CARTESIAN_POINT('',(6.95000026902482,-0.749999987338337,
10.3141434450534));
#107520=CARTESIAN_POINT('',(6.95000026902482,-0.750000001591616,10.3));
#107530=B_SPLINE_CURVE_WITH_KNOTS('',3,(#107250,#107260,#107270,#107280,
#107290,#107300,#107310,#107320,#107330,#107340,#107350,#107360,#107370,
#107380,#107390,#107400,#107410,#107420,#107430,#107440,#107450,#107460,
#107470,#107480,#107490,#107500,#107510,#107520),.UNSPECIFIED.,.F.,.F.,(
4,2,2,2,2,2,2,2,2,2,2,2,2,4),(0.,0.0664420135978254,0.133250678970181,
0.189747201535868,0.247010242697987,0.305253781508009,0.364807941416066,
0.452400141264011,0.544071057879994,0.629428686131898,0.718252776913825,
0.764240636601269,0.773628810866935,0.81605601758627),.UNSPECIFIED.);
#107540=EDGE_CURVE('',#7520,#18870,#107530,.T.);
#107550=ORIENTED_EDGE('',*,*,#107540,.T.);
#107560=ORIENTED_EDGE('',*,*,#64600,.F.);
#107570=EDGE_LOOP('',(#107560,#107550,#107240));
#107580=FACE_OUTER_BOUND('',#107570,.T.);
#107590=ADVANCED_FACE('',(#107580),#107230,.F.);
#107600=CARTESIAN_POINT('',(6.65000026902482,0.,1.8));
#107610=DIRECTION('',(0.,-1.,0.));
#107620=DIRECTION('',(-1.,0.,0.));
#107630=AXIS2_PLACEMENT_3D('',#107600,#107610,#107620);
#107640=CYLINDRICAL_SURFACE('',#107630,0.3);
#107650=ORIENTED_EDGE('',*,*,#26480,.T.);
#107660=ORIENTED_EDGE('',*,*,#29470,.F.);
#107670=ORIENTED_EDGE('',*,*,#18980,.T.);
#107680=CARTESIAN_POINT('',(6.95000026902483,-0.75,1.8));
#107690=CARTESIAN_POINT('',(6.95000026902482,-0.75,1.76073009183013));
#107700=CARTESIAN_POINT('',(6.9376634386435,-0.749999999999935,
1.68219099282651));
#107710=CARTESIAN_POINT('',(6.90065109117591,-0.750000000000173,
1.60849141665842));
#107720=CARTESIAN_POINT('',(6.84150885236545,-0.749999999999805,
1.54934917784959));
#107730=CARTESIAN_POINT('',(6.76780927619883,-0.750000000000094,
1.51233683038113));
#107740=CARTESIAN_POINT('',(6.6892701771947,-0.75,1.5));
#107750=CARTESIAN_POINT('',(6.65000026902482,-0.75,1.5));
#107760=B_SPLINE_CURVE_WITH_KNOTS('',6,(#107680,#107690,#107700,#107710,
#107720,#107730,#107740,#107750),.UNSPECIFIED.,.F.,.F.,(7,1,7),(0.,0.5,
1.),.UNSPECIFIED.);
#107770=CARTESIAN_POINT('',(6.86213229549515,-0.749999999999998,
1.58786797352964));
#107780=VERTEX_POINT('',#107770);
#107790=EDGE_CURVE('',#18890,#107780,#107760,.T.);
#107800=ORIENTED_EDGE('',*,*,#107790,.F.);
#107810=EDGE_CURVE('',#107780,#26470,#107760,.T.);
#107820=ORIENTED_EDGE('',*,*,#107810,.F.);
#107830=EDGE_LOOP('',(#107820,#107800,#107670,#107660,#107650));
#107840=FACE_OUTER_BOUND('',#107830,.T.);
#107850=ADVANCED_FACE('',(#107840),#107640,.T.);
#107860=CARTESIAN_POINT('',(6.82237562784471,-0.577624641180122,
1.62607343087511));
#107870=CARTESIAN_POINT('',(6.83565074534266,-0.603754148263418,
1.61330905439237));
#107880=CARTESIAN_POINT('',(6.84692325992327,-0.632891830323303,
1.60245416796752));
#107890=CARTESIAN_POINT('',(6.85514890224329,-0.660290153199522,
1.59443948504225));
#107900=CARTESIAN_POINT('',(6.86001876251202,-0.685563341056912,
1.58960399784819));
#107910=CARTESIAN_POINT('',(6.86195929049121,-0.712687376385398,
1.58769497740685));
#107920=CARTESIAN_POINT('',(6.86213229549515,-0.749999999999998,
1.58786797352964));
#107930=CARTESIAN_POINT('',(6.79624612076141,-0.564349523682157,
1.61330905439237));
#107940=CARTESIAN_POINT('',(6.81086507320827,-0.58913519581655,
1.60025075336139));
#107950=CARTESIAN_POINT('',(6.82408930372935,-0.621655600129083,
1.58444040496189));
#107960=CARTESIAN_POINT('',(6.83308670889269,-0.656382166323784,
1.57042811915591));
#107970=CARTESIAN_POINT('',(6.83500707474396,-0.680647564124869,
1.56276071820686));
#107980=CARTESIAN_POINT('',(6.83413977237972,-0.712279608769708,
1.55992075249007));
#107990=CARTESIAN_POINT('',(6.83436426247062,-0.749999999999989,
1.56009994050514));
#108000=CARTESIAN_POINT('',(6.76710843870153,-0.553077009101541,
1.60245416796752));
#108010=CARTESIAN_POINT('',(6.77950424168487,-0.577942213469175,
1.58633387396163));
#108020=CARTESIAN_POINT('',(6.79192641759938,-0.611902836580856,
1.56708570321234));
#108030=CARTESIAN_POINT('',(6.80093531514699,-0.649971231396307,
1.54994370362502));
#108040=CARTESIAN_POINT('',(6.80277540658178,-0.676801225925564,
1.54032436961795));
#108050=CARTESIAN_POINT('',(6.80196452239812,-0.711871841154021,
1.53653243806492));
#108060=CARTESIAN_POINT('',(6.80223445675793,-0.749999999999984,
1.53669368016882));
#108070=CARTESIAN_POINT('',(6.73971011582531,-0.544851366781507,
1.59443948504226));
#108080=CARTESIAN_POINT('',(6.74792411688245,-0.570637021959647,
1.57390317549219));
#108090=CARTESIAN_POINT('',(6.75702437800259,-0.604576723581073,
1.5524096491288));
#108100=CARTESIAN_POINT('',(6.76418854606532,-0.643038251367607,
1.53407536041099));
#108110=CARTESIAN_POINT('',(6.76628382465903,-0.674102144485519,
1.5231261191592));
#108120=CARTESIAN_POINT('',(6.76630890009756,-0.711488539595294,
1.5183904003616));
#108130=CARTESIAN_POINT('',(6.76659939548945,-0.749999999999998,
1.51850570965296));
#108140=CARTESIAN_POINT('',(6.71443692796791,-0.539981506512782,
1.5896039978482));
#108150=CARTESIAN_POINT('',(6.71811880658594,-0.566946082473818,
1.56471169604204));
#108160=CARTESIAN_POINT('',(6.72253086439204,-0.600032157390182,
1.54190815542032));
#108170=CARTESIAN_POINT('',(6.72627700078791,-0.637196449411945,
1.52349197667644));
#108180=CARTESIAN_POINT('',(6.72780679905572,-0.672481065920748,
1.51168307328813));
#108190=CARTESIAN_POINT('',(6.72827860458847,-0.711154170150481,
1.50611719832865));
#108200=CARTESIAN_POINT('',(6.72853972669676,-0.750000000000047,
1.50616841519057));
#108210=CARTESIAN_POINT('',(6.6873128926394,-0.538040978533588,
1.58769497740685));
#108220=CARTESIAN_POINT('',(6.68772066025515,-0.565860496645032,
1.5599207524901));
#108230=CARTESIAN_POINT('',(6.68812842787093,-0.5980357466266,
1.53653243806499));
#108240=CARTESIAN_POINT('',(6.68851172942963,-0.633691368927264,
1.51839040036162));
#108250=CARTESIAN_POINT('',(6.68884609887411,-0.671721664436661,
1.50611719832848));
#108260=CARTESIAN_POINT('',(6.68910707014842,-0.7108931988764,1.5));
#108270=CARTESIAN_POINT('',(6.6892701771947,-0.75,1.5));
#108280=CARTESIAN_POINT('',(6.6500002690248,-0.537867973529645,
1.58786797352964));
#108290=CARTESIAN_POINT('',(6.65000026902487,-0.565636006554131,
1.56009994050518));
#108300=CARTESIAN_POINT('',(6.65000026902497,-0.597765812266793,
1.53669368016889));
#108310=CARTESIAN_POINT('',(6.65000026902492,-0.633400873535379,
1.51850570965299));
#108320=CARTESIAN_POINT('',(6.65000026902455,-0.671460542328368,
1.5061684151904));
#108330=CARTESIAN_POINT('',(6.65000026902482,-0.710730091830127,1.5));
#108340=CARTESIAN_POINT('',(6.65000026902482,-0.75,1.5));
#108350=B_SPLINE_SURFACE_WITH_KNOTS('',6,6,((#107860,#107930,#108000,
#108070,#108140,#108210,#108280),(#107870,#107940,#108010,#108080,
#108150,#108220,#108290),(#107880,#107950,#108020,#108090,#108160,
#108230,#108300),(#107890,#107960,#108030,#108100,#108170,#108240,
#108310),(#107900,#107970,#108040,#108110,#108180,#108250,#108320),(
#107910,#107980,#108050,#108120,#108190,#108260,#108330),(#107920,
#107990,#108060,#108130,#108200,#108270,#108340)),.UNSPECIFIED.,.F.,.F.,
.F.,(7,7),(7,7),(0.,1.),(0.,1.),.UNSPECIFIED.);
#108360=CARTESIAN_POINT('',(6.82237562784471,-0.577624641180122,
1.62607343087511));
#108370=CARTESIAN_POINT('',(6.83565074534266,-0.603754148263418,
1.61330905439237));
#108380=CARTESIAN_POINT('',(6.84692325992327,-0.632891830323303,
1.60245416796752));
#108390=CARTESIAN_POINT('',(6.85514890224329,-0.660290153199522,
1.59443948504225));
#108400=CARTESIAN_POINT('',(6.86001876251202,-0.685563341056912,
1.58960399784819));
#108410=CARTESIAN_POINT('',(6.86195929049121,-0.712687376385398,
1.58769497740685));
#108420=CARTESIAN_POINT('',(6.86213229549515,-0.749999999999998,
1.58786797352964));
#108430=B_SPLINE_CURVE_WITH_KNOTS('',6,(#108360,#108370,#108380,#108390,
#108400,#108410,#108420),.UNSPECIFIED.,.F.,.F.,(7,7),(0.,1.),
.UNSPECIFIED.);
#108440=EDGE_CURVE('',#103560,#107780,#108430,.T.);
#108450=ORIENTED_EDGE('',*,*,#108440,.T.);
#108460=ORIENTED_EDGE('',*,*,#103570,.F.);
#108470=ORIENTED_EDGE('',*,*,#94810,.T.);
#108480=ORIENTED_EDGE('',*,*,#107810,.T.);
#108490=EDGE_LOOP('',(#108480,#108470,#108460,#108450));
#108500=FACE_OUTER_BOUND('',#108490,.T.);
#108510=ADVANCED_FACE('',(#108500),#108350,.T.);
#108520=CARTESIAN_POINT('',(6.45000026902482,0.,10.3));
#108530=DIRECTION('',(0.,1.,0.));
#108540=DIRECTION('',(1.,0.,0.));
#108550=AXIS2_PLACEMENT_3D('',#108520,#108530,#108540);
#108560=CYLINDRICAL_SURFACE('',#108550,0.5);
#108570=ORIENTED_EDGE('',*,*,#70230,.F.);
#108580=ORIENTED_EDGE('',*,*,#7610,.F.);
#108590=ORIENTED_EDGE('',*,*,#107540,.F.);
#108600=ORIENTED_EDGE('',*,*,#19120,.T.);
#108610=EDGE_LOOP('',(#108600,#108590,#108580,#108570));
#108620=FACE_OUTER_BOUND('',#108610,.T.);
#108630=ADVANCED_FACE('',(#108620),#108560,.T.);
#108640=CARTESIAN_POINT('',(16.4500002690248,0.,1.8));
#108650=DIRECTION('',(0.,1.,0.));
#108660=DIRECTION('',(1.,0.,0.));
#108670=AXIS2_PLACEMENT_3D('',#108640,#108650,#108660);
#108680=CYLINDRICAL_SURFACE('',#108670,0.3);
#108690=ORIENTED_EDGE('',*,*,#85930,.T.);
#108700=ORIENTED_EDGE('',*,*,#30120,.T.);
#108710=ORIENTED_EDGE('',*,*,#10780,.T.);
#108720=ORIENTED_EDGE('',*,*,#64010,.F.);
#108730=ORIENTED_EDGE('',*,*,#97820,.F.);
#108740=EDGE_LOOP('',(#108730,#108720,#108710,#108700,#108690));
#108750=FACE_OUTER_BOUND('',#108740,.T.);
#108760=ADVANCED_FACE('',(#108750),#108680,.T.);
#108770=CARTESIAN_POINT('',(6.82237562784471,-0.577624641180122,
1.62607343087511));
#108780=CARTESIAN_POINT('',(6.83523001743004,-0.564770251594792,
1.65160218384058));
#108790=CARTESIAN_POINT('',(6.84629883299882,-0.553701436026034,
1.68024449800605));
#108800=CARTESIAN_POINT('',(6.85464282753154,-0.545357441493316,
1.7073584952766));
#108810=CARTESIAN_POINT('',(6.85986934918269,-0.540130919842162,
1.7327615105727));
#108820=CARTESIAN_POINT('',(6.86213234128068,-0.53786792774415,
1.76073009183013));
#108830=CARTESIAN_POINT('',(6.86213234232792,-0.537867926696915,1.8));
#108840=CARTESIAN_POINT('',(6.8250306513443,-0.582850542596781,
1.62352055557856));
#108850=CARTESIAN_POINT('',(6.83795004109435,-0.569763557499397,
1.6487898451043));
#108860=CARTESIAN_POINT('',(6.8500311127074,-0.5584066843132,
1.67809461722712));
#108870=CARTESIAN_POINT('',(6.8596255248462,-0.550001433469989,
1.706636658229));
#108880=CARTESIAN_POINT('',(6.86549390907518,-0.545360342499861,
1.73180507467599));
#108890=CARTESIAN_POINT('',(6.86797862971415,-0.543714216177623,
1.76073009183013));
#108900=CARTESIAN_POINT('',(6.86799016299598,-0.54372574736498,1.8));
#108910=CARTESIAN_POINT('',(6.83275540949299,-0.598889227843949,
1.61609106849586));
#108920=CARTESIAN_POINT('',(6.84619899838483,-0.585544180251791,
1.64076055008573));
#108930=CARTESIAN_POINT('',(6.86113498193647,-0.573641944771081,
1.67183407319264));
#108940=CARTESIAN_POINT('',(6.87412692298749,-0.565143960102065,
1.70420302158023));
#108950=CARTESIAN_POINT('',(6.88179310802623,-0.561962618453518,
1.72910787289304));
#108960=CARTESIAN_POINT('',(6.88493742563449,-0.561833150858109,
1.76073009183012));
#108970=CARTESIAN_POINT('',(6.88498126183245,-0.561881572536902,1.8));
#108980=CARTESIAN_POINT('',(6.84430313233588,-0.626855570809286,
1.60496596967244));
#108990=CARTESIAN_POINT('',(6.86009726254755,-0.615068239764744,
1.62945488559778));
#109000=CARTESIAN_POINT('',(6.8789065158924,-0.603815919620238,
1.66243821127287));
#109010=CARTESIAN_POINT('',(6.89588565470515,-0.595739935759364,
1.69902023949123));
#109020=CARTESIAN_POINT('',(6.90592571141703,-0.593785955259037,
1.72545899032736));
#109030=CARTESIAN_POINT('',(6.9101238240702,-0.594753807694762,
1.76073009183011));
#109040=CARTESIAN_POINT('',(6.91020724683181,-0.594872399772623,
1.79999999999999));
#109050=CARTESIAN_POINT('',(6.85310107993313,-0.654555472422019,
1.59642392511505));
#109060=CARTESIAN_POINT('',(6.87286162583006,-0.646584894927594,
1.62172847731697));
#109070=CARTESIAN_POINT('',(6.89419242224661,-0.638280931740136,
1.65518060747728));
#109080=CARTESIAN_POINT('',(6.91283509340265,-0.632009049597588,
1.69299361839363));
#109090=CARTESIAN_POINT('',(6.92429672009721,-0.630472694174584,
1.72313628370141));
#109100=CARTESIAN_POINT('',(6.92938771932069,-0.63122477396771,
1.76073009183012));
#109110=CARTESIAN_POINT('',(6.92947575669908,-0.631411405836795,
1.79999999999999));
#109120=CARTESIAN_POINT('',(6.85869327058353,-0.680730805181965,
1.59092227129733));
#109130=CARTESIAN_POINT('',(6.88262679690818,-0.67707935572884,
1.61742368098373));
#109140=CARTESIAN_POINT('',(6.90535769258252,-0.672923050195843,
1.65045661544949));
#109150=CARTESIAN_POINT('',(6.92416040393879,-0.669638643362178,
1.68766902415374));
#109160=CARTESIAN_POINT('',(6.93627561082707,-0.668806529136674,
1.72192777931609));
#109170=CARTESIAN_POINT('',(6.94199160623925,-0.669208475332697,
1.76073009183017));
#109180=CARTESIAN_POINT('',(6.9420466859612,-0.669422493023906,
1.80000000000005));
#109190=CARTESIAN_POINT('',(6.86135908213834,-0.708485199914034,
1.58832662348281));
#109200=CARTESIAN_POINT('',(6.88826284401027,-0.70789859048207,
1.61579113112842));
#109210=CARTESIAN_POINT('',(6.91158679065633,-0.707133110434101,
1.648188211865));
#109220=CARTESIAN_POINT('',(6.92999567704202,-0.706535555502475,
1.68429646203272));
#109230=CARTESIAN_POINT('',(6.94231680946649,-0.706505817582636,
1.72150315923007));
#109240=CARTESIAN_POINT('',(6.94838674999811,-0.706746318426961,
1.76073009183009));
#109250=CARTESIAN_POINT('',(6.94840154712923,-0.706910726983429,
1.79999999999996));
#109260=CARTESIAN_POINT('',(6.86206309349357,-0.735074950554158,
1.58779877508052));
#109270=CARTESIAN_POINT('',(6.88985172055289,-0.735238057600439,
1.61556928486193));
#109280=CARTESIAN_POINT('',(6.91328099125127,-0.735401164646721,
1.64771122245291));
#109290=CARTESIAN_POINT('',(6.93148685148885,-0.735554485270212,
1.683366531082));
#109300=CARTESIAN_POINT('',(6.94383186152901,-0.735688233048113,
1.72144755252556));
#109310=CARTESIAN_POINT('',(6.95000026902482,-0.73579262155776,
1.76073009183013));
#109320=CARTESIAN_POINT('',(6.95000026902482,-0.735857864376269,1.8));
#109330=CARTESIAN_POINT('',(6.86213229549515,-0.749999999999998,
1.58786797352964));
#109340=CARTESIAN_POINT('',(6.88990032851969,-0.750000000000006,
1.61563600655414));
#109350=CARTESIAN_POINT('',(6.91330658885607,-0.750000000000016,
1.64776581226682));
#109360=CARTESIAN_POINT('',(6.93149455937193,-0.750000000000011,
1.68340087353539));
#109370=CARTESIAN_POINT('',(6.94383185383416,-0.749999999999967,
1.72146054232832));
#109380=CARTESIAN_POINT('',(6.95000026902482,-0.75,1.76073009183013));
#109390=CARTESIAN_POINT('',(6.95000026902482,-0.75,1.8));
#109400=B_SPLINE_SURFACE_WITH_KNOTS('',6,6,((#108770,#108840,#108910,
#108980,#109050,#109120,#109190,#109260,#109330),(#108780,#108850,
#108920,#108990,#109060,#109130,#109200,#109270,#109340),(#108790,
#108860,#108930,#109000,#109070,#109140,#109210,#109280,#109350),(
#108800,#108870,#108940,#109010,#109080,#109150,#109220,#109290,#109360)
,(#108810,#108880,#108950,#109020,#109090,#109160,#109230,#109300,
#109370),(#108820,#108890,#108960,#109030,#109100,#109170,#109240,
#109310,#109380),(#108830,#108900,#108970,#109040,#109110,#109180,
#109250,#109320,#109390)),.UNSPECIFIED.,.F.,.F.,.F.,(7,7),(7,1,1,7),(0.,
1.),(0.,0.2,0.6,1.),.UNSPECIFIED.);
#109410=ORIENTED_EDGE('',*,*,#103670,.T.);
#109420=ORIENTED_EDGE('',*,*,#108440,.F.);
#109430=ORIENTED_EDGE('',*,*,#107790,.T.);
#109440=ORIENTED_EDGE('',*,*,#93740,.T.);
#109450=EDGE_LOOP('',(#109440,#109430,#109420,#109410));
#109460=FACE_OUTER_BOUND('',#109450,.T.);
#109470=ADVANCED_FACE('',(#109460),#109400,.T.);
#109480=CARTESIAN_POINT('',(19.9999995380496,-7.9,0.));
#109490=CARTESIAN_POINT('',(20.1757354693377,-7.9,0.));
#109500=CARTESIAN_POINT('',(20.2999995380496,-7.77573593128807,0.));
#109510=CARTESIAN_POINT('',(20.2999995380496,-7.6,0.));
#109520=(BOUNDED_CURVE() B_SPLINE_CURVE(3,(#109480,#109490,#109500,
#109510),.UNSPECIFIED.,.F.,.F.) B_SPLINE_CURVE_WITH_KNOTS((4,4),(0.,1.),
.UNSPECIFIED.) CURVE() GEOMETRIC_REPRESENTATION_ITEM() 
RATIONAL_B_SPLINE_CURVE((1.,0.804737854124363,0.804737854124363,1.)) 
REPRESENTATION_ITEM(''));
#109530=DIRECTION('',(0.,0.,1.));
#109540=VECTOR('',#109530,1.);
#109550=SURFACE_OF_LINEAR_EXTRUSION('',#109520,#109540);
#109560=CARTESIAN_POINT('',(20.2999995380496,-7.59999999840838,10.3));
#109570=CARTESIAN_POINT('',(20.2999995380496,-7.7757359306288,10.3));
#109580=CARTESIAN_POINT('',(20.1757354686784,-7.9,10.3));
#109590=CARTESIAN_POINT('',(19.999999536458,-7.9,10.3));
#109600=(BOUNDED_CURVE() B_SPLINE_CURVE(3,(#109560,#109570,#109580,
#109590),.UNSPECIFIED.,.F.,.F.) B_SPLINE_CURVE_WITH_KNOTS((4,4),(0.,1.),
.UNSPECIFIED.) CURVE() GEOMETRIC_REPRESENTATION_ITEM() 
RATIONAL_B_SPLINE_CURVE((1.,0.804737854124366,0.804737854124366,1.)) 
REPRESENTATION_ITEM(''));
#109610=EDGE_CURVE('',#65460,#17810,#109600,.T.);
#109620=ORIENTED_EDGE('',*,*,#109610,.T.);
#109630=ORIENTED_EDGE('',*,*,#85110,.T.);
#109640=ORIENTED_EDGE('',*,*,#33570,.T.);
#109650=ORIENTED_EDGE('',*,*,#85510,.F.);
#109660=EDGE_LOOP('',(#109650,#109640,#109630,#109620));
#109670=FACE_OUTER_BOUND('',#109660,.T.);
#109680=ADVANCED_FACE('',(#109670),#109550,.T.);
#109690=CARTESIAN_POINT('',(19.7999995380496,-7.4,10.8));
#109700=CARTESIAN_POINT('',(19.8205558593609,-7.40825900407717,10.8));
#109710=CARTESIAN_POINT('',(19.8411205537454,-7.4164484062783,
10.7987314196657));
#109720=CARTESIAN_POINT('',(19.8821009676384,-7.43284057183549,
10.7936476620813));
#109730=CARTESIAN_POINT('',(19.9024938699586,-7.44099773276358,
10.7898226756338));
#109740=CARTESIAN_POINT('',(19.9396549412283,-7.45586216127147,
10.7804215114118));
#109750=CARTESIAN_POINT('',(19.9564741186521,-7.46258983224206,
10.7752123146331));
#109760=CARTESIAN_POINT('',(19.9897919952037,-7.47591698286271,
10.7629237073908));
#109770=CARTESIAN_POINT('',(20.0062619409147,-7.48250496114602,
10.7558277004313));
#109780=CARTESIAN_POINT('',(20.0387354142806,-7.49549435049237,
10.7397037765821));
#109790=CARTESIAN_POINT('',(20.0547039058759,-7.50188174713613,
10.7306558270135));
#109800=CARTESIAN_POINT('',(20.0860256188978,-7.5144104323449,
10.710540198541));
#109810=CARTESIAN_POINT('',(20.101333555515,-7.52053360700055,
10.6994465431004));
#109820=CARTESIAN_POINT('',(20.1376481698327,-7.53505945272764,
10.6698264311584));
#109830=CARTESIAN_POINT('',(20.1578841149099,-7.54315383074411,
10.6503088805671));
#109840=CARTESIAN_POINT('',(20.195922628605,-7.55836923622215,
10.6067875584334));
#109850=CARTESIAN_POINT('',(20.2134912768995,-7.56539669553995,
10.582702893697));
#109860=CARTESIAN_POINT('',(20.2432113549328,-7.57728472675325,
10.5331103175586));
#109870=CARTESIAN_POINT('',(20.255595701759,-7.58223846549147,
10.5079071233216));
#109880=CARTESIAN_POINT('',(20.2764775383063,-7.59059120011041,
10.4543621979265));
#109890=CARTESIAN_POINT('',(20.2847502920386,-7.5939003016117,
10.4260498445325));
#109900=CARTESIAN_POINT('',(20.2934519191461,-7.5973809524547,
10.3820880848311));
#109910=CARTESIAN_POINT('',(20.2957346231123,-7.59829403402513,
10.3669435560754));
#109920=CARTESIAN_POINT('',(20.2976423381071,-7.59905712002304,
10.3485944983941));
#109930=CARTESIAN_POINT('',(20.2979365740217,-7.5991748143889,
10.345480566322));
#109940=CARTESIAN_POINT('',(20.2993991942037,-7.59975986246172,
10.3282794816952));
#109950=CARTESIAN_POINT('',(20.2999995380496,-7.60000001266166,
10.3141434450534));
#109960=CARTESIAN_POINT('',(20.2999995380496,-7.59999999840838,10.3));
#109970=CARTESIAN_POINT('',(19.7999995380496,-7.4,10.8));
#109980=CARTESIAN_POINT('',(19.816488050785,-7.41238940635712,
10.8000008734897));
#109990=CARTESIAN_POINT('',(19.8328648021964,-7.42464089641662,
10.7992462558462));
#110000=CARTESIAN_POINT('',(19.8659325451853,-7.44945000945005,
10.7961675341708));
#110010=CARTESIAN_POINT('',(19.8824178343788,-7.46179368487958,
10.7938577750408));
#110020=CARTESIAN_POINT('',(19.9129944037455,-7.48470787342605,
10.788050566161));
#110030=CARTESIAN_POINT('',(19.9269445113771,-7.49514445858713,
10.7848195324044));
#110040=CARTESIAN_POINT('',(19.9551574273539,-7.51627015343489,
10.7770010697471));
#110050=CARTESIAN_POINT('',(19.9692802707165,-7.526823442723,
10.7724478272455));
#110060=CARTESIAN_POINT('',(19.9978879383095,-7.54822585878517,
10.7617594927618));
#110070=CARTESIAN_POINT('',(20.0122170776264,-7.5589238346501,
10.7556758080525));
#110080=CARTESIAN_POINT('',(20.0412788346894,-7.58065476399776,
10.7415983853846));
#110090=CARTESIAN_POINT('',(20.0557696463963,-7.59145172677519,
10.7337307405339));
#110100=CARTESIAN_POINT('',(20.0919172745083,-7.61853416305646,
10.7113746272651));
#110110=CARTESIAN_POINT('',(20.1128613510533,-7.63414929356297,
10.6962334619912));
#110120=CARTESIAN_POINT('',(20.1552317785744,-7.66594051785276,
10.6592081517689));
#110130=CARTESIAN_POINT('',(20.176219599288,-7.68170646085044,
10.637423260834));
#110140=CARTESIAN_POINT('',(20.2141627225526,-7.71030969436146,
10.5885565445471));
#110150=CARTESIAN_POINT('',(20.231382563449,-7.72337496374256,
10.5616488805787));
#110160=CARTESIAN_POINT('',(20.2617175578809,-7.7464136791954,
10.5009047860136));
#110170=CARTESIAN_POINT('',(20.2749526270635,-7.75656682271388,
10.4656619694586));
#110180=CARTESIAN_POINT('',(20.2889430471378,-7.76723773355232,
10.4099827536117));
#110190=CARTESIAN_POINT('',(20.2928106725755,-7.77021966141096,
10.3897503235179));
#110200=CARTESIAN_POINT('',(20.2960071577048,-7.77266848014857,
10.3654064026666));
#110210=CARTESIAN_POINT('',(20.2965016569721,-7.77304829844469,
10.3612547347539));
#110220=CARTESIAN_POINT('',(20.2989471106219,-7.77492388245887,
10.3383393291972));
#110230=CARTESIAN_POINT('',(20.2999886509614,-7.77572574967624,
10.3197184426437));
#110240=CARTESIAN_POINT('',(20.2999995380496,-7.7757359306288,10.3));
#110250=CARTESIAN_POINT('',(19.7999995380496,-7.4,10.8));
#110260=CARTESIAN_POINT('',(19.8123889444068,-7.41648851273533,
10.8000008734897));
#110270=CARTESIAN_POINT('',(19.8246404344663,-7.43286526414674,
10.7992462558462));
#110280=CARTESIAN_POINT('',(19.8494495474997,-7.46593300713558,
10.7961675341708));
#110290=CARTESIAN_POINT('',(19.8617932229292,-7.4824182963291,
10.7938577750408));
#110300=CARTESIAN_POINT('',(19.8847074114757,-7.51299486569587,
10.788050566161));
#110310=CARTESIAN_POINT('',(19.8951439966368,-7.52694497332748,
10.7848195324044));
#110320=CARTESIAN_POINT('',(19.9162696914845,-7.55515788930429,
10.7770010697471));
#110330=CARTESIAN_POINT('',(19.9268229807726,-7.56928073266683,
10.7724478272455));
#110340=CARTESIAN_POINT('',(19.9482253968348,-7.59788840025988,
10.7617594927618));
#110350=CARTESIAN_POINT('',(19.9589233726997,-7.61221753957677,
10.7556758080525));
#110360=CARTESIAN_POINT('',(19.9806543020474,-7.6412792966398,
10.7415983853846));
#110370=CARTESIAN_POINT('',(19.9914512648249,-7.65577010834665,
10.733730740534));
#110380=CARTESIAN_POINT('',(20.0185337011061,-7.69191773645867,
10.7113746272651));
#110390=CARTESIAN_POINT('',(20.0341488316126,-7.71286181300367,
10.6962334619912));
#110400=CARTESIAN_POINT('',(20.0659400559024,-7.75523224052479,
10.6592081517689));
#110410=CARTESIAN_POINT('',(20.0817059989001,-7.7762200612384,
10.637423260834));
#110420=CARTESIAN_POINT('',(20.1103092324111,-7.81416318450293,
10.5885565445471));
#110430=CARTESIAN_POINT('',(20.1233745017922,-7.83138302539933,
10.5616488805787));
#110440=CARTESIAN_POINT('',(20.146413217245,-7.8617180198313,
10.5009047860136));
#110450=CARTESIAN_POINT('',(20.1565663607635,-7.87495308901386,
10.4656619694586));
#110460=CARTESIAN_POINT('',(20.167237271602,-7.88894350908811,
10.4099827536117));
#110470=CARTESIAN_POINT('',(20.1702191994606,-7.89281113452586,
10.3897503235179));
#110480=CARTESIAN_POINT('',(20.1726680181982,-7.89600761965514,
10.3654064026666));
#110490=CARTESIAN_POINT('',(20.1730478364943,-7.89650211892246,
10.3612547347539));
#110500=CARTESIAN_POINT('',(20.1749234205085,-7.8989475725723,
10.3383393291972));
#110510=CARTESIAN_POINT('',(20.1757252877259,-7.89998911291171,
10.3197184426437));
#110520=CARTESIAN_POINT('',(20.1757354686784,-7.9,10.3));
#110530=CARTESIAN_POINT('',(19.7999995380496,-7.4,10.8));
#110540=CARTESIAN_POINT('',(19.8082585421268,-7.4205563213112,10.8));
#110550=CARTESIAN_POINT('',(19.816447944328,-7.44112101569576,
10.7987314196657));
#110560=CARTESIAN_POINT('',(19.8328401098851,-7.48210142958872,
10.7936476620813));
#110570=CARTESIAN_POINT('',(19.8409972708132,-7.50249433190895,
10.7898226756338));
#110580=CARTESIAN_POINT('',(19.8558616993211,-7.53965540317869,
10.7804215114118));
#110590=CARTESIAN_POINT('',(19.8625893702917,-7.55647458060242,
10.7752123146331));
#110600=CARTESIAN_POINT('',(19.8759165209123,-7.58979245715406,
10.7629237073908));
#110610=CARTESIAN_POINT('',(19.8825044991957,-7.60626240286505,
10.7558277004313));
#110620=CARTESIAN_POINT('',(19.895493888542,-7.63873587623093,
10.7397037765821));
#110630=CARTESIAN_POINT('',(19.9018812851858,-7.65470436782627,
10.7306558270135));
#110640=CARTESIAN_POINT('',(19.9144099703945,-7.68602608084818,
10.710540198541));
#110650=CARTESIAN_POINT('',(19.9205331450502,-7.70133401746533,
10.6994465431004));
#110660=CARTESIAN_POINT('',(19.9350589907773,-7.73764863178306,
10.6698264311584));
#110670=CARTESIAN_POINT('',(19.9431533687938,-7.75788457686029,
10.6503088805671));
#110680=CARTESIAN_POINT('',(19.9583687742718,-7.79592309055539,
10.6067875584334));
#110690=CARTESIAN_POINT('',(19.9653962335896,-7.81349173884988,
10.582702893697));
#110700=CARTESIAN_POINT('',(19.9772842648029,-7.84321181688314,
10.5331103175586));
#110710=CARTESIAN_POINT('',(19.9822380035411,-7.85559616370935,
10.5079071233216));
#110720=CARTESIAN_POINT('',(19.9905907381601,-7.87647800025671,
10.4543621979265));
#110730=CARTESIAN_POINT('',(19.9938998396613,-7.884750753989,
10.4260498445325));
#110740=CARTESIAN_POINT('',(19.9973804905043,-7.8934523810965,
10.3820880848311));
#110750=CARTESIAN_POINT('',(19.9982935720748,-7.89573508506269,
10.3669435560754));
#110760=CARTESIAN_POINT('',(19.9990566580727,-7.89764280005746,
10.3485944983941));
#110770=CARTESIAN_POINT('',(19.9991743524385,-7.89793703597209,
10.345480566322));
#110780=CARTESIAN_POINT('',(19.9997594005114,-7.89939965615403,
10.3282794816952));
#110790=CARTESIAN_POINT('',(19.9999995507113,-7.9,10.3141434450534));
#110800=CARTESIAN_POINT('',(19.999999536458,-7.9,10.3));
#110810=(BOUNDED_SURFACE() B_SPLINE_SURFACE(3,3,((#109690,#109970,
#110250,#110530),(#109700,#109980,#110260,#110540),(#109710,#109990,
#110270,#110550),(#109720,#110000,#110280,#110560),(#109730,#110010,
#110290,#110570),(#109740,#110020,#110300,#110580),(#109750,#110030,
#110310,#110590),(#109760,#110040,#110320,#110600),(#109770,#110050,
#110330,#110610),(#109780,#110060,#110340,#110620),(#109790,#110070,
#110350,#110630),(#109800,#110080,#110360,#110640),(#109810,#110090,
#110370,#110650),(#109820,#110100,#110380,#110660),(#109830,#110110,
#110390,#110670),(#109840,#110120,#110400,#110680),(#109850,#110130,
#110410,#110690),(#109860,#110140,#110420,#110700),(#109870,#110150,
#110430,#110710),(#109880,#110160,#110440,#110720),(#109890,#110170,
#110450,#110730),(#109900,#110180,#110460,#110740),(#109910,#110190,
#110470,#110750),(#109920,#110200,#110480,#110760),(#109930,#110210,
#110490,#110770),(#109940,#110220,#110500,#110780),(#109950,#110230,
#110510,#110790),(#109960,#110240,#110520,#110800)),.UNSPECIFIED.,.F.,
.F.,.F.) B_SPLINE_SURFACE_WITH_KNOTS((4,2,2,2,2,2,2,2,2,2,2,2,2,4),(4,4)
,(0.,0.0664420136006185,0.13325067897584,0.189747201541122,
0.247010242702849,0.305253781512476,0.364807941420132,0.452400141267899,
0.544071057883719,0.629428686133675,0.718252776913492,0.764240636602447,
0.773628810866574,0.81605601758588),(0.,1.),.UNSPECIFIED.) 
GEOMETRIC_REPRESENTATION_ITEM() RATIONAL_B_SPLINE_SURFACE(((1.,1.,1.,1.)
,(1.,0.999985931618703,0.999985931618703,1.),(1.,0.999141840440761,
0.999141840440761,1.),(1.,0.99576606512756,0.99576606512756,1.),(1.,
0.993231202632511,0.993231202632511,1.),(1.,0.987065339519058,
0.987065339519058,1.),(1.,0.983665130153496,0.983665130153496,1.),(1.,
0.975736553588097,0.975736553588097,1.),(1.,0.971199660002798,
0.971199660002798,1.),(1.,0.96105610642285,0.96105610642285,1.),(1.,
0.955440327251709,0.955440327251709,1.),(1.,0.943217743526661,
0.943217743526661,1.),(1.,0.936612158044711,0.936612158044711,1.),(1.,
0.919464366984348,0.919464366984348,1.),(1.,0.908616291826095,
0.908616291826095,1.),(1.,0.886091859296635,0.886091859296635,1.),(1.,
0.874410491673683,0.874410491673683,1.),(1.,0.853077793000465,
0.853077793000465,1.),(1.,0.843345948602797,0.843345948602797,1.),(1.,
0.826188845913516,0.826188845913516,1.),(1.,0.818833427443888,
0.818833427443888,1.),(1.,0.810869814387879,0.810869814387879,1.),(1.,
0.808752520089387,0.808752520089387,1.),(1.,0.806950029191504,
0.806950029191504,1.),(1.,0.806677198433153,0.806677198433153,1.),(1.,
0.805325936801672,0.805325936801672,1.),(1.,0.804743058065148,
0.804743058065148,1.),(1.,0.804737854124362,0.804737854124362,1.))) 
REPRESENTATION_ITEM('') SURFACE());
#110820=ORIENTED_EDGE('',*,*,#109610,.F.);
#110830=ORIENTED_EDGE('',*,*,#17820,.T.);
#110840=ORIENTED_EDGE('',*,*,#65780,.F.);
#110850=EDGE_LOOP('',(#110840,#110830,#110820));
#110860=FACE_OUTER_BOUND('',#110850,.T.);
#110870=ADVANCED_FACE('',(#110860),#110810,.F.);
#110880=CARTESIAN_POINT('',(18.7999995380496,-7.9,0.));
#110890=CARTESIAN_POINT('',(18.6242636067616,-7.9,0.));
#110900=CARTESIAN_POINT('',(18.4999995380496,-7.77573593128807,0.));
#110910=CARTESIAN_POINT('',(18.4999995380496,-7.6,0.));
#110920=(BOUNDED_CURVE() B_SPLINE_CURVE(3,(#110880,#110890,#110900,
#110910),.UNSPECIFIED.,.F.,.F.) B_SPLINE_CURVE_WITH_KNOTS((4,4),(0.,1.),
.UNSPECIFIED.) CURVE() GEOMETRIC_REPRESENTATION_ITEM() 
RATIONAL_B_SPLINE_CURVE((1.,0.804737854124363,0.804737854124363,1.)) 
REPRESENTATION_ITEM(''));
#110930=DIRECTION('',(0.,0.,1.));
#110940=VECTOR('',#110930,1.);
#110950=SURFACE_OF_LINEAR_EXTRUSION('',#110920,#110940);
#110960=ORIENTED_EDGE('',*,*,#33400,.F.);
#110970=ORIENTED_EDGE('',*,*,#84520,.F.);
#110980=CARTESIAN_POINT('',(18.7999995396413,-7.9,10.3));
#110990=CARTESIAN_POINT('',(18.6242636074208,-7.9,10.3));
#111000=CARTESIAN_POINT('',(18.4999995380496,-7.7757359306288,10.3));
#111010=CARTESIAN_POINT('',(18.4999995380496,-7.59999999840838,10.3));
#111020=(BOUNDED_CURVE() B_SPLINE_CURVE(3,(#110980,#110990,#111000,
#111010),.UNSPECIFIED.,.F.,.F.) B_SPLINE_CURVE_WITH_KNOTS((4,4),(0.,1.),
.UNSPECIFIED.) CURVE() GEOMETRIC_REPRESENTATION_ITEM() 
RATIONAL_B_SPLINE_CURVE((1.,0.804737854124366,0.804737854124366,1.)) 
REPRESENTATION_ITEM(''));
#111030=EDGE_CURVE('',#17890,#84510,#111020,.T.);
#111040=ORIENTED_EDGE('',*,*,#111030,.T.);
#111050=ORIENTED_EDGE('',*,*,#85580,.T.);
#111060=EDGE_LOOP('',(#111050,#111040,#110970,#110960));
#111070=FACE_OUTER_BOUND('',#111060,.T.);
#111080=ADVANCED_FACE('',(#111070),#110950,.F.);
#111090=CARTESIAN_POINT('',(18.9999995380496,-7.4,10.8));
#111100=CARTESIAN_POINT('',(18.9917405339729,-7.4205563213101,10.8));
#111110=CARTESIAN_POINT('',(18.9835511317722,-7.4411210156936,
10.7987314196658));
#111120=CARTESIAN_POINT('',(18.9671589662159,-7.48210142958432,
10.793647662082));
#111130=CARTESIAN_POINT('',(18.9590018052883,-7.50249433190341,
10.7898226756349));
#111140=CARTESIAN_POINT('',(18.9441373767807,-7.53965540317229,
10.7804215114137));
#111150=CARTESIAN_POINT('',(18.9374097058101,-7.55647458059623,
10.7752123146351));
#111160=CARTESIAN_POINT('',(18.9240825551892,-7.5897924571483,
10.7629237073931));
#111170=CARTESIAN_POINT('',(18.9174945769058,-7.60626240285951,
10.7558277004339));
#111180=CARTESIAN_POINT('',(18.9045051875593,-7.63873587622582,
10.7397037765849));
#111190=CARTESIAN_POINT('',(18.8981177909155,-7.65470436782137,
10.7306558270164));
#111200=CARTESIAN_POINT('',(18.8855891057065,-7.68602608084374,
10.7105401985441));
#111210=CARTESIAN_POINT('',(18.8794659310508,-7.70133401746113,
10.6994465431036));
#111220=CARTESIAN_POINT('',(18.8649400853235,-7.73764863177929,
10.6698264311619));
#111230=CARTESIAN_POINT('',(18.8568457073069,-7.75788457685674,
10.6503088805707));
#111240=CARTESIAN_POINT('',(18.8416303018287,-7.79592309055232,
10.6067875584373));
#111250=CARTESIAN_POINT('',(18.8346028425108,-7.81349173884706,
10.5827028937012));
#111260=CARTESIAN_POINT('',(18.8227148112972,-7.84321181688122,
10.5331103175623));
#111270=CARTESIAN_POINT('',(18.8177610725587,-7.85559616370798,
10.5079071233247));
#111280=CARTESIAN_POINT('',(18.8094083379394,-7.87647800025621,
10.4543621979282));
#111290=CARTESIAN_POINT('',(18.806099236438,-7.88475075398883,
10.4260498445334));
#111300=CARTESIAN_POINT('',(18.8026185855949,-7.8934523810965,
10.3820880848311));
#111310=CARTESIAN_POINT('',(18.8017055040245,-7.89573508506268,
10.3669435560754));
#111320=CARTESIAN_POINT('',(18.8009424180266,-7.89764280005745,
10.3485944983942));
#111330=CARTESIAN_POINT('',(18.8008247236608,-7.89793703597208,
10.345480566322));
#111340=CARTESIAN_POINT('',(18.8002396755879,-7.89939965615403,
10.3282794816952));
#111350=CARTESIAN_POINT('',(18.799999525388,-7.9,10.3141434450534));
#111360=CARTESIAN_POINT('',(18.7999995396413,-7.9,10.3));
#111370=CARTESIAN_POINT('',(18.9999995380496,-7.4,10.8));
#111380=CARTESIAN_POINT('',(18.9876101316932,-7.41648851273445,
10.8000008734897));
#111390=CARTESIAN_POINT('',(18.9753586416344,-7.43286526414501,
10.7992462558463));
#111400=CARTESIAN_POINT('',(18.9505495286023,-7.46593300713202,
10.7961675341713));
#111410=CARTESIAN_POINT('',(18.9382058531734,-7.4824182963246,
10.7938577750415));
#111420=CARTESIAN_POINT('',(18.9152916646275,-7.51299486569056,
10.7880505661622));
#111430=CARTESIAN_POINT('',(18.9048550794664,-7.52694497332231,
10.7848195324056));
#111440=CARTESIAN_POINT('',(18.8837293846185,-7.55515788929936,
10.7770010697486));
#111450=CARTESIAN_POINT('',(18.8731760953302,-7.56928073266202,
10.7724478272471));
#111460=CARTESIAN_POINT('',(18.8517736792679,-7.59788840025531,
10.7617594927637));
#111470=CARTESIAN_POINT('',(18.8410757034029,-7.61221753957233,
10.7556758080545));
#111480=CARTESIAN_POINT('',(18.819344774055,-7.64127929663561,
10.7415983853868));
#111490=CARTESIAN_POINT('',(18.8085478112775,-7.65577010834259,
10.7337307405363));
#111500=CARTESIAN_POINT('',(18.7814653749961,-7.69191773645481,
10.7113746272678));
#111510=CARTESIAN_POINT('',(18.7658502444895,-7.71286181299988,
10.6962334619941));
#111520=CARTESIAN_POINT('',(18.7340590201996,-7.75523224052122,
10.6592081517724));
#111530=CARTESIAN_POINT('',(18.7182930772018,-7.77622006123494,
10.6374232608378));
#111540=CARTESIAN_POINT('',(18.6896898436901,-7.81416318450035,
10.588556544551));
#111550=CARTESIAN_POINT('',(18.6766245743086,-7.83138302539739,
10.5616488805821));
#111560=CARTESIAN_POINT('',(18.6535858588549,-7.86171801983052,
10.5009047860157));
#111570=CARTESIAN_POINT('',(18.643432715336,-7.87495308901358,
10.4656619694597));
#111580=CARTESIAN_POINT('',(18.6327618044973,-7.88894350908809,
10.4099827536117));
#111590=CARTESIAN_POINT('',(18.6297798766387,-7.89281113452585,
10.389750323518));
#111600=CARTESIAN_POINT('',(18.6273310579011,-7.89600761965513,
10.3654064026666));
#111610=CARTESIAN_POINT('',(18.626951239605,-7.89650211892246,
10.361254734754));
#111620=CARTESIAN_POINT('',(18.6250756555908,-7.8989475725723,
10.3383393291972));
#111630=CARTESIAN_POINT('',(18.6242737883734,-7.89998911291172,
10.3197184426437));
#111640=CARTESIAN_POINT('',(18.6242636074208,-7.9,10.3));
#111650=CARTESIAN_POINT('',(18.9999995380496,-7.4,10.8));
#111660=CARTESIAN_POINT('',(18.9835110253152,-7.41238940635645,
10.8000008734897));
#111670=CARTESIAN_POINT('',(18.9671342739047,-7.42464089641533,
10.7992462558463));
#111680=CARTESIAN_POINT('',(18.9340665309177,-7.44945000944738,
10.7961675341713));
#111690=CARTESIAN_POINT('',(18.917581241725,-7.4617936848762,
10.7938577750415));
#111700=CARTESIAN_POINT('',(18.8870046723591,-7.48470787342209,
10.7880505661622));
#111710=CARTESIAN_POINT('',(18.8730545647274,-7.49514445858325,
10.7848195324056));
#111720=CARTESIAN_POINT('',(18.8448416487503,-7.5162701534312,
10.7770010697486));
#111730=CARTESIAN_POINT('',(18.8307188053876,-7.5268234427194,
10.7724478272471));
#111740=CARTESIAN_POINT('',(18.8021111377943,-7.54822585878176,
10.7617594927637));
#111750=CARTESIAN_POINT('',(18.7877819984773,-7.55892383464678,
10.7556758080545));
#111760=CARTESIAN_POINT('',(18.758720241414,-7.58065476399463,
10.7415983853868));
#111770=CARTESIAN_POINT('',(18.744229429707,-7.59145172677216,
10.7337307405363));
#111780=CARTESIAN_POINT('',(18.7080818015948,-7.61853416305357,
10.7113746272678));
#111790=CARTESIAN_POINT('',(18.6871377250498,-7.63414929356014,
10.6962334619941));
#111800=CARTESIAN_POINT('',(18.6447672975284,-7.66594051785006,
10.6592081517724));
#111810=CARTESIAN_POINT('',(18.6237794768147,-7.68170646084784,
10.6374232608378));
#111820=CARTESIAN_POINT('',(18.5858363535493,-7.71030969435951,
10.588556544551));
#111830=CARTESIAN_POINT('',(18.5686165126523,-7.72337496374109,
10.5616488805822));
#111840=CARTESIAN_POINT('',(18.5382815182191,-7.7464136791948,
10.5009047860157));
#111850=CARTESIAN_POINT('',(18.5250464490361,-7.75656682271368,
10.4656619694597));
#111860=CARTESIAN_POINT('',(18.5110560289615,-7.7672377335523,
10.4099827536117));
#111870=CARTESIAN_POINT('',(18.5071884035238,-7.77021966141096,
10.389750323518));
#111880=CARTESIAN_POINT('',(18.5039919183945,-7.77266848014856,
10.3654064026666));
#111890=CARTESIAN_POINT('',(18.5034974191272,-7.77304829844468,
10.361254734754));
#111900=CARTESIAN_POINT('',(18.5010519654773,-7.77492388245887,
10.3383393291972));
#111910=CARTESIAN_POINT('',(18.5000104251379,-7.77572574967624,
10.3197184426437));
#111920=CARTESIAN_POINT('',(18.4999995380496,-7.7757359306288,10.3));
#111930=CARTESIAN_POINT('',(18.9999995380496,-7.4,10.8));
#111940=CARTESIAN_POINT('',(18.9794432167396,-7.40825900407671,10.8));
#111950=CARTESIAN_POINT('',(18.9588785223561,-7.41644840627745,
10.7987314196658));
#111960=CARTESIAN_POINT('',(18.9178981084654,-7.43284057183372,
10.793647662082));
#111970=CARTESIAN_POINT('',(18.8975052061462,-7.44099773276136,
10.7898226756349));
#111980=CARTESIAN_POINT('',(18.8603441348773,-7.45586216126892,
10.7804215114137));
#111990=CARTESIAN_POINT('',(18.8435249574534,-7.46258983223958,
10.7752123146351));
#112000=CARTESIAN_POINT('',(18.8102070809014,-7.4759169828604,
10.7629237073931));
#112010=CARTESIAN_POINT('',(18.7937371351901,-7.4825049611438,
10.7558277004339));
#112020=CARTESIAN_POINT('',(18.7612636618238,-7.49549435049033,
10.7397037765849));
#112030=CARTESIAN_POINT('',(18.7452951702283,-7.50188174713417,
10.7306558270164));
#112040=CARTESIAN_POINT('',(18.7139734572059,-7.51441043234312,
10.7105401985441));
#112050=CARTESIAN_POINT('',(18.6986655205885,-7.52053360699887,
10.6994465431036));
#112060=CARTESIAN_POINT('',(18.6623509062704,-7.53505945272614,
10.6698264311619));
#112070=CARTESIAN_POINT('',(18.6421149611929,-7.54315383074269,
10.6503088805707));
#112080=CARTESIAN_POINT('',(18.6040764474973,-7.55836923622093,
10.6067875584373));
#112090=CARTESIAN_POINT('',(18.5865077992026,-7.56539669553883,
10.5827028937011));
#112100=CARTESIAN_POINT('',(18.5567877211684,-7.57728472675249,
10.5331103175623));
#112110=CARTESIAN_POINT('',(18.5444033743417,-7.58223846549092,
10.5079071233247));
#112120=CARTESIAN_POINT('',(18.5235215377934,-7.59059120011021,
10.4543621979282));
#112130=CARTESIAN_POINT('',(18.5152487840608,-7.59390030161163,
10.4260498445334));
#112140=CARTESIAN_POINT('',(18.5065471569532,-7.5973809524547,
10.3820880848311));
#112150=CARTESIAN_POINT('',(18.504264452987,-7.59829403402513,
10.3669435560754));
#112160=CARTESIAN_POINT('',(18.5023567379922,-7.59905712002304,
10.3485944983942));
#112170=CARTESIAN_POINT('',(18.5020625020776,-7.5991748143889,
10.345480566322));
#112180=CARTESIAN_POINT('',(18.5005998818956,-7.59975986246172,
10.3282794816952));
#112190=CARTESIAN_POINT('',(18.4999995380496,-7.60000001266166,
10.3141434450534));
#112200=CARTESIAN_POINT('',(18.4999995380496,-7.59999999840838,10.3));
#112210=(BOUNDED_SURFACE() B_SPLINE_SURFACE(3,3,((#111090,#111370,
#111650,#111930),(#111100,#111380,#111660,#111940),(#111110,#111390,
#111670,#111950),(#111120,#111400,#111680,#111960),(#111130,#111410,
#111690,#111970),(#111140,#111420,#111700,#111980),(#111150,#111430,
#111710,#111990),(#111160,#111440,#111720,#112000),(#111170,#111450,
#111730,#112010),(#111180,#111460,#111740,#112020),(#111190,#111470,
#111750,#112030),(#111200,#111480,#111760,#112040),(#111210,#111490,
#111770,#112050),(#111220,#111500,#111780,#112060),(#111230,#111510,
#111790,#112070),(#111240,#111520,#111800,#112080),(#111250,#111530,
#111810,#112090),(#111260,#111540,#111820,#112100),(#111270,#111550,
#111830,#112110),(#111280,#111560,#111840,#112120),(#111290,#111570,
#111850,#112130),(#111300,#111580,#111860,#112140),(#111310,#111590,
#111870,#112150),(#111320,#111600,#111880,#112160),(#111330,#111610,
#111890,#112170),(#111340,#111620,#111900,#112180),(#111350,#111630,
#111910,#112190),(#111360,#111640,#111920,#112200)),.UNSPECIFIED.,.F.,
.F.,.F.) B_SPLINE_SURFACE_WITH_KNOTS((4,2,2,2,2,2,2,2,2,2,2,2,2,4),(4,4)
,(0.,0.0664420135970128,0.133250678968547,0.18974720153433,
0.247010242696557,0.305253781506693,0.36480794141486,0.452400141262852,
0.544071057878883,0.629428686131319,0.718252776913822,0.764240636602711,
0.773628810866945,0.816056017586277),(0.,1.),.UNSPECIFIED.) 
GEOMETRIC_REPRESENTATION_ITEM() RATIONAL_B_SPLINE_SURFACE(((1.,1.,1.,1.)
,(1.,0.999985931618706,0.999985931618706,1.),(1.,0.999141840440856,
0.999141840440856,1.),(1.,0.995766065128021,0.995766065128021,1.),(1.,
0.993231202633247,0.993231202633247,1.),(1.,0.987065339520278,
0.987065339520278,1.),(1.,0.983665130154824,0.983665130154824,1.),(1.,
0.975736553589616,0.975736553589616,1.),(1.,0.971199660004396,
0.971199660004396,1.),(1.,0.961056106424581,0.961056106424581,1.),(1.,
0.955440327253495,0.955440327253495,1.),(1.,0.943217743528517,
0.943217743528517,1.),(1.,0.936612158046584,0.936612158046584,1.),(1.,
0.919464366986287,0.919464366986287,1.),(1.,0.908616291828064,
0.908616291828064,1.),(1.,0.886091859298595,0.886091859298595,1.),(1.,
0.874410491675602,0.874410491675602,1.),(1.,0.853077793001937,
0.853077793001937,1.),(1.,0.84334594860389,0.84334594860389,1.),(1.,
0.826188845913963,0.826188845913963,1.),(1.,0.818833427444055,
0.818833427444055,1.),(1.,0.810869814387892,0.810869814387892,1.),(1.,
0.808752520089394,0.808752520089394,1.),(1.,0.806950029191507,
0.806950029191507,1.),(1.,0.806677198433151,0.806677198433151,1.),(1.,
0.805325936801679,0.805325936801679,1.),(1.,0.804743058065147,
0.804743058065147,1.),(1.,0.804737854124366,0.804737854124366,1.))) 
REPRESENTATION_ITEM('') SURFACE());
#112220=ORIENTED_EDGE('',*,*,#111030,.F.);
#112230=ORIENTED_EDGE('',*,*,#102770,.T.);
#112240=ORIENTED_EDGE('',*,*,#18210,.F.);
#112250=EDGE_LOOP('',(#112240,#112230,#112220));
#112260=FACE_OUTER_BOUND('',#112250,.T.);
#112270=ADVANCED_FACE('',(#112260),#112210,.F.);
#112280=CLOSED_SHELL('',(#570,#970,#1520,#1830,#2080,#2320,#2720,#3030,
#3660,#3970,#4390,#5110,#5600,#8530,#9010,#9340,#9970,#10330,#10820,
#11360,#11760,#12670,#13070,#13470,#13870,#14270,#14670,#15070,#15400,
#15800,#16180,#16490,#16730,#17130,#17440,#18250,#19160,#20070,#20360,
#20670,#21070,#21290,#21460,#21700,#21870,#22110,#22350,#22590,#22760,
#23160,#23450,#24040,#24280,#24520,#25260,#25500,#25710,#25830,#26090,
#26580,#27170,#27390,#27790,#28470,#28780,#28930,#29120,#30480,#30630,
#30780,#30860,#31260,#31520,#31760,#32000,#32360,#32670,#32840,#33080,
#33250,#34150,#34460,#34590,#34900,#35300,#35420,#36070,#36880,#37190,
#37500,#37980,#38150,#38330,#41640,#41880,#42120,#42450,#42780,#43000,
#43310,#43670,#43910,#44180,#44750,#45040,#45210,#45330,#45500,#45630,
#46030,#46160,#46490,#46760,#46880,#47020,#47260,#47590,#47970,#48210,
#48450,#48670,#48790,#48960,#49150,#49510,#49750,#49920,#50110,#50370,
#50540,#50940,#51250,#51560,#51870,#52040,#52210,#52380,#52620,#52790,
#52980,#53330,#53570,#53970,#54280,#54660,#54970,#55140,#55310,#55480,
#55660,#55830,#56110,#56470,#56780,#57090,#57380,#57550,#57670,#57890,
#58060,#58460,#58800,#58950,#59260,#59500,#59650,#59940,#60010,#60180,
#60300,#60540,#60740,#60930,#61150,#61490,#61740,#62090,#62650,#62960,
#63150,#64160,#64640,#64770,#65250,#65820,#66290,#66690,#66910,#67130,
#67460,#67770,#68010,#68250,#68560,#69520,#69770,#70040,#70280,#70460,
#70790,#70960,#71180,#71440,#71700,#71820,#72130,#72440,#72730,#72970,
#73140,#73310,#73430,#73620,#73890,#74110,#74510,#74730,#74900,#75140,
#75310,#75460,#75630,#76030,#76210,#76430,#76670,#76910,#77150,#77320,
#77520,#77640,#77950,#78020,#78090,#78330,#78570,#78740,#78860,#78940,
#79060,#79420,#79540,#79850,#80090,#80330,#80500,#80670,#82400,#82570,
#82750,#82970,#83460,#83640,#83820,#83940,#84110,#84180,#84400,#84640,
#84810,#85160,#85400,#85620,#85790,#86540,#86610,#87120,#87290,#87410,
#87530,#87650,#88330,#88690,#88860,#88930,#89100,#89170,#89410,#89720,
#89890,#90010,#90250,#90420,#90540,#90850,#91020,#91190,#91310,#93780,
#93900,#94080,#94260,#94430,#94550,#94870,#95100,#95340,#95460,#96710,
#97130,#97860,#97980,#98700,#98880,#99000,#99120,#99240,#99360,#99480,
#99600,#99810,#101060,#102250,#102400,#102820,#103730,#105980,#106100,
#107590,#107850,#108510,#108630,#108760,#109470,#109680,#110870,#111080,
#112270));
#112290=MANIFOLD_SOLID_BREP('',#112280);
#112300=CARTESIAN_POINT('',(0.,0.,0.));
#112310=DIRECTION('',(0.,0.,1.));
#112320=DIRECTION('',(1.,0.,0.));
#112330=AXIS2_PLACEMENT_3D('',#112300,#112310,#112320);
#112340=APPLICATION_CONTEXT(' ');
#112350=APPLICATION_PROTOCOL_DEFINITION(' ','automotive_design',1998,
#112340);
#112360=PRODUCT_CONTEXT('',#112340,'mechanical');
#112370=PRODUCT_DEFINITION_CONTEXT('part definition',#112340,'design');
#112380=PRODUCT('DF1EC-6P-2.5DSA','DF1EC-6P-2.5DSA','',(#112360));
#112390=PRODUCT_RELATED_PRODUCT_CATEGORY('part',' ',(#112380));
#112400=PRODUCT_DEFINITION_FORMATION_WITH_SPECIFIED_SOURCE('','',#112380
,.BOUGHT.);
#112410=PRODUCT_DEFINITION('',' ',#112400,#112370);
#112420=PRODUCT_DEFINITION_SHAPE('','',#112410);
#112430=DIMENSIONAL_EXPONENTS(1.,0.,0.,0.,0.,0.,0.);
#112440=DIMENSIONAL_EXPONENTS(0.,0.,0.,0.,0.,0.,0.);
#112450=DIMENSIONAL_EXPONENTS(0.,0.,0.,0.,0.,0.,0.);
#112460=(LENGTH_UNIT() NAMED_UNIT(*) SI_UNIT(.MILLI.,.METRE.));
#112470=(NAMED_UNIT(*) PLANE_ANGLE_UNIT() SI_UNIT($,.RADIAN.));
#112480=(NAMED_UNIT(*) SI_UNIT($,.STERADIAN.) SOLID_ANGLE_UNIT());
#112490=(GEOMETRIC_REPRESENTATION_CONTEXT(3) 
GLOBAL_UNCERTAINTY_ASSIGNED_CONTEXT((#112500)) 
GLOBAL_UNIT_ASSIGNED_CONTEXT((#112460,#112470,#112480)) 
REPRESENTATION_CONTEXT('',''));
#112500=UNCERTAINTY_MEASURE_WITH_UNIT(LENGTH_MEASURE(1.E-6),#112460,
'distance_accuracy_value','maximum gap value');
#112510=ADVANCED_BREP_SHAPE_REPRESENTATION('',(#112330,#112290),#112490)
;
#112520=SHAPE_DEFINITION_REPRESENTATION(#112420,#112510);
#112530=COLOUR_RGB('',0.600000023841858,0.600000023841858,
0.600000023841858);
#112540=FILL_AREA_STYLE_COLOUR('',#112530);
#112550=FILL_AREA_STYLE('',(#112540));
#112560=SURFACE_STYLE_FILL_AREA(#112550);
#112570=SURFACE_SIDE_STYLE('',(#112560));
#112580=SURFACE_STYLE_USAGE(.BOTH.,#112570);
#112590=PRESENTATION_STYLE_ASSIGNMENT((#112580));
#112600=STYLED_ITEM('',(#112590),#112290);
#112610=DRAUGHTING_MODEL('',(#112600),#112490);
ENDSEC;
END-ISO-10303-21;
